index,ACCURACY,RUNTIME,transformed_accuracy,transformed_runtime,is_pareto,pareto_layer,recent_samples_size,significance,gamma,max_node_size,max_tree_depth,max_time_stationary
0,0.71,26,0.0,0.9940246976412845,0,2,3515,0.001,0.999,1,5000,1
1,0.71,31,0.0,0.9671251403356768,0,6,3062,0.999,0.999,1,464,5000
2,0.74,1000,0.23076923076923098,0.42200325312538456,0,58,2055,0.09,0.699,2014,3308,3902
3,0.74,612,0.23076923076923098,0.49964506877586057,0,33,61,0.083,0.701,2961,2399,1296
4,0.75,1408,0.30769230769230793,0.36787439794601795,0,50,253,0.987,0.167,3553,4009,3778
5,0.83,238,0.923076923076923,0.648773225904719,0,16,1,0.567,0.238,3955,1556,4477
6,0.74,650,0.23076923076923098,0.49012255467855836,0,36,74,0.576,0.189,3289,4049,4529
7,0.74,372,0.23076923076923098,0.5782996486705865,0,24,26,0.647,0.999,2095,1,3253
8,0.75,2296,0.30769230769230793,0.2904963787706841,0,97,2301,0.985,0.439,3389,603,1396
9,0.76,3852,0.38461538461538497,0.20860217679230053,0,45,518,0.999,0.67,2710,576,761
10,0.75,4744,0.30769230769230793,0.17563232083610292,0,207,2670,0.822,0.532,4214,2025,1285
11,0.82,181,0.846153846153846,0.6919104277847488,0,4,1,0.573,0.195,2777,1380,4483
12,0.75,5849,0.30769230769230793,0.14248658562159633,0,233,798,0.808,0.422,3464,453,366
13,0.76,4700,0.38461538461538497,0.17710732106589455,0,78,653,0.831,0.898,3108,554,1738
14,0.76,3541,0.38461538461538497,0.2219270369111731,0,38,2621,0.475,0.71,2447,647,546
15,0.76,6073,0.38461538461538497,0.1365373474197369,0,129,1081,0.034,0.831,760,4347,4414
16,0.76,3362,0.38461538461538497,0.23013756085895987,0,36,2430,0.656,0.961,3877,1084,4980
17,0.75,1230,0.30769230769230793,0.38925695759355206,0,41,2210,0.86,0.435,300,187,717
18,0.76,5551,0.38461538461538497,0.1507644509008741,0,112,2987,0.932,0.545,4720,3718,4697
19,0.76,5314,0.38461538461538497,0.1576714875530102,0,104,812,0.624,0.916,3321,1286,204
20,0.75,5188,0.30769230769230793,0.16147006403659436,0,218,2724,0.052,0.176,3524,624,3784
21,0.75,2792,0.30769230769230793,0.2595415474864131,0,120,325,0.965,0.083,4108,4286,2258
22,0.75,5722,0.30769230769230793,0.1459616224665503,0,230,2795,0.335,0.894,886,1230,2078
23,0.75,815,0.30769230769230793,0.454355802370878,0,32,66,0.417,0.41,3749,3908,4831
24,0.75,4228,0.30769230769230793,0.1938598228391024,0,193,490,0.681,0.576,4525,876,4111
25,0.74,1409,0.23076923076923098,0.3677620696543513,0,78,334,0.033,0.07,689,3028,2344
26,0.71,26,0.0,0.9940246976412845,0,2,3129,0.001,0.999,1,5000,5000
27,0.71,26,0.0,0.9940246976412845,0,2,3485,0.001,0.001,1,5000,1
28,0.75,5801,0.30769230769230793,0.14379103559953899,0,231,1022,0.001,0.207,5000,1771,5000
29,0.71,27,0.0,0.988266727808751,0,3,5000,0.999,0.722,1,554,3092
30,0.75,1453,0.30769230769230793,0.3628968993615669,0,51,228,0.629,0.358,658,3276,3457
31,0.71,27,0.0,0.988266727808751,0,3,587,0.999,0.999,1,5000,1
32,0.71,29,0.0,0.9773433127309089,0,5,1895,0.001,0.001,1,4660,2614
33,0.71,26,0.0,0.9940246976412845,0,2,4850,0.001,0.999,1,487,1
34,0.71,27,0.0,0.988266727808751,0,3,4518,0.999,0.001,1,1,1489
35,0.71,27,0.0,0.988266727808751,0,3,4229,0.001,0.999,1,5000,1
36,0.71,26,0.0,0.9940246976412845,0,2,4883,0.414,0.999,1,2937,5000
37,0.71,26,0.0,0.9940246976412845,0,2,3614,0.918,0.672,1,1662,1
38,0.71,26,0.0,0.9940246976412845,0,2,4712,0.496,0.001,1,1,4606
39,0.71,28,0.0,0.9827108342263204,0,4,4408,0.999,0.077,1,493,2881
40,0.75,6103,0.30769230769230793,0.1357572831690912,0,241,1911,0.001,0.001,457,1,1
41,0.83,205,0.923076923076923,0.6722985789797338,0,10,1,0.999,0.999,5000,1,1388
42,0.8,162,0.6923076923076928,0.7093669756656374,0,3,1,0.001,0.001,5000,1086,5000
43,0.83,1123,0.923076923076923,0.40365409642214434,0,22,1,0.999,0.999,1458,399,1727
44,0.83,214,0.923076923076923,0.6655282340298428,0,11,1,0.001,0.791,355,204,2519
45,0.8,214,0.6923076923076928,0.6655282340298428,0,12,1,0.001,0.001,5000,1,4138
46,0.71,26,0.0,0.9940246976412845,0,2,1,0.001,0.999,1,1909,1528
47,0.82,237,0.846153846153846,0.6494370705689304,0,16,1,0.001,0.477,2866,1,3158
48,0.83,265,0.923076923076923,0.6318270805305339,0,19,1,0.999,0.611,3869,1563,2622
49,0.83,1324,0.923076923076923,0.377606388934998,0,23,1,0.999,0.999,3536,1466,1317
50,0.83,183,0.923076923076923,0.6901800638896802,0,4,1,0.999,0.001,4989,314,1
51,0.71,26,0.0,0.9940246976412845,0,2,1,0.999,0.999,1,1165,1592
52,0.71,26,0.0,0.9940246976412845,0,2,1,0.001,0.999,1,1,1
53,0.74,602,0.23076923076923098,0.5022491853838533,0,31,2065,0.001,0.999,5000,1,548
54,0.71,28,0.0,0.9827108342263204,0,4,1950,0.999,0.999,1,4751,2439
55,0.71,28,0.0,0.9827108342263204,0,4,1933,0.999,0.001,1,5000,5000
56,0.83,220,0.923076923076923,0.6611703427601796,0,13,1,0.999,0.001,5000,1,2418
57,0.71,27,0.0,0.988266727808751,0,3,1906,0.001,0.662,1,5000,5000
58,0.71,27,0.0,0.988266727808751,0,3,2058,0.999,0.999,1,5000,1
59,0.82,4494,0.846153846153846,0.18420187556466538,0,25,1,0.001,0.404,2792,5000,1
60,0.82,2507,0.846153846153846,0.27658235756922567,0,24,1,0.001,0.335,1906,1779,1
61,0.83,245,0.923076923076923,0.644202652671491,0,17,1,0.999,0.404,5000,1,1205
62,0.71,28,0.0,0.9827108342263204,0,4,2016,0.001,0.651,1,1,5000
63,0.83,268,0.923076923076923,0.6300514351478229,0,20,1,0.088,0.999,5000,1,1461
64,0.83,235,0.923076923076923,0.6507731689660468,0,15,1,0.584,0.487,2798,1,2054
65,0.83,255,0.923076923076923,0.6378939806473513,0,18,1,0.001,0.23,5000,4008,4453
66,0.71,26,0.0,0.9940246976412845,0,2,4000,0.001,0.244,1,2054,2533
67,0.71,26,0.0,0.9940246976412845,0,2,3833,0.999,0.417,1,5000,2104
68,0.71,26,0.0,0.9940246976412845,0,2,3955,0.999,0.999,1,2478,4815
69,0.71,26,0.0,0.9940246976412845,0,2,3901,0.999,0.001,1,1,4
70,0.71,27,0.0,0.988266727808751,0,3,3793,0.001,0.092,1,1,1199
71,0.83,233,0.923076923076923,0.6521206385500435,0,14,1,0.999,0.001,3346,1,1143
72,0.74,2979,0.23076923076923098,0.24928086556737505,0,130,2064,0.999,0.999,1418,1,1
73,0.8,195,0.6923076923076928,0.6801771555934999,0,9,1,0.001,0.001,5000,3751,4553
74,0.71,26,0.0,0.9940246976412845,0,2,1592,0.001,0.999,1,5000,521
75,0.83,186,0.923076923076923,0.6876194681248173,0,6,1,0.999,0.001,2880,1,3096
76,0.73,400,0.15384615384615397,0.5668394844501072,0,25,27,0.999,0.001,2814,1,2588
77,0.71,26,0.0,0.9940246976412845,0,2,1532,0.001,0.999,1,2757,2296
78,0.76,6954,0.38461538461538497,0.1150930287874149,0,185,3369,0.001,0.256,1958,1,5000
79,0.71,26,0.0,0.9940246976412845,0,2,1639,0.999,0.001,1,5000,2404
80,0.75,7109,0.30769230769230793,0.11160328329150127,0,262,3346,0.001,0.001,2682,4413,4316
81,0.75,6310,0.30769230769230793,0.13047711100916337,0,249,2214,0.001,0.999,5000,5000,46
82,0.83,195,0.923076923076923,0.6801771555934999,0,8,1,0.999,0.001,5000,5000,3410
83,0.74,6770,0.23076923076923098,0.11933809097092418,0,258,2269,0.001,0.404,2944,5000,1
84,0.75,2630,0.30769230769230793,0.26900193079556345,0,114,2220,0.001,0.999,5000,2809,1422
85,0.73,760,0.15384615384615397,0.46540399879273,0,46,73,0.001,0.999,1661,1,1236
86,0.74,1016,0.23076923076923098,0.4194925686736385,0,59,107,0.999,0.001,4694,1,1
87,0.74,2028,0.23076923076923098,0.31013852832561584,0,91,2129,0.001,0.999,3865,5000,1275
88,0.71,26,0.0,0.9940246976412845,0,2,4539,0.999,0.999,1,1,2283
89,0.74,2299,0.23076923076923098,0.29028973085734155,0,98,2123,0.999,0.999,3385,226,3558
90,0.74,2404,0.23076923076923098,0.2832219024624618,0,102,2168,0.999,0.999,1575,2258,4179
91,0.71,53,0.0,0.884280977745176,0,7,2275,0.999,0.999,1,1,4156
92,0.74,4258,0.23076923076923098,0.1927406377796781,0,195,1311,0.001,0.001,240,1,1
93,0.74,2274,0.23076923076923098,0.2920200947524102,0,96,151,0.001,0.999,1532,4202,1913
94,0.8,161,0.6923076923076928,0.7103412970201979,0,2,1,0.001,0.001,5000,2052,1894
95,0.76,3967,0.38461538461538497,0.2039457683460283,0,51,430,0.999,0.001,5000,1,5000
96,0.74,1997,0.23076923076923098,0.31257618677575283,0,90,83,0.001,0.999,5000,5000,2190
97,0.74,779,0.23076923076923098,0.4614995729146898,0,47,84,0.999,0.999,4320,1,1972
98,0.83,268,0.923076923076923,0.6300514351478229,0,20,1,0.999,0.999,5000,1,2888
99,0.75,2247,0.30769230769230793,0.2939103765260358,0,94,236,0.001,0.999,1024,4401,84
100,0.79,132,0.6153846153846159,0.7415708004266425,1,1,1,0.001,0.001,1020,5000,5000
101,0.81,183,0.7692307692307699,0.6901800638896802,0,5,1,0.001,0.001,3388,2492,3074
102,0.74,2033,0.23076923076923098,0.30974884877753006,0,92,2078,0.999,0.999,4318,5000,4844
103,0.71,27,0.0,0.988266727808751,0,3,2422,0.001,0.001,1,1,3931
104,0.71,26,0.0,0.9940246976412845,0,2,270,0.001,0.999,1,1074,1
105,0.71,27,0.0,0.988266727808751,0,3,4798,0.999,0.057,1,3187,2729
106,0.71,25,0.0,1.0,1,1,1,0.999,0.001,1,5000,3313
107,0.71,26,0.0,0.9940246976412845,0,2,2444,0.001,0.999,1,1,1
108,0.83,187,0.923076923076923,0.6867750569474447,0,7,1,0.999,0.001,2630,5000,5000
109,0.71,26,0.0,0.9940246976412845,0,2,4153,0.999,0.999,1,1,2083
110,0.75,761,0.30769230769230793,0.46519608448778516,0,30,2085,0.001,0.001,5000,1,2400
111,0.75,6497,0.30769230769230793,0.1258539241215031,0,252,3256,0.001,0.001,5000,1,429
112,0.71,27,0.0,0.988266727808751,0,3,2168,0.001,0.001,1,1823,5000
113,0.71,26,0.0,0.9940246976412845,0,2,4124,0.001,0.999,1,5000,4288
114,0.71,26,0.0,0.9940246976412845,0,2,536,0.001,0.001,1,5000,1
115,0.71,27,0.0,0.988266727808751,0,3,3336,0.999,0.999,1,4728,1
116,0.8,217,0.6923076923076928,0.6633342951765595,0,13,1,0.001,0.001,2342,2984,4231
117,0.81,250,0.7692307692307699,0.6410168968918165,0,18,1,0.001,0.237,4216,1,1583
118,0.76,6105,0.38461538461538497,0.13570541528313573,0,131,2917,0.57,0.119,2288,4262,1553
119,0.75,2155,0.30769230769230793,0.30052626103802715,0,89,2254,0.822,0.283,1238,1516,4427
120,0.75,4152,0.30769230769230793,0.1967310136089896,0,190,773,0.62,0.463,120,3250,480
121,0.74,2282,0.23076923076923098,0.29146431806775186,0,97,223,0.798,0.917,2411,2496,1618
122,0.76,4679,0.38461538461538497,0.17781617229360303,0,76,2639,0.949,0.403,4567,2679,4060
123,0.75,4224,0.30769230769230793,0.19400964704755075,0,192,2563,0.074,0.157,2851,93,4856
124,0.76,6839,0.38461538461538497,0.1177328250393882,0,172,1133,0.732,0.761,751,4048,214
125,0.75,2148,0.30769230769230793,0.3010411451355811,0,88,302,0.18,0.647,66,4734,1985
126,0.75,3180,0.30769230769230793,0.23894651443185588,0,146,414,0.912,0.37,1780,442,1265
127,0.76,5429,0.38461538461538497,0.15428232643486828,0,108,698,0.497,0.226,2466,860,934
128,0.76,6869,0.38461538461538497,0.11703992800148522,0,176,2996,0.839,0.825,3939,4385,4331
129,0.75,4086,0.30769230769230793,0.19926736968291614,0,189,2487,0.584,0.521,2577,2341,2195
130,0.75,2527,0.30769230769230793,0.27532479162124746,0,107,2331,0.2,0.03,1396,3751,4178
131,0.76,4858,0.38461538461538497,0.171873450801442,0,84,2840,0.439,0.318,259,1713,2349
132,0.76,6548,0.38461538461538497,0.12461613706386232,0,155,855,0.849,0.732,3646,3051,2702
133,0.75,4515,0.30769230769230793,0.1834639181461717,0,199,570,0.309,0.861,3116,3151,4477
134,0.74,1244,0.23076923076923098,0.38746649094663377,0,74,145,0.544,0.157,3903,1359,3752
135,0.83,184,0.923076923076923,0.6893219223825726,0,5,1,0.999,0.001,5000,5000,5000
136,0.76,7001,0.38461538461538497,0.11402669877520988,0,189,1576,0.001,0.001,2656,538,4825
137,0.71,31,0.0,0.9671251403356768,0,6,1,0.001,0.001,1,1,1372
138,0.8,230,0.6923076923076928,0.654163592320517,0,15,1,0.001,0.001,3378,1,3414
139,0.71,27,0.0,0.988266727808751,0,3,3676,0.001,0.999,1,5000,5000
140,0.8,222,0.6923076923076928,0.6597439662617844,0,14,1,0.001,0.001,3947,5000,4645
141,0.83,196,0.923076923076923,0.6793714199081745,0,9,1,0.999,0.001,5000,2592,3429
142,0.71,29,0.0,0.9773433127309089,0,5,4412,0.001,0.999,1,5000,2033
143,0.71,26,0.0,0.9940246976412845,0,2,3384,0.001,0.001,1,2323,2532
144,0.71,26,0.0,0.9940246976412845,0,2,3311,0.999,0.999,1,5000,3702
145,0.75,1319,0.30769230769230793,0.3782049783832192,0,42,213,0.726,0.54,3295,2942,3073
146,0.74,713,0.23076923076923098,0.4754973898439523,0,42,2054,0.977,0.161,342,4109,3601
147,0.75,2195,0.30769230769230793,0.29761576142315205,0,92,2247,0.42,0.736,2106,229,2804
148,0.76,5249,0.38461538461538497,0.1596196875872108,0,101,2595,0.667,0.245,2674,4423,1893
149,0.75,2534,0.30769230769230793,0.27488699278679607,0,108,332,0.169,0.124,4103,1550,3332
150,0.76,3857,0.38461538461538497,0.20839685096860405,0,47,588,0.89,0.968,2257,4780,1215
151,0.76,5090,0.38461538461538497,0.16448883614949672,0,94,2699,0.398,0.839,808,1750,4773
152,0.75,3970,0.30769230769230793,0.20382611091209535,0,184,2461,0.642,0.332,3951,3444,532
153,0.74,627,0.23076923076923098,0.49581748380929835,0,35,2029,0.209,0.754,3457,2065,878
154,0.76,6659,0.38461538461538497,0.12195512114039908,0,164,2814,0.956,0.263,1640,2508,3819
155,0.76,6089,0.38461538461538497,0.1361208349257591,0,130,988,0.591,0.023,1227,48,1807
156,0.74,818,0.23076923076923098,0.45377478623090084,0,50,81,0.458,0.385,181,885,195
157,0.75,575,0.30769230769230793,0.5095020589896118,0,26,40,0.859,0.228,1303,3704,797
158,0.76,4667,0.38461538461538497,0.17822265960407957,0,75,2934,0.367,0.108,479,323,4429
159,0.74,3290,0.23076923076923098,0.2335640618529764,0,151,2419,0.053,0.052,2537,639,1133
160,0.76,6375,0.38461538461538497,0.12885476894633074,0,150,2735,0.8,0.558,1929,3935,4169
161,0.76,6176,0.38461538461538497,0.13387502818652042,0,139,909,0.684,0.781,311,1473,1454
162,0.76,3253,0.38461538461538497,0.23535417676916914,0,34,472,0.302,0.687,1096,1960,608
163,0.76,4825,0.38461538461538497,0.17295239803843787,0,82,446,0.508,0.28,3001,4370,2728
164,0.75,5449,0.30769230769230793,0.1537002422481124,0,225,635,0.377,0.127,3407,4698,4352
165,0.75,6183,0.30769230769230793,0.13369570820242316,0,243,2559,0.016,0.401,3815,2239,1286
166,0.75,2350,0.30769230769230793,0.2868173651731999,0,100,2289,0.759,0.892,632,3033,3413
167,0.75,2412,0.30769230769230793,0.2826961179345464,0,102,2169,0.326,0.442,1776,1304,2997
168,0.74,3381,0.23076923076923098,0.22924557697594317,0,156,254,0.076,0.82,4437,123,3682
169,0.75,2742,0.30769230769230793,0.2624015732405568,0,117,303,0.988,0.353,1044,1693,4231
170,0.76,6179,0.38461538461538497,0.13379815189442334,0,140,1131,0.123,0.241,51,2376,2772
171,0.75,1356,0.30769230769230793,0.3738280925200502,0,44,2121,0.739,0.973,2747,358,4952
172,0.75,3103,0.30769230769230793,0.24282615404396313,0,140,2318,0.174,0.425,4807,3978,3952
173,0.75,3675,0.30769230769230793,0.2160477854919326,0,171,2529,0.929,0.932,411,674,728
174,0.76,6548,0.38461538461538497,0.12461613706386232,0,155,703,0.556,0.656,2348,3134,3638
175,0.75,4936,0.30769230769230793,0.16935206550270088,0,210,418,0.423,0.811,1560,2801,4674
176,0.75,6116,0.30769230769230793,0.13542044524382268,0,242,541,0.637,0.155,4656,1030,2421
177,0.75,6834,0.30769230769230793,0.11784860326792057,0,259,2804,0.137,0.027,3527,3000,3467
178,0.75,3047,0.30769230769230793,0.2457086446955682,0,138,2352,0.887,0.518,1711,2193,1855
179,0.75,801,0.30769230769230793,0.4570957645539988,0,31,31,0.196,0.695,2908,4635,1488
180,0.74,2135,0.23076923076923098,0.3020018236330735,0,93,150,0.606,0.914,4365,2455,2132
181,0.76,6945,0.38461538461538497,0.11529804147474165,0,183,2882,0.106,0.792,2611,4074,3271
182,0.75,3416,0.30769230769230793,0.22761548897290274,0,160,2471,0.291,0.861,548,4388,2498
183,0.76,6160,0.38461538461538497,0.13428566669315922,0,137,843,0.907,0.096,2856,2723,307
184,0.75,5098,0.30769230769230793,0.16424023673361254,0,214,577,0.04,0.499,3239,3211,1773
185,0.76,2492,0.38461538461538497,0.27753213078611594,0,31,381,0.769,0.593,84,620,4033
186,0.76,4573,0.38461538461538497,0.18144343972806454,0,73,739,0.155,0.937,1011,949,3028
187,0.75,5856,0.30769230769230793,0.14229724810125488,0,234,2644,0.269,0.713,1848,3489,79
188,0.75,1677,0.30769230769230793,0.34021117730045203,0,63,2198,0.521,0.207,3702,1783,4598
189,0.74,1143,0.23076923076923098,0.4008616656523103,0,69,2084,0.081,0.63,3891,2554,4312
190,0.76,5525,0.38461538461538497,0.15150763600476735,0,111,3076,0.834,0.139,707,2099,1013
191,0.74,1733,0.23076923076923098,0.3350135849232744,0,87,182,0.329,0.011,2481,3873,4876
192,0.75,1650,0.30769230769230793,0.34277946518876123,0,60,161,0.802,0.765,2685,1174,1740
193,0.74,976,0.23076923076923098,0.42584554612820413,0,57,2106,0.554,0.379,952,2362,2424
194,0.75,2438,0.30769230769230793,0.2809992778133218,0,103,2225,0.114,0.957,1446,3147,1481
195,0.76,5636,0.38461538461538497,0.14835886860871472,0,119,2622,0.864,0.466,3303,1422,3216
196,0.76,5601,0.38461538461538497,0.14934498002963426,0,116,717,0.745,0.195,3833,3962,1165
197,0.75,3774,0.30769230769230793,0.21184022468061647,0,176,354,0.362,0.338,4762,4491,2165
198,0.76,4692,0.38461538461538497,0.1773769855474575,0,77,565,0.576,0.743,1607,1837,4892
199,0.75,6643,0.30769230769230793,0.12233594326137376,0,257,827,0.445,0.851,1987,2212,3421
200,0.75,3651,0.30769230769230793,0.2170848637881455,0,170,2673,0.072,0.621,168,4749,940
201,0.76,4347,0.38461538461538497,0.18946619131061193,0,66,2483,0.827,0.114,4601,528,4365
202,0.76,6943,0.38461538461538497,0.11534363592299413,0,182,2869,0.513,0.042,2231,837,152
203,0.76,6606,0.38461538461538497,0.12322011862649607,0,159,945,0.878,0.299,606,3297,2984
204,0.73,694,0.15384615384615397,0.4797676383101249,0,42,133,0.011,0.171,801,2656,4018
205,0.75,387,0.30769230769230793,0.5720573137322887,0,23,19,0.67,0.451,1942,451,4620
206,0.76,7076,0.38461538461538497,0.11233984369164252,0,192,1060,0.289,0.08,1653,1097,3632
207,0.75,6308,0.30769230769230793,0.13052729380529282,0,248,2906,0.166,0.323,1128,3637,761
208,0.75,2957,0.30769230769230793,0.25045405646930485,0,127,2368,0.48,0.271,3128,2698,4967
209,0.75,6305,0.30769230769230793,0.1306025978354699,0,247,2792,0.732,0.778,1309,1949,336
210,0.76,7097,0.38461538461538497,0.11187072713965973,0,194,868,0.846,0.507,902,4411,2777
211,0.75,3694,0.30769230769230793,0.2152315558483623,0,172,523,0.23,0.898,505,4042,4285
212,0.75,3637,0.30769230769230793,0.21769297813971145,0,169,396,0.959,0.057,3602,2286,1561
213,0.75,5452,0.30769230769230793,0.15361311390300103,0,226,676,0.094,0.412,2806,1763,520
214,0.75,4650,0.30769230769230793,0.17880030897279697,0,205,2502,0.455,0.186,4425,4222,2610
215,0.75,2868,0.30769230769230793,0.25529091043473806,0,125,2340,0.71,0.677,31,977,2090
216,0.74,1573,0.23076923076923098,0.3503413100506273,0,83,2147,0.144,0.223,2406,4533,1820
217,0.76,6995,0.38461538461538497,0.11416242679077693,0,188,1108,0.526,0.984,4788,2574,885
218,0.74,5858,0.23076923076923098,0.1422431932286019,0,235,275,0.394,0.609,3807,3378,2349
219,0.74,1414,0.23076923076923098,0.36720162050112237,0,79,267,0.542,0.077,404,4924,563
220,0.76,6165,0.38461538461538497,0.13415722771437644,0,138,3003,0.046,0.199,1534,1587,4193
221,0.75,1365,0.30769230769230793,0.3727814926867937,0,46,2157,0.792,0.69,3387,3612,1130
222,0.75,2108,0.30769230769230793,0.3040159009474924,0,86,2272,0.359,0.146,4216,1897,276
223,0.76,4163,0.38461538461538497,0.1963122099681126,0,57,2571,0.603,0.653,1031,2672,4404
224,0.76,4174,0.38461538461538497,0.19589451121880574,0,58,647,0.975,0.881,1757,213,2471
225,0.75,3522,0.30769230769230793,0.22277861934316745,0,165,463,0.109,0.524,2150,741,841
226,0.75,4444,0.30769230769230793,0.18597288642939724,0,197,495,0.83,0.431,4056,3087,3745
227,0.76,5520,0.38461538461538497,0.15165095702520226,0,110,2762,0.334,0.311,2916,1000,2301
228,0.75,3981,0.30769230769230793,0.20338813906859732,0,185,2397,0.581,0.802,2312,4277,3021
229,0.74,1154,0.23076923076923098,0.39934656585629347,0,70,67,0.272,0.983,3538,1407,2665
230,0.75,1389,0.30769230769230793,0.3700239184140165,0,48,103,0.923,0.64,4975,4202,3308
231,0.78,305,0.5384615384615389,0.6096472813342253,0,22,2007,0.675,0.004,1397,2889,2740
232,0.75,4198,0.30769230769230793,0.19498697558585387,0,191,2433,0.243,0.583,1207,1448,3665
233,0.76,6279,0.38461538461538497,0.13125673744896638,0,146,2720,0.985,0.092,4353,3200,1659
234,0.76,6929,0.38461538461538497,0.1156631652352067,0,179,816,0.625,0.32,3515,662,3984
235,0.75,5173,0.30769230769230793,0.16192840669133202,0,217,614,0.49,0.213,2580,292,3096
236,0.75,2578,0.30769230769230793,0.27216249235445644,0,111,344,0.697,0.867,733,3537,200
237,0.75,5033,0.30769230769230793,0.16627149657547358,0,213,767,0.316,0.726,361,3013,1862
238,0.76,4607,0.38461538461538497,0.18027089930128626,0,74,2613,0.201,0.995,2487,473,3757
239,0.75,1934,0.30769230769230793,0.3176488725798864,0,80,2235,0.948,0.488,3053,4726,921
240,0.74,843,0.23076923076923098,0.4490141533684503,0,52,2037,0.391,0.908,4511,782,488
241,0.76,6377,0.38461538461538497,0.1288051133961473,0,151,3117,0.634,0.417,116,3787,4836
242,0.75,2284,0.30769230769230793,0.2913256781985928,0,96,229,0.139,0.296,1861,2129,1210
243,0.75,1361,0.30769230769230793,0.37324579425256665,0,45,221,0.884,0.13,3938,382,2646
244,0.74,665,0.23076923076923098,0.48651586750073106,0,39,2045,0.636,0.508,2194,1709,3173
245,0.75,1136,0.30769230769230793,0.40183342411126355,0,38,2239,0.204,0.093,214,2784,2924
246,0.75,4576,0.30769230769230793,0.18133963026933764,0,203,2604,0.945,0.584,4570,2019,2400
247,0.76,6750,0.38461538461538497,0.11980644427936249,0,167,778,0.57,0.825,2595,4479,4490
248,0.75,3309,0.30769230769230793,0.23265261934535308,0,153,340,0.451,0.705,3499,3955,3451
249,0.76,5180,0.38461538461538497,0.16171434832106435,0,97,618,0.736,0.363,365,2220,705
250,0.75,6201,0.30769230769230793,0.13323553010221334,0,244,805,0.371,0.232,730,1849,2215
251,0.76,5564,0.38461538461538497,0.15039416245899206,0,113,2729,0.24,0.492,1416,4312,4656
252,0.76,5716,0.38461538461538497,0.14612769946128445,0,120,2845,0.673,0.907,992,104,4253
253,0.76,6835,0.38461538461538497,0.11782544084809088,0,171,999,0.812,0.682,1874,2644,1382
254,0.74,1562,0.23076923076923098,0.351451670945261,0,81,112,0.179,0.786,2033,3290,387
255,0.74,1120,0.23076923076923098,0.4040772415839382,0,66,70,0.518,0.567,694,1105,996
256,0.76,3664,0.38461538461538497,0.21652226995687207,0,42,2389,0.336,0.656,4394,3233,630
257,0.75,4055,0.30769230769230793,0.2004728595626939,0,188,2766,0.58,0.149,77,1492,4050
258,0.75,3725,0.30769230769230793,0.2139087807819844,0,173,503,0.085,0.02,1743,4404,101
259,0.75,4756,0.30769230769230793,0.175232421518988,0,208,455,0.854,0.923,4858,1771,2844
260,0.76,5142,0.38461538461538497,0.1628798738049254,0,95,663,0.222,0.544,4049,2299,3846
261,0.76,4266,0.38461538461538497,0.19244351975588725,0,61,2567,0.358,0.803,3172,4839,1796
262,0.74,2513,0.23076923076923098,0.276204037866011,0,107,2280,0.604,0.312,1279,594,3526
263,0.75,1589,0.30769230769230793,0.34874001477813477,0,57,2160,0.047,0.852,1168,3898,2566
264,0.76,6991,0.38461538461538497,0.11425297681924618,0,187,2994,0.79,0.345,4236,905,2114
265,0.75,2987,0.30769230769230793,0.24885639689366212,0,130,263,0.296,0.473,2541,2567,3248
266,0.75,1889,0.30769230769230793,0.3213743790657013,0,77,291,0.647,0.942,1646,4132,3803
267,0.76,6657,0.38461538461538497,0.12200267384250241,0,163,3024,0.143,0.814,285,2474,174
268,0.75,1554,0.30769230769230793,0.35226412543090013,0,55,2131,0.897,0.323,4640,2959,4526
269,0.75,2751,0.30769230769230793,0.2618829411174153,0,118,2329,0.456,0.78,2954,1534,4071
270,0.75,4941,0.30769230769230793,0.16919179955069985,0,211,2518,0.709,0.274,2270,3269,1232
271,0.76,4286,0.38461538461538497,0.19170315497230295,0,62,672,0.838,0.013,489,728,3126
272,0.76,2471,0.38461538461538497,0.2788714584625386,0,30,407,0.207,0.394,918,205,4795
273,0.76,4715,0.38461538461538497,0.17660293478247302,0,79,512,0.982,0.549,2802,3469,1911
274,0.76,6134,0.38461538461538497,0.13495523417318556,0,135,872,0.102,0.918,3605,3099,1030
275,0.76,6607,0.38461538461538497,0.12319615695857855,0,160,2776,0.478,0.678,4173,561,3354
276,0.76,2255,0.38461538461538497,0.2933479364302496,0,28,2379,0.733,0.187,1069,4794,1345
277,0.76,6912,0.38461538461538497,0.11605203406435316,0,178,2895,0.919,0.22,3421,3853,3055
278,0.81,211,0.7692307692307699,0.6677530020712281,0,11,3,0.417,0.098,4801,2039,1681
279,0.74,1585,0.23076923076923098,0.34913882284910647,0,84,122,0.763,0.255,3719,4855,2328
280,0.76,6777,0.38461538461538497,0.11917449407936775,0,169,1117,0.995,0.944,2404,3396,2735
281,0.76,3979,0.38461538461538497,0.20346768025111073,0,52,2573,0.088,0.465,3153,359,1160
282,0.77,12508,0.46153846153846195,0.02215721348274935,0,88,4170,0.633,0.747,886,1550,1351
283,0.75,1751,0.30769230769230793,0.33337852680713354,0,65,2186,0.292,0.221,4828,4705,4736
284,0.76,11388,0.38461538461538497,0.03700832445002644,0,333,1775,0.55,0.3,3795,3826,3516
285,0.77,13241,0.46153846153846195,0.013141264936299857,0,100,4381,0.393,0.795,472,2429,66
286,0.75,1453,0.30769230769230793,0.3628968993615669,0,51,237,0.222,0.52,1533,3103,3955
287,0.75,3492,0.30769230769230793,0.22413261893328595,0,164,623,0.704,0.101,269,309,4493
288,0.76,8483,0.38461538461538497,0.08363015111160643,0,241,3232,0.362,0.62,4216,3444,1589
289,0.76,12618,0.38461538461538497,0.020771026718904517,0,388,4760,0.909,0.341,1796,4634,922
290,0.76,8910,0.38461538461538497,0.07585560744423303,0,254,1429,0.003,0.812,2530,1618,2979
291,0.76,3547,0.38461538461538497,0.2216590649648963,0,39,2424,0.773,0.644,3536,1910,4337
292,0.76,12116,0.38461538461538497,0.027198171599839505,0,370,3878,0.183,0.141,2160,4342,2058
293,0.75,6001,0.30769230769230793,0.13842533333462348,0,238,2818,0.605,0.915,4428,2565,453
294,0.76,4524,0.38461538461538497,0.1831487005917315,0,72,837,0.447,0.428,1109,1187,3135
295,0.76,4758,0.38461538461538497,0.1751658697229418,0,80,679,0.577,0.571,3006,4878,1919
296,0.75,6883,0.30769230769230793,0.1167176108789022,0,260,2976,0.482,0.083,1323,1372,4162
297,0.76,13465,0.38461538461538497,0.010485430206623847,0,412,4035,0.809,0.861,4054,532,3349
298,0.75,1521,0.30769230769230793,0.35566027889662144,0,53,2266,0.155,0.358,428,3217,552
299,0.76,9114,0.38461538461538497,0.07227189170531689,0,258,1274,0.882,0.186,637,2964,1763
300,0.77,12482,0.46153846153846195,0.022486638596155184,0,86,4915,0.037,0.658,4902,786,4631
301,0.76,11259,0.38461538461538497,0.03881188026241311,0,328,3387,0.738,0.383,2321,2290,2880
302,0.75,3555,0.30769230769230793,0.2213024731014036,0,166,468,0.335,0.901,3373,3960,708
303,0.74,743,0.23076923076923098,0.4689809672054841,0,44,79,0.847,0.478,4676,1791,162
304,0.77,10531,0.46153846153846195,0.049394181939455106,0,55,3723,0.195,0.989,1036,4456,3733
305,0.77,10308,0.46153846153846195,0.052782522825104095,0,50,1617,0.427,0.703,1941,130,2310
306,0.75,533,0.30769230769230793,0.5214892634252905,0,25,2031,0.668,0.777,1684,1048,943
307,0.76,11956,0.38461538461538497,0.029302736547356156,0,362,4325,0.264,0.251,2740,2699,2639
308,0.75,3811,0.30769230769230793,0.21029596869052736,0,180,2728,0.967,0.538,10,4203,4872
309,0.76,6647,0.38461538461538497,0.12224065182276855,0,162,962,0.123,0.058,4260,2045,1528
310,0.76,6113,0.38461538461538497,0.1354981134918668,0,132,1076,0.647,0.316,3353,3046,2264
311,0.76,6864,0.38461538461538497,0.11715520046414019,0,175,2764,0.303,0.843,2226,713,3843
312,0.76,10656,0.38461538461538497,0.047526130625387464,0,302,1911,0.069,0.599,775,3887,266
313,0.77,10585,0.46153846153846195,0.048584478223272165,0,57,1658,0.843,0.928,369,4805,1483
314,0.76,10619,0.38461538461538497,0.04807678105186686,0,301,4658,0.248,0.416,3920,1454,4937
315,0.77,10633,0.46153846153846195,0.04786820154616822,0,58,3608,0.543,0.637,1339,459,2555
316,0.74,543,0.23076923076923098,0.5185517631997477,0,28,42,0.39,0.142,3104,3301,1047
317,0.75,2586,0.30769230769230793,0.27167212658744055,0,112,349,0.933,0.721,4320,1131,507
318,0.75,5622,0.30769230769230793,0.14875257646460727,0,228,3346,0.031,0.249,142,2626,3414
319,0.76,11801,0.38461538461538497,0.031368563378023406,0,356,4952,0.702,0.961,2725,4285,4078
320,0.77,9295,0.46153846153846195,0.06915874633615016,0,36,1389,0.357,0.442,1584,1972,2023
321,0.75,2021,0.30769230769230793,0.3106856960107852,0,83,2230,0.614,0.024,1962,1718,663
322,0.76,12989,0.38461538461538497,0.01618331746634427,0,401,3921,0.459,0.511,3712,4539,2945
323,0.76,8113,0.38461538461538497,0.09069010929033405,0,224,3096,0.757,0.295,981,3544,4546
324,0.75,6224,0.30769230769230793,0.1326494644824101,0,245,721,0.163,0.798,4538,213,1867
325,0.76,6784,0.38461538461538497,0.11901106605582668,0,170,879,0.784,0.201,1432,4055,3080
326,0.75,7328,0.30769230769230793,0.10680015135972121,0,266,2938,0.127,0.703,2875,2190,840
327,0.77,10240,0.46153846153846195,0.05383033365591838,0,49,3763,0.578,0.491,608,882,1651
328,0.75,2999,0.30769230769230793,0.24822182001024495,0,133,2387,0.487,0.978,3857,2863,4450
329,0.77,10551,0.46153846153846195,0.0490938086365692,0,56,1544,0.729,0.556,4689,3156,3236
330,0.76,9891,0.38461538461538497,0.059319983595449544,0,284,4797,0.322,0.038,828,588,371
331,0.76,8040,0.38461538461538497,0.09212098880266428,0,222,3191,0.898,0.753,3250,1311,2120
332,0.75,3834,0.30769230769230793,0.20934356237392948,0,181,504,0.058,0.281,2426,4934,4294
333,0.75,1552,0.30769230769230793,0.3524678921520288,0,54,200,0.508,0.857,1250,2140,4838
334,0.76,12945,0.38461538461538497,0.01672051536760777,0,400,3450,0.416,0.361,4484,4102,1270
335,0.76,12308,0.38461538461538497,0.024709073390135283,0,378,4500,0.87,0.585,2065,2794,1222
336,0.76,9654,0.38461538461538497,0.06315947524543064,0,278,1816,0.213,0.075,3512,948,2693
337,0.74,742,0.23076923076923098,0.4691939150794996,0,43,2066,0.937,0.399,2632,69,4056
338,0.76,13453,0.38461538461538497,0.010626583309996551,0,411,4128,0.097,0.879,1814,3673,2363
339,0.76,4234,0.38461538461538497,0.19363535202579896,0,60,2609,0.675,0.16,4081,4396,128
340,0.76,6148,0.38461538461538497,0.13459434601848286,0,136,1231,0.267,0.686,206,1847,3474
341,0.75,7161,0.30769230769230793,0.11044955208416618,0,263,1189,0.531,0.132,4512,753,4330
342,0.75,3358,0.30769230769230793,0.23032598899243262,0,154,2623,0.378,0.651,1183,2989,2090
343,0.76,13887,0.38461538461538497,0.005599916026885587,0,422,4073,0.831,0.435,3451,3830,401
344,0.74,970,0.23076923076923098,0.4268208678190206,0,55,2072,0.236,0.906,2086,2413,3200
345,0.76,13200,0.38461538461538497,0.013632238028679522,0,408,1859,0.976,0.613,1871,1417,4486
346,0.77,12799,0.46153846153846195,0.018516207822795727,0,96,4487,0.073,0.109,2615,4825,1621
347,0.76,8299,0.38461538461538497,0.08710170541517126,0,232,3506,0.651,0.821,194,3321,870
348,0.75,1666,0.30769230769230793,0.34125249281799763,0,62,194,0.307,0.334,4132,422,3044
349,0.76,4098,0.38461538461538497,0.19880318155526466,0,54,510,0.76,0.788,2819,2591,3588
350,0.76,6116,0.38461538461538497,0.13542044524382268,0,134,3135,0.166,0.309,1449,1154,19
351,0.76,11910,0.38461538461538497,0.029913012913919346,0,360,4810,0.618,0.529,3870,1995,2472
352,0.75,8045,0.30769230769230793,0.09202256975277257,0,270,1501,0.463,0.002,556,4250,3943
353,0.76,2248,0.38461538461538497,0.29383996215064234,0,27,2381,0.691,0.456,802,4582,2807
354,0.76,12749,0.38461538461538497,0.019135882666532766,0,395,3818,0.345,0.951,4754,1663,1113
355,0.76,6856,0.38461538461538497,0.11733981114876468,0,174,2924,0.921,0.228,2488,158,1378
356,0.76,5085,0.38461538461538497,0.16464440923901413,0,93,921,0.019,0.739,3227,3587,4724
357,0.75,4025,0.30769230769230793,0.20164826748876585,0,187,766,0.894,0.26,82,2244,1014
358,0.76,6210,0.38461538461538497,0.1330059416491628,0,142,3079,0.054,0.77,4341,4013,2593
359,0.77,12192,0.46153846153846195,0.026208219320365433,0,80,3973,0.725,0.051,1612,2821,4898
360,0.75,2106,0.30769230769230793,0.3041661160635638,0,85,2226,0.318,0.547,2658,936,1516
361,0.76,9726,0.38461538461538497,0.06198316977538565,0,280,1343,0.59,0.995,3700,565,233
362,0.76,11270,0.38461538461538497,0.038657284899272226,0,329,4968,0.499,0.47,2013,3192,3687
363,0.77,7302,0.46153846153846195,0.10736282209025849,0,28,3293,0.796,0.694,4595,4970,3805
364,0.75,1643,0.30769230769230793,0.34345217457301247,0,59,352,0.139,0.214,964,1288,2297
365,0.74,572,0.23076923076923098,0.510328832254588,0,30,39,0.687,0.665,2239,4082,1757
366,0.76,11733,0.38461538461538497,0.03228343820368207,0,353,3661,0.279,0.177,3300,2178,4663
367,0.77,12655,0.46153846153846195,0.020307478323909556,0,92,4642,0.948,0.892,719,986,2828
368,0.76,11726,0.38461538461538497,0.03237791730313433,0,351,1704,0.109,0.39,4974,2774,773
369,0.76,12107,0.38461538461538497,0.02731581375048775,0,369,1915,0.866,0.092,3982,3730,1913
370,0.76,13146,0.38461538461538497,0.014281217448423145,0,406,4231,0.209,0.564,346,29,4195
371,0.75,5925,0.30769230769230793,0.14044293789375517,0,236,2781,0.505,0.352,3078,1807,3297
372,0.76,5997,0.38461538461538497,0.1385308844855081,0,127,1031,0.413,0.87,1405,4453,617
373,0.76,5043,0.38461538461538497,0.16595729381217805,0,89,994,0.824,0.502,1063,326,670
374,0.76,5063,0.38461538461538497,0.16533075274736342,0,90,2666,0.233,0.031,4610,3421,2912
375,0.77,12516,0.46153846153846195,0.022055989650986874,0,89,4350,0.562,0.805,1880,4730,4599
376,0.77,9992,0.46153846153846195,0.05771162188737311,0,44,1584,0.629,0.243,2797,2474,513
377,0.76,13672,0.38461538461538497,0.008070141012649246,0,415,4600,0.288,0.729,1666,3773,3381
378,0.77,11376,0.46153846153846195,0.03717523307003068,0,68,3697,0.991,0.451,4248,3050,4130
379,0.74,1077,0.23076923076923098,0.4102699809341356,0,63,153,0.084,0.954,60,698,1958
380,0.75,3132,0.30769230769230793,0.24135380901198378,0,143,394,0.601,0.41,1268,3492,1412
381,0.76,9101,0.38461538461538497,0.07249786170206773,0,257,3413,0.443,0.937,3022,258,4983
382,0.76,10695,0.38461538461538497,0.046947781075989514,0,303,4853,0.769,0.151,441,1567,2528
383,0.76,8364,0.38461538461538497,0.0858666272252443,0,235,1307,0.179,0.63,4002,4682,1060
384,0.75,3115,0.30769230769230793,0.2422152463260352,0,141,2341,0.92,0.834,4875,4311,2193
385,0.76,10222,0.38461538461538497,0.05410886001472426,0,290,4010,0.014,0.323,702,1939,3889
386,0.76,6934,0.38461538461538497,0.11554897358188809,0,181,3038,0.715,0.606,3434,1216,3622
387,0.76,4472,0.38461538461538497,0.18497868083618962,0,71,647,0.373,0.111,2298,2534,278
388,0.75,6541,0.30769230769230793,0.12478545753576953,0,254,802,0.742,0.888,4155,1344,3985
389,0.75,4563,0.30769230769230793,0.18178996365816924,0,202,2883,0.339,0.392,290,4909,2409
390,0.76,11062,0.38461538461538497,0.04160641268847165,0,322,3855,0.886,0.679,2558,3248,102
391,0.75,3043,0.30769230769230793,0.2459165590005129,0,137,2496,0.041,0.168,1730,504,3486
392,0.76,8837,0.38461538461538497,0.0771579811853289,0,252,1464,0.797,0.368,2149,836,4767
393,0.77,14347,0.46153846153846195,0.00044077623252114506,0,112,4696,0.144,0.848,3586,2916,1316
394,0.76,9119,0.38461538461538497,0.07218506597214924,0,260,3255,0.566,0.066,1166,3912,1195
395,0.76,4323,0.38461538461538497,0.19034254070923118,0,65,552,0.471,0.592,4410,2340,2705
396,0.75,2347,0.30769230769230793,0.2870195274315195,0,99,308,0.955,0.045,3166,4509,3243
397,0.77,11595,0.46153846153846195,0.03415650654945679,0,72,3542,0.112,0.547,2352,1746,339
398,0.76,12633,0.38461538461538497,0.02058293808893996,0,389,4445,0.657,0.272,4773,85,2172
399,0.77,9897,0.46153846153846195,0.05922397951744207,0,43,1739,0.253,0.76,903,3670,4229
400,0.75,1009,0.30769230769230793,0.4205860974837211,0,36,2114,0.527,0.712,533,2673,3087
401,0.76,12832,0.38461538461538497,0.018108547021344013,0,397,4192,0.431,0.194,3772,1081,808
402,0.75,3449,0.30769230769230793,0.22609377002847197,0,161,2508,0.851,0.972,1507,2078,1703
403,0.76,7520,0.38461538461538497,0.10270581810947632,0,206,1152,0.199,0.499,2959,4177,4385
404,0.76,8357,0.38461538461538497,0.08599917367121324,0,234,1171,0.699,0.689,1765,2401,236
405,0.75,4302,0.30769230769230793,0.19111334578557437,0,195,2529,0.353,0.217,2504,3856,3660
406,0.77,14057,0.46153846153846195,0.0036736385998594745,0,109,4214,0.929,0.994,236,2978,3851
407,0.74,1324,0.23076923076923098,0.377606388934998,0,75,2133,0.027,0.476,4188,780,2236
408,0.77,10782,0.46153846153846195,0.045665179464175476,0,61,1721,0.753,0.052,4436,409,1017
409,0.76,10330,0.38461538461538497,0.052445004494745984,0,293,3522,0.61,0.265,3541,4813,4944
410,0.75,2188,0.30769230769230793,0.2981212519520783,0,91,290,0.455,0.767,2171,1444,1454
411,0.75,3280,0.30769230769230793,0.23404588425910422,0,150,570,0.969,0.345,878,4239,1993
412,0.76,8247,0.38461538461538497,0.08809675213539703,0,231,3277,0.066,0.871,4816,2021,4089
413,0.76,10813,0.38461538461538497,0.045210659697065614,0,306,1483,0.299,0.569,3142,2617,478
414,0.76,3854,0.38461538461538497,0.20852001450687463,0,46,2478,0.539,0.895,2924,3574,1837
415,0.76,11744,0.38461538461538497,0.03213508486218419,0,354,3835,0.386,0.385,1558,186,4558
416,0.76,6978,0.38461538461538497,0.1145476225797567,0,186,2863,0.839,0.671,3828,1650,2953
417,0.75,3407,0.30769230769230793,0.22803305419198494,0,157,784,0.244,0.176,500,4609,635
418,0.76,5180,0.38461538461538497,0.16171434832106435,0,97,627,0.874,0.826,3605,909,4420
419,0.76,7892,0.38461538461538497,0.09506225007058533,0,218,3020,0.217,0.331,1932,2833,1663
420,0.75,1966,0.30769230769230793,0.31505196399911006,0,82,2321,0.42,0.103,1030,2257,3051
421,0.76,6460,0.38461538461538497,0.12675802236603528,0,153,1328,0.679,0.434,36,1261,4264
422,0.76,12779,0.38461538461538497,0.01876378679500046,0,396,4872,0.271,0.913,4290,4981,2131
423,0.76,10341,0.38461538461538497,0.0522765147651999,0,295,3432,0.941,0.127,1711,3165,379
424,0.75,3089,0.30769230769230793,0.24354187179053188,0,139,415,0.101,0.654,2773,577,3208
425,0.74,1394,0.23076923076923098,0.3694554197046078,0,77,133,0.582,0.234,4029,2746,2663
426,0.76,11712,0.38461538461538497,0.032567044807405354,0,348,3679,0.491,0.738,398,999,1233
427,0.76,10961,0.38461538461538497,0.043058499940025974,0,312,4583,0.788,0.459,2977,2150,1278
428,0.76,10102,0.38461538461538497,0.05597833036757238,0,286,1564,0.131,0.946,1290,4095,4809
429,0.76,12021,0.38461538461538497,0.0284443803159371,0,366,4369,0.062,0.007,3381,1819,139
430,0.76,4305,0.38461538461538497,0.19100300075581145,0,64,2684,0.733,0.781,648,3,2371
431,0.76,8299,0.38461538461538497,0.08710170541517126,0,232,1016,0.326,0.31,4908,3742,4028
432,0.77,8390,0.46153846153846195,0.08537528107630321,0,32,1052,0.913,0.069,2711,1500,4764
433,0.76,6311,0.38461538461538497,0.1304520255745133,0,148,2800,0.007,0.587,1575,4752,1342
434,0.76,11027,0.38461538461538497,0.042108104766954146,0,321,4250,0.707,0.375,4309,3405,1149
435,0.76,13608,0.38461538461538497,0.008812969888623345,0,414,1936,0.366,0.847,136,347,2766
436,0.77,9607,0.46153846153846195,0.0639320829003488,0,39,1684,0.609,0.672,1007,680,3983
437,0.77,11673,0.46153846153846195,0.033095094392368685,0,75,4624,0.45,0.17,4569,3073,2436
438,0.77,9685,0.46153846153846195,0.06265193866124563,0,40,3643,0.777,0.885,1990,3756,55
439,0.74,337,0.23076923076923098,0.5938999800798893,0,23,19,0.187,0.397,3745,2497,3548
440,0.76,2398,0.38461538461538497,0.2836173898965686,0,29,374,0.637,0.973,4932,4666,3006
441,0.77,6914,0.46153846153846195,0.11600623518626019,0,27,3312,0.296,0.492,744,1589,913
442,0.76,11223,0.38461538461538497,0.039318886738786585,0,326,4987,0.999,0.717,3324,242,1578
443,0.76,8133,0.38461538461538497,0.09030033380922442,0,227,1365,0.092,0.191,2193,3513,4524
444,0.75,1770,0.30769230769230793,0.33167075680728164,0,67,2206,0.816,0.267,1353,2517,3162
445,0.77,12438,0.46153846153846195,0.023045693482479535,0,85,3955,0.225,0.763,3112,1238,444
446,0.76,5583,0.38461538461538497,0.14985452471551652,0,114,3062,0.554,0.044,380,1921,2047
447,0.75,6337,0.30769230769230793,0.1298011954514099,0,250,746,0.397,0.554,3927,4333,4368
448,0.76,6851,0.38461538461538497,0.11745530223307643,0,173,903,0.519,0.448,2034,482,580
449,0.76,7443,0.38461538461538497,0.10433512182646099,0,202,2904,0.423,0.959,3486,3266,3340
450,0.77,11559,0.46153846153846195,0.03464879939181209,0,71,3798,0.843,0.236,1217,4886,4152
451,0.75,2223,0.30769230769230793,0.29560978518991443,0,93,2363,0.191,0.73,4457,1361,1951
452,0.76,11543,0.38461538461538497,0.03486808851338152,0,340,1520,0.963,0.812,4090,2319,736
453,0.76,10160,0.38461538461538497,0.05507199648843242,0,288,4832,0.12,0.285,220,3929,2871
454,0.76,7741,0.38461538461538497,0.09812052677517913,0,211,3157,0.664,0.505,2638,2894,4620
455,0.75,3360,0.30769230769230793,0.2302317468941366,0,155,529,0.26,0.026,1824,853,1794
456,0.74,1132,0.23076923076923098,0.40239140432036946,0,68,176,0.805,0.605,600,3647,2337
457,0.76,9441,0.38461538461538497,0.06669144256965587,0,271,3486,0.151,0.118,3844,102,3769
458,0.76,13146,0.38461538461538497,0.014281217448423145,0,406,4467,0.573,0.829,1426,1723,3722
459,0.77,11757,0.46153846153846195,0.031959937214997014,0,77,1841,0.478,0.326,2863,4527,193
460,0.74,1056,0.23076923076923098,0.41338470539381234,0,61,2091,0.734,0.156,3280,4155,1556
461,0.76,5618,0.38461538461538497,0.14886524447894223,0,118,2645,0.878,0.411,4722,1060,2629
462,0.76,8447,0.38461538461538497,0.08430340536690017,0,238,1207,0.033,0.93,857,2690,975
463,0.76,9265,0.38461538461538497,0.06967052370384497,0,266,1213,0.765,0.376,3901,4721,1830
464,0.75,3579,0.30769230769230793,0.22023749114561264,0,167,2589,0.175,0.902,582,1529,4590
465,0.74,671,0.23076923076923098,0.4850958873954473,0,40,2048,0.439,0.663,1477,3374,701
466,0.74,1080,0.23076923076923098,0.40982998050144814,0,64,219,0.01,0.082,4743,3803,544
467,0.74,655,0.23076923076923098,0.48891117370814374,0,38,41,0.831,0.387,4900,275,1724
468,0.73,568,0.15384615384615397,0.5114379556727262,0,30,2026,0.196,0.777,852,2397,101
469,0.74,652,0.23076923076923098,0.4896368895110417,0,37,29,0.397,0.729,1829,1496,419
470,0.75,6623,0.30769230769230793,0.1228132626475068,0,256,796,0.112,0.867,1701,164,4150
471,0.76,10213,0.38461538461538497,0.05424830715239404,0,289,1452,0.094,0.107,4485,4124,3256
472,0.75,970,0.30769230769230793,0.4268208678190206,0,35,2075,0.657,0.342,3825,4903,4086
473,0.75,2035,0.30769230769230793,0.3095932451085307,0,84,2202,0.439,0.599,2516,144,4630
474,0.77,10185,0.46153846153846195,0.05468292979521938,0,47,1579,0.811,0.832,3254,928,3019
475,0.76,8221,0.38461538461538497,0.08859663047802757,0,230,1044,0.169,0.442,2343,1793,3899
476,0.76,11650,0.38461538461538497,0.033407335828672724,0,345,4410,0.743,0.632,4803,3029,1369
477,0.76,10881,0.38461538461538497,0.04421819544143979,0,308,4616,0.157,0.194,580,523,2854
478,0.76,8471,0.38461538461538497,0.0838542512487559,0,240,1111,0.697,0.88,3120,4267,383
479,0.77,13661,0.46153846153846195,0.008197566951489654,0,105,1822,0.338,0.272,1539,3415,1534
480,0.76,5834,0.38461538461538497,0.1428930729320731,0,125,2695,0.762,0.584,4001,2149,4044
481,0.76,6578,0.38461538461538497,0.12389252190818079,0,157,2896,0.954,0.23,4614,1204,4317
482,0.77,10335,0.46153846153846195,0.052368396025422204,0,52,3522,0.297,0.464,3955,425,3350
483,0.73,1031,0.15384615384615397,0.41717442008076255,0,60,103,0.229,0.01,2990,3161,2343
484,0.76,12220,0.38461538461538497,0.025845054733107498,0,375,4100,0.684,0.823,528,1895,4813
485,0.76,4679,0.38461538461538497,0.17781617229360303,0,76,621,0.883,0.797,4258,1828,1480
486,0.75,2264,0.30769230769230793,0.2927175704198618,0,95,2391,0.027,0.407,225,804,446
487,0.76,9397,0.38461538461538497,0.06743097424334021,0,269,3415,0.577,0.721,2684,4569,2956
488,0.76,13807,0.38461538461538497,0.006514573223856068,0,418,4504,0.318,0.753,2932,1032,2067
489,0.76,4837,0.38461538461538497,0.17255920233851352,0,83,982,0.766,0.064,391,4766,4537
490,0.76,4266,0.38461538461538497,0.19244351975588725,0,61,2563,0.71,0.395,1395,1259,1032
491,0.75,2403,0.30769230769230793,0.28328774846900984,0,101,2343,0.621,0.97,4438,3294,3806
492,0.75,1557,0.30769230769230793,0.35195896622214373,0,56,172,0.64,0.572,2214,635,3202
493,0.74,1212,0.23076923076923098,0.3915891445809301,0,72,2138,0.278,0.213,3128,1656,4980
494,0.76,12354,0.38461538461538497,0.02411849298258495,0,379,3629,0.821,0.9,668,2892,2490
495,0.75,5278,0.30769230769230793,0.1587475275522553,0,222,3002,0.429,0.668,88,3676,176
496,0.75,1937,0.30769230769230793,0.3174035948848778,0,81,328,0.043,0.145,1094,4024,2946
497,0.76,6250,0.38461538461538497,0.13198955735008477,0,144,836,0.188,0.644,3929,1489,438
498,0.76,6241,0.38461538461538497,0.13221767561321962,0,143,3060,0.388,0.713,1248,2366,2579
499,0.76,12414,0.38461538461538497,0.023351466595231907,0,381,4720,0.066,0.62,1198,1429,2538
500,0.76,5925,0.38461538461538497,0.14044293789375517,0,126,727,0.523,0.306,3738,2694,9
501,0.76,8601,0.38461538461538497,0.08144323199049541,0,245,1262,0.38,0.914,2152,4948,1827
502,0.74,280,0.23076923076923098,0.6231415362143614,0,22,2022,0.232,0.212,602,1977,1968
503,0.78,432,0.5384615384615389,0.5546837445516546,0,23,8,0.271,0.87,4260,365,1322
504,0.77,11636,0.46153846153846195,0.03359769776215804,0,74,4219,0.301,0.573,2962,2437,581
505,0.75,1326,0.30769230769230793,0.37736758538978177,0,43,182,0.781,0.371,148,3022,4675
506,0.74,1121,0.23076923076923098,0.4039360675037307,0,67,101,0.664,0.725,1503,621,3239
507,0.75,6283,0.30769230769230793,0.13115592450671076,0,246,2860,0.618,0.467,4386,4335,1693
508,0.75,4536,0.30769230769230793,0.18272938437984,0,200,704,0.8,0.398,436,4547,3844
509,0.75,1153,0.30769230769230793,0.39948370464396055,0,39,2113,0.532,0.868,4114,3547,4532
510,0.75,5139,0.30769230769230793,0.16297225543963567,0,215,2871,0.255,0.281,739,2645,2137
511,0.74,1869,0.23076923076923098,0.32305872176448525,0,88,286,0.094,0.153,1268,855,4056
512,0.76,12916,0.38461538461538497,0.017075576792632385,0,399,4372,0.573,0.917,4080,4021,1197
513,0.76,9628,0.38461538461538497,0.06358640920377889,0,277,4199,0.125,0.417,262,1365,2847
514,0.74,1372,0.23076923076923098,0.37197222692836385,0,76,151,0.605,0.652,3075,3199,1940
515,0.76,10921,0.38461538461538497,0.043637285890610444,0,310,3475,0.382,0.508,3941,984,3568
516,0.76,6114,0.38461538461538497,0.1354722198422118,0,133,890,0.217,0.887,3370,3105,399
517,0.76,13411,0.38461538461538497,0.011121612542234094,0,410,4937,0.697,0.185,1183,2362,4503
518,0.74,1572,0.23076923076923098,0.35044193078516295,0,82,2216,0.029,0.583,818,597,2276
519,0.76,7612,0.38461538461538497,0.10078084946747157,0,208,3128,0.509,0.349,3630,4856,2626
520,0.76,10405,0.38461538461538497,0.05129975148701216,0,296,1784,0.667,0.815,473,698,73
521,0.77,9741,0.46153846153846195,0.061739202311534735,0,42,3768,0.141,0.787,1142,1221,2530
522,0.76,2205,0.38461538461538497,0.29689642024724516,0,25,2320,0.845,0.927,2162,3436,1651
523,0.76,12186,0.38461538461538497,0.02628614879878699,0,373,4587,0.556,0.548,227,64,4820
524,0.76,11753,0.38461538461538497,0.032013808164976565,0,355,4904,0.428,0.341,2421,3937,3877
525,0.76,5736,0.38461538461538497,0.14557478560980386,0,122,828,0.907,0.605,4609,930,1028
526,0.76,4287,0.38461538461538497,0.191666227457159,0,63,613,0.953,0.99,948,4396,4989
527,0.77,10116,0.46153846153846195,0.05575908462665413,0,45,1612,0.157,0.315,3862,3355,3423
528,0.76,6038,0.38461538461538497,0.13745230665989627,0,128,1043,0.35,0.72,28,4302,2663
529,0.76,14025,0.38461538461538497,0.004034445981104362,0,424,4457,0.861,0.454,2840,1137,2398
530,0.76,4798,0.38461538461538497,0.17384067495595967,0,81,716,0.728,0.387,2208,449,3606
531,0.74,822,0.23076923076923098,0.4530033999524451,0,51,2061,0.412,0.805,2583,1802,4546
532,0.74,618,0.23076923076923098,0.4981029132022853,0,34,2042,0.237,0.529,4070,1136,4045
533,0.76,8313,0.38461538461538497,0.08683487327226436,0,233,3209,0.81,0.157,2190,3061,1750
534,0.77,13823,0.46153846153846195,0.006331218576307807,0,107,4485,0.405,0.894,3147,4966,232
535,0.76,6302,0.38461538461538497,0.1306779376991153,0,147,2877,0.107,0.457,1426,3563,702
536,0.76,4445,0.38461538461538497,0.18593727137571803,0,69,2663,0.534,0.811,929,871,529
537,0.74,1202,0.23076923076923098,0.3928998037251291,0,71,105,0.825,0.676,1852,4543,4373
538,0.76,11717,0.38461538461538497,0.03249947333249348,0,349,4973,0.953,0.368,3875,1970,1000
539,0.77,12429,0.46153846153846195,0.02316028920779012,0,84,1563,0.801,0.503,2554,3553,1175
540,0.76,5072,0.38461538461538497,0.16504961614707325,0,91,2652,0.676,0.609,1367,2687,2858
541,0.76,13538,0.38461538461538497,0.009629449555176972,0,413,3870,0.021,0.348,2911,4592,3752
542,0.75,1461,0.30769230769230793,0.36202816346202893,0,52,213,0.963,0.973,1030,1516,1692
543,0.77,10135,0.46153846153846195,0.05546202161660185,0,46,3454,0.476,0.784,2444,3190,4535
544,0.76,3551,0.38461538461538497,0.22148066864127536,0,40,2423,0.539,0.409,4324,113,2474
545,0.76,3575,0.38461538461538497,0.22041449141051184,0,41,2463,0.336,0.78,1381,1616,1151
546,0.77,10755,0.46153846153846195,0.04606211745494537,0,60,3492,0.648,0.405,4512,4770,3368
547,0.77,10371,0.46153846153846195,0.05181790658378749,0,53,3831,0.847,0.961,295,3680,2585
548,0.76,4452,0.38461538461538497,0.1856881900695434,0,70,2613,0.442,0.206,4338,4355,4182
549,0.76,7759,0.38461538461538497,0.09775284747584823,0,213,3102,0.885,0.561,3622,1330,4667
550,0.75,2870,0.30769230769230793,0.25518057822089124,0,126,388,0.722,0.925,3910,2502,823
551,0.76,6259,0.38461538461538497,0.13176176728854505,0,145,720,0.429,0.742,4703,3336,1570
552,0.77,11815,0.46153846153846195,0.03118086125709063,0,78,4533,0.618,0.12,1574,240,3884
553,0.76,8123,0.38461538461538497,0.09049510160406904,0,226,3317,0.212,0.861,2531,2165,2903
554,0.76,12673,0.38461538461538497,0.020082458075347254,0,390,1974,0.773,0.488,661,3914,42
555,0.76,7086,0.38461538461538497,0.11211628149626107,0,193,1081,0.486,0.143,3211,1466,4004
556,0.74,1657,0.23076923076923098,0.34210960196937457,0,86,2218,0.452,0.578,876,4839,3510
557,0.75,7011,0.30769230769230793,0.11380074366270032,0,261,945,0.857,0.317,4957,2914,4412
558,0.77,12942,0.46153846153846195,0.016757208956662217,0,98,1827,0.206,0.484,2253,1399,4711
559,0.76,7852,0.38461538461538497,0.09586665530893879,0,215,2838,0.778,0.858,4123,4397,2025
560,0.75,6020,0.30769230769230793,0.13792492408684975,0,239,848,0.283,0.914,3022,309,4240
561,0.74,891,0.23076923076923098,0.4402565264695675,0,53,2081,0.876,0.16,1479,2136,2722
562,0.77,8844,0.46153846153846195,0.07703263061120313,0,34,3356,0.913,0.453,516,1127,4079
563,0.76,12696,0.38461538461538497,0.019795396818935607,0,392,4572,0.259,0.692,3973,1782,2551
564,0.75,3148,0.30769230769230793,0.2405473037572523,0,144,349,0.395,0.26,1637,4208,2157
565,0.76,11588,0.38461538461538497,0.0342521103516491,0,342,4319,0.589,0.883,4757,2226,4862
566,0.76,9320,0.38461538461538497,0.06873352525963017,0,267,3786,0.319,0.467,89,1407,29
567,0.75,1664,0.30769230769230793,0.34144256093261616,0,61,255,0.634,0.843,3219,4659,2968
568,0.76,9180,0.38461538461538497,0.07112960826878101,0,262,1134,0.464,0.519,3050,3834,4640
569,0.75,2993,0.30769230769230793,0.2485387905274502,0,131,2420,0.868,0.274,1508,3259,3747
570,0.77,8404,0.46153846153846195,0.08511134030471257,0,33,3589,0.867,0.74,718,2450,3853
571,0.75,2465,0.30769230769230793,0.27925621374414256,0,105,270,0.317,0.547,2131,2886,2413
572,0.76,13706,0.38461538461538497,0.007676926165118392,0,416,4260,0.192,0.591,3324,3435,4179
573,0.75,3294,0.30769230769230793,0.2333717427033496,0,151,446,0.761,0.216,204,183,1318
574,0.76,14387,0.38461538461538497,0.0,0,427,1876,0.742,0.651,4445,1270,2096
575,0.75,955,0.30769230769230793,0.4292857861125021,0,33,2140,0.28,0.366,354,3506,3248
576,0.76,7004,0.38461538461538497,0.11395887837560215,0,190,3151,0.704,0.99,3484,430,953
577,0.76,7329,0.38461538461538497,0.10677855006076387,0,200,2935,0.378,0.682,2710,1235,1460
578,0.76,8406,0.38461538461538497,0.08507367037342317,0,236,1280,0.004,0.709,1514,66,4469
579,0.76,10331,0.38461538461538497,0.0524296798351529,0,294,3704,0.449,0.408,1355,860,3933
580,0.75,2505,0.30769230769230793,0.2767086652906934,0,106,2215,0.504,0.781,4475,2707,1873
581,0.76,12303,0.38461538461538497,0.024773399852834332,0,377,4908,0.487,0.874,4023,2827,3556
582,0.76,13096,0.38461538461538497,0.014884505483885868,0,404,3990,0.656,0.55,4788,3642,3994
583,0.75,3731,0.30769230769230793,0.21365403137792838,0,174,2767,0.002,0.305,706,4237,3091
584,0.77,12883,0.46153846153846195,0.017480583158613228,0,97,1765,0.376,0.334,4437,4464,943
585,0.76,13248,0.38461538461538497,0.013057592212051161,0,409,4205,0.235,0.219,2860,637,4777
586,0.76,4201,0.38461538461538497,0.19487389852798498,0,59,538,0.781,0.592,980,2620,1916
587,0.76,7208,0.38461538461538497,0.1094139411464643,0,198,871,0.113,0.768,211,3377,479
588,0.75,1605,0.30769230769230793,0.3471547527688559,0,58,2136,0.707,0.026,4293,4029,1450
589,0.76,11998,0.38461538461538497,0.028747574661175834,0,364,4644,0.09,0.624,1779,4848,1328
590,0.76,5234,0.38461538461538497,0.16007269711074879,0,99,646,0.895,0.25,4909,1849,4169
591,0.76,11731,0.38461538461538497,0.03231042647962967,0,352,4274,0.759,0.799,1953,4120,1124
592,0.76,13097,0.38461538461538497,0.014872417167753782,0,405,1716,0.6,0.68,366,449,4948
593,0.76,11717,0.38461538461538497,0.03249947333249348,0,349,1580,0.244,0.856,1468,3923,4069
594,0.76,9874,0.38461538461538497,0.05959231170911927,0,283,3049,0.803,0.481,4597,2156,1384
595,0.75,3209,0.30769230769230793,0.23750964808643882,0,148,333,0.587,0.101,3010,3326,2542
596,0.76,11011,0.38461538461538497,0.04233798026354363,0,320,4587,0.692,0.916,54,743,2167
597,0.74,603,0.23076923076923098,0.5019868378168465,0,32,2029,0.915,0.532,2266,4416,3324
598,0.74,1065,0.23076923076923098,0.41204231347635845,0,62,2078,0.075,0.45,2548,321,2016
599,0.76,7268,0.38461538461538497,0.10810165248613368,0,199,851,0.731,0.694,1630,2246,1043
600,0.76,11343,0.38461538461538497,0.037635141124175986,0,332,4069,0.609,0.261,3981,4975,4250
601,0.75,7374,0.30769230769230793,0.10580952936559296,0,267,2844,0.205,0.501,524,3050,2732
602,0.77,10980,0.46153846153846195,0.04278431605991906,0,64,1374,0.329,0.606,4336,3131,736
603,0.76,5186,0.38461538461538497,0.16153109978155344,0,98,2707,0.655,0.233,2455,133,3500
604,0.75,1185,0.30769230769230793,0.39515313120921347,0,40,148,0.984,0.352,253,3806,2342
605,0.77,12598,0.46153846153846195,0.021022159645635807,0,90,4928,0.856,0.666,2897,1535,3029
606,0.77,12696,0.46153846153846195,0.019795396818935607,0,93,4547,0.427,0.272,2995,2216,833
607,0.76,3883,0.38461538461538497,0.20733342802680355,0,49,705,0.62,0.897,1115,4219,3675
608,0.75,1766,0.30769230769230793,0.332028759719484,0,66,372,0.291,0.714,39,4946,3874
609,0.76,11947,0.38461538461538497,0.02942195349372645,0,361,4371,0.725,0.089,3159,1791,1579
610,0.77,12422,0.46153846153846195,0.023249476595433194,0,83,1443,0.444,0.809,3585,104,3378
611,0.75,3879,0.30769230769230793,0.20749656737195676,0,182,2600,0.509,0.435,465,3199,1142
612,0.76,11841,0.38461538461538497,0.030832860886026436,0,357,3844,0.166,0.678,3883,3776,2035
613,0.75,3412,0.30769230769230793,0.22780093756858544,0,158,2478,0.646,0.61,2802,929,4192
614,0.75,2313,0.30769230769230793,0.289328924230158,0,98,2438,0.475,0.202,401,2363,2868
615,0.77,11621,0.46153846153846195,0.033801911282618224,0,73,3440,0.541,0.574,3531,4346,85
616,0.76,9406,0.38461538461538497,0.06727942512417395,0,270,1193,0.817,0.942,3858,516,3763
617,0.75,1830,0.30769230769230793,0.32639564187643677,0,72,196,0.023,0.635,4950,951,3651
618,0.76,3519,0.38461538461538497,0.22291349941987182,0,37,2640,0.369,0.75,2738,4780,2464
619,0.76,8987,0.38461538461538497,0.07449338243930259,0,255,1482,0.678,0.377,867,1606,4544
620,0.76,12013,0.38461538461538497,0.02854977337721809,0,365,1726,0.735,0.976,2360,3515,2267
621,0.75,5813,0.30769230769230793,0.14346391415989967,0,232,2805,0.859,0.88,3749,2805,4268
622,0.77,11938,0.46153846153846195,0.029541260275791403,0,79,4029,0.454,0.14,2168,4630,2661
623,0.74,680,0.23076923076923098,0.4829895141486752,0,41,49,0.531,0.515,4038,1476,600
624,0.76,10909,0.38461538461538497,0.04381133506951185,0,309,4870,0.628,0.44,1682,3902,4732
625,0.76,11010,0.38461538461538497,0.04235235856991171,0,319,3605,0.036,0.696,2639,3230,3126
626,0.74,1548,0.23076923076923098,0.35287621403008773,0,80,2273,0.98,0.072,769,75,1066
627,0.75,2141,0.30769230769230793,0.30155770911897395,0,87,2253,0.363,0.404,2481,4335,539
628,0.76,6672,0.38461538461538497,0.1216463762190374,0,165,987,0.955,0.647,3438,3739,1443
629,0.74,1098,0.23076923076923098,0.4072153513862641,0,65,109,0.126,0.963,2952,2923,1009
630,0.76,12355,0.38461538461538497,0.024105678711972445,0,380,3932,0.827,0.339,1082,1000,3227
631,0.76,11884,0.38461538461538497,0.030258995126909327,0,359,4108,0.251,0.928,1566,3317,3084
632,0.75,6425,0.30769230769230793,0.12761802839399583,0,251,811,0.403,0.12,3917,734,2211
633,0.76,12123,0.38461538461538497,0.027106732544186274,0,371,4478,0.581,0.745,2047,2560,4525
634,0.74,493,0.23076923076923098,0.5338166328256744,0,27,2039,0.808,0.86,499,1389,692
635,0.75,3415,0.30769230769230793,0.22766183076174884,0,159,2380,0.011,0.91,4195,4721,4913
636,0.76,11996,0.38461538461538497,0.028773966846678434,0,363,3538,0.942,0.286,2315,1703,2129
637,0.74,2153,0.23076923076923098,0.3006732000002794,0,94,295,0.494,0.472,1234,3633,4136
638,0.77,13291,0.46153846153846195,0.012544570476880623,0,103,3825,0.553,0.846,3114,615,1353
639,0.76,10962,0.38461538461538497,0.04304405736574368,0,313,1677,0.272,0.007,2683,1280,3614
640,0.76,13960,0.38461538461538497,0.004769877097974384,0,423,4235,0.119,0.391,4847,2610,2457
641,0.76,3772,0.38461538461538497,0.21192412861499266,0,44,392,0.927,0.763,1726,686,4596
642,0.76,4886,0.38461538461538497,0.1709637113452439,0,86,684,0.225,0.564,1890,193,2837
643,0.76,7857,0.38461538461538497,0.09576588086695015,0,216,3401,0.385,0.945,352,4020,1679
644,0.75,1809,0.30769230769230793,0.3282220071598466,0,69,2175,0.41,0.66,1254,2993,283
645,0.76,11390,0.38461538461538497,0.03698052344548375,0,334,4420,0.2,0.795,966,1820,3960
646,0.76,5156,0.38461538461538497,0.16244947080463157,0,96,910,0.753,0.422,2836,4915,1801
647,0.76,10963,0.38461538461538497,0.04302961610879352,0,314,4166,0.905,0.596,187,2343,3453
648,0.75,1861,0.30769230769230793,0.3237375083152827,0,75,2239,0.762,0.627,3949,1884,4622
649,0.76,8797,0.38461538461538497,0.07787618028695287,0,249,3622,0.591,0.46,1012,484,1700
650,0.76,11621,0.38461538461538497,0.033801911282618224,0,344,4858,0.248,0.716,4429,2390,104
651,0.74,784,0.23076923076923098,0.46048789713729177,0,49,69,0.096,0.267,2391,4807,4566
652,0.75,4322,0.30769230769230793,0.19037916074419559,0,196,2781,0.265,0.152,218,978,888
653,0.76,9115,0.38461538461538497,0.07225452274907496,0,259,1302,0.689,0.526,3348,2902,3672
654,0.77,11534,0.46153846153846195,0.03499157224806648,0,70,1751,0.14,0.242,3987,282,2559
655,0.77,11496,0.46153846153846195,0.03551401240408325,0,69,4654,0.333,0.964,2269,368,4702
656,0.75,3201,0.30769230769230793,0.23790472432503218,0,147,429,0.446,0.018,4620,3096,552
657,0.77,11239,0.46153846153846195,0.03909335006181236,0,66,4243,0.507,0.641,1500,1095,2711
658,0.76,13719,0.38461538461538497,0.0075268370179165656,0,417,1645,0.851,0.775,1203,4924,1525
659,0.77,12240,0.46153846153846195,0.02558616052046525,0,81,1547,0.289,0.491,1777,2011,2325
660,0.76,10971,0.38461538461538497,0.0429141334483395,0,316,4790,0.777,0.298,378,2660,3912
661,0.75,1813,0.30769230769230793,0.3278724999087258,0,70,195,0.274,0.789,4109,4264,189
662,0.77,10919,0.46153846153846195,0.043666280803329904,0,63,3853,0.71,0.416,2229,2438,3109
663,0.76,6932,0.38461538461538497,0.11559464036053269,0,180,3123,0.555,0.077,3836,2593,4797
664,0.76,12734,0.38461538461538497,0.019322259051165913,0,394,4341,0.15,0.817,418,4496,3279
665,0.77,9369,0.46153846153846195,0.06790339021329106,0,37,3300,0.355,0.253,4933,3409,2811
666,0.77,14138,0.46153846153846195,0.00276400284897127,0,110,1957,0.66,0.878,1812,175,496
667,0.74,774,0.23076923076923098,0.46251775469034073,0,46,2064,0.315,0.108,3386,4894,4149
668,0.76,6552,0.38461538461538497,0.1245194637465783,0,156,3231,0.638,0.734,256,1798,1307
669,0.76,13170,0.38461538461538497,0.013992453686402673,0,407,4468,0.046,0.473,4299,1223,325
670,0.75,5375,0.30769230769230793,0.15586472770712168,0,223,791,0.97,0.849,2429,2971,2621
671,0.75,611,0.30769230769230793,0.49990356143811676,0,27,88,0.748,0.193,699,787,3841
672,0.76,5247,0.38461538461538497,0.15968001401981813,0,100,1006,0.42,0.384,531,59,3728
673,0.76,12061,0.38461538461538497,0.027918464800105625,0,368,4995,0.596,0.758,3661,3212,788
674,0.75,6799,0.30769230769230793,0.11866143016740904,0,258,830,0.143,0.462,4526,4051,3798
675,0.76,11525,0.38461538461538497,0.03511515236657903,0,339,4507,0.841,0.836,1407,2069,1659
676,0.76,9221,0.38461538461538497,0.07042413565245942,0,265,3270,0.497,0.082,2949,225,130
677,0.74,781,0.23076923076923098,0.46109412654596815,0,48,2103,0.55,0.706,1070,3398,2816
678,0.76,14102,0.38461538461538497,0.0031676403409164333,0,425,1996,0.458,0.312,3890,1866,1821
679,0.75,4812,0.30769230769230793,0.17337946487399614,0,209,781,0.863,0.552,434,1194,301
680,0.75,2601,0.30769230769230793,0.2707567643125819,0,113,332,0.039,0.868,914,466,2287
681,0.76,7488,0.38461538461538497,0.1033808964213474,0,204,3084,0.321,0.737,1867,4137,3474
682,0.76,10998,0.38461538461538497,0.042525000172256466,0,318,1585,0.632,0.113,4997,2292,769
683,0.76,9558,0.38461538461538497,0.06474160199084444,0,274,1449,0.196,0.654,2983,4682,619
684,0.75,5999,0.30769230769230793,0.13847810011413642,0,237,2635,0.757,0.032,1113,1429,2680
685,0.71,69,0.0,0.8431934212406359,0,8,3476,0.084,0.332,2,1951,4754
686,0.75,3103,0.30769230769230793,0.24282615404396313,0,140,2445,0.901,0.955,3132,3856,1990
687,0.76,11656,0.38461538461538497,0.033325822155791274,0,346,3514,0.785,0.982,3047,1028,3576
688,0.76,11525,0.38461538461538497,0.03511515236657903,0,339,1230,0.574,0.598,4585,4698,2263
689,0.76,6201,0.38461538461538497,0.13323553010221334,0,141,3026,0.96,0.787,120,272,3063
690,0.75,3612,0.30769230769230793,0.21878474029546802,0,168,469,0.68,0.668,2332,3946,1720
691,0.76,11454,0.38461538461538497,0.036093459047667587,0,338,4614,0.535,0.345,4683,1362,3535
692,0.76,10970,0.38461538461538497,0.04292856417527513,0,315,3397,0.131,0.604,1226,765,4506
693,0.74,971,0.23076923076923098,0.4266578963991111,0,56,2123,0.17,0.756,2170,2263,3697
694,0.76,4957,0.38461538461538497,0.16868003596827819,0,87,888,0.514,0.014,3713,338,4677
695,0.76,2951,0.38461538461538497,0.2507755321542956,0,32,518,0.343,0.314,2636,1163,2911
696,0.77,10323,0.46153846153846195,0.052552318664261355,0,51,1791,0.997,0.573,1718,1740,3893
697,0.76,7484,0.38461538461538497,0.1034654839593353,0,203,1263,0.424,0.163,949,3827,4995
698,0.75,5864,0.30769230769230793,0.1420811392528749,0,235,2743,0.623,0.539,2829,1983,2056
699,0.76,2215,0.38461538461538497,0.296180332547747,0,26,2338,0.721,0.479,165,4555,2614
700,0.75,969,0.30769230769230793,0.42698400716417373,0,34,126,0.39,0.617,3597,2486,2519
701,0.75,6604,0.30769230769230793,0.12326805284438036,0,255,2821,0.67,0.281,3401,660,2439
702,0.77,9689,0.46153846153846195,0.06258656842065446,0,41,3313,0.487,0.851,4583,1370,3604
703,0.76,3361,0.38461538461538497,0.23018464687282747,0,35,2446,0.913,0.037,2043,2636,1114
704,0.76,13866,0.38461538461538497,0.005839502534843333,0,420,4195,0.252,0.702,2363,4039,4253
705,0.76,10938,0.38461538461538497,0.043391043285933906,0,311,3499,0.642,0.094,3312,3643,2592
706,0.75,1868,0.30769230769230793,0.32314341110614775,0,76,2261,0.75,0.253,772,1365,3132
707,0.76,11580,0.38461538461538497,0.034361442575562395,0,341,3573,0.698,0.132,1753,3707,4342
708,0.76,7116,0.38461538461538497,0.11144748275271277,0,196,1172,0.909,0.262,801,2380,519
709,0.74,1243,0.23076923076923098,0.3875937121029067,0,73,253,0.242,0.064,315,1624,1895
710,0.76,11610,0.38461538461538497,0.03395183544697311,0,343,1508,0.586,0.823,3772,968,991
711,0.77,10459,0.46153846153846195,0.050480268884501966,0,54,1506,0.97,0.477,2626,2440,2686
712,0.76,7849,0.38461538461538497,0.09592715077695968,0,214,936,0.949,0.746,1033,3274,4917
713,0.76,8188,0.38461538461538497,0.08923337276276722,0,228,3104,0.51,0.796,2023,390,766
714,0.75,2570,0.30769230769230793,0.2726543815903799,0,110,305,0.3,0.95,365,2808,2739
715,0.76,11316,0.38461538461538497,0.03801242575198205,0,330,3784,0.008,0.928,4135,3500,969
716,0.75,3799,0.30769230769230793,0.210795160025121,0,178,413,0.58,0.24,1597,2264,3439
717,0.76,8427,0.38461538461538497,0.08467867627134684,0,237,3205,0.894,0.288,56,3899,2120
718,0.75,2859,0.30769230769230793,0.2557883590841953,0,124,2587,0.354,0.024,715,4682,528
719,0.76,5490,0.38461538461538497,0.15251361837003552,0,109,2788,0.174,0.955,3421,3785,4392
720,0.77,11268,0.46153846153846195,0.03868538192161086,0,67,1760,0.722,0.142,884,21,1902
721,0.77,9114,0.46153846153846195,0.07227189170531689,0,35,1245,0.367,0.501,4928,2299,1178
722,0.76,11453,0.38461538461538497,0.036107281276535286,0,337,1712,0.129,0.703,3858,2515,3542
723,0.76,8456,0.38461538461538497,0.0841348232173833,0,239,3190,0.042,0.159,1898,2038,1315
724,0.75,2540,0.30769230769230793,0.27451269776504417,0,109,358,0.484,0.362,983,4300,3121
725,0.77,12787,0.46153846153846195,0.0186647087439179,0,95,3885,0.931,0.549,3445,565,592
726,0.76,12275,0.38461538461538497,0.025134111821141447,0,376,4305,0.214,0.26,4753,4389,673
727,0.76,5271,0.38461538461538497,0.15895760947924742,0,102,2681,0.764,0.171,1345,3298,3577
728,0.75,2830,0.30769230769230793,0.2574019646494904,0,123,2325,0.834,0.51,2321,3764,190
729,0.76,12602,0.38461538461538497,0.020971901183040043,0,386,1893,0.869,0.649,1415,4170,840
730,0.76,12450,0.38461538461538497,0.022893028091337864,0,383,3973,0.466,0.113,1721,3074,3951
731,0.76,9093,0.38461538461538497,0.0726370806342852,0,256,3559,0.744,0.976,2789,2563,2937
732,0.76,7685,0.38461538461538497,0.09926990910400935,0,210,3048,0.078,0.749,3735,3712,4403
733,0.76,8905,0.38461538461538497,0.0759444701734352,0,253,1509,0.59,0.452,921,1721,381
734,0.75,3251,0.30769230769230793,0.23545151874608283,0,149,2380,0.159,0.264,3313,1961,4280
735,0.76,6948,0.38461538461538497,0.11522967441194643,0,184,975,0.429,0.971,2135,1114,4842
736,0.76,6325,0.38461538461538497,0.13010124618011976,0,149,2648,0.246,0.916,3038,238,1987
737,0.76,4104,0.38461538461538497,0.19857159684240577,0,55,587,0.967,0.898,4545,2090,1337
738,0.75,5200,0.30769230769230793,0.16110434286424835,0,219,2698,0.187,0.113,2661,3861,4714
739,0.75,3154,0.30769230769230793,0.24024592031511183,0,145,439,0.474,0.49,4630,2052,1633
740,0.76,11081,0.38461538461538497,0.041334729832121386,0,324,3892,0.984,0.693,2443,2796,3154
741,0.75,2966,0.30769230769230793,0.24997306353087467,0,129,345,0.652,0.023,3330,4227,2255
742,0.77,13617,0.46153846153846195,0.008708298750704002,0,104,1808,0.458,0.658,1861,2868,689
743,0.75,5404,0.30769230769230793,0.1550129540372246,0,224,2770,0.937,0.393,4049,2281,4095
744,0.76,7750,0.38461538461538497,0.09793658039365849,0,212,3281,0.366,0.132,4974,1445,3254
745,0.76,7859,0.38461538461538497,0.0957255890432277,0,217,1165,0.045,0.252,3039,4480,85
746,0.76,9497,0.38461538461538497,0.06575518890727405,0,273,3610,0.924,0.009,396,3640,515
747,0.77,8287,0.46153846153846195,0.08733077715100235,0,31,1323,0.766,0.546,3553,1904,3116
748,0.76,8671,0.38461538461538497,0.08016003978273545,0,246,1457,0.286,0.047,2039,4560,1006
749,0.76,7965,0.38461538461538497,0.09360466356136654,0,221,3045,0.796,0.781,4851,301,3781
750,0.76,13082,0.38461538461538497,0.01505383889089662,0,403,1889,0.892,0.306,1753,4146,1334
751,0.77,12714,0.46153846153846195,0.019571102670899232,0,94,4630,0.32,0.954,1502,3481,4186
752,0.76,7367,0.38461538461538497,0.10595987693752873,0,201,1178,0.83,0.221,4315,1646,717
753,0.77,8235,0.46153846153846195,0.08832726911928157,0,30,1339,0.482,0.437,2808,2696,2766
754,0.76,9869,0.38461538461538497,0.05967249743910019,0,282,3937,0.128,0.053,4971,1526,1433
755,0.76,6457,0.38461538461538497,0.12683155439946314,0,152,984,0.031,0.992,1995,3796,3236
756,0.76,12196,0.38461538461538497,0.026156287636271203,0,374,4025,0.442,0.195,3136,139,264
757,0.76,3929,0.38461538461538497,0.20546930893933624,0,50,2563,0.636,0.611,1675,1518,1830
758,0.77,9373,0.46153846153846195,0.06783581585440657,0,38,3302,0.061,0.849,1960,2200,832
759,0.75,2817,0.30769230769230793,0.2581306780499095,0,122,2350,0.54,0.084,4773,2941,4229
760,0.76,12029,0.38461538461538497,0.028339057364796916,0,367,4804,0.248,0.684,4396,4705,1455
761,0.76,10120,0.38461538461538497,0.05569649871005178,0,287,1427,0.511,0.581,2468,2353,1263
762,0.75,8532,0.30769230769230793,0.08271835340998013,0,271,1602,0.068,0.188,492,4426,2352
763,0.76,12451,0.38461538461538497,0.022880312617655996,0,384,4358,0.293,0.303,2040,753,3685
764,0.76,5726,0.38461538461538497,0.14585100117264382,0,121,808,0.579,0.272,27,1733,3074
765,0.75,3031,0.30769230769230793,0.24654194514791639,0,136,593,0.253,0.088,1128,2236,4515
766,0.76,13862,0.38461538461538497,0.005885179194507484,0,419,1867,0.908,0.83,4546,330,3543
767,0.76,9164,0.38461538461538497,0.07140576963034895,0,261,1465,0.371,0.233,4488,919,95
768,0.76,7659,0.38461538461538497,0.09980640052468293,0,209,1208,0.134,0.665,242,2019,878
769,0.76,13054,0.38461538461538497,0.015393049991111574,0,402,4709,0.819,0.04,3362,3787,3642
770,0.77,10731,0.46153846153846195,0.04641578860825646,0,59,4748,0.055,0.646,1093,2943,4964
771,0.76,9265,0.38461538461538497,0.06967052370384497,0,266,1247,0.992,0.021,2964,941,2044
772,0.75,1776,0.30769230769230793,0.331135265697731,0,68,173,0.168,0.337,3425,526,368
773,0.76,11877,0.38461538461538497,0.030352273507189165,0,358,1379,0.653,0.753,394,4326,3943
774,0.76,11242,0.38461538461538497,0.0390510976787487,0,327,4074,0.435,0.1,41,2569,1053
775,0.76,4014,0.38461538461538497,0.20208144620074098,0,53,554,0.611,0.723,3171,724,3192
776,0.77,12621,0.46153846153846195,0.020733391113054833,0,91,4524,0.733,0.291,1152,3307,1555
777,0.76,10060,0.38461538461538497,0.05663789512418782,0,285,3248,0.077,0.534,4609,3981,583
778,0.76,430,0.38461538461538497,0.5554167399370928,0,23,2013,0.102,0.826,3636,3109,1374
779,0.75,6050,0.30769230769230793,0.1371380103374037,0,240,759,0.694,0.069,2093,4956,393
780,0.76,5077,0.38461538461538497,0.16489364458440248,0,92,3062,0.246,0.129,675,380,3333
781,0.76,12675,0.38461538461538497,0.02005747555530135,0,391,4387,0.111,0.248,1941,2332,1925
782,0.76,5830,0.38461538461538497,0.14300164603453658,0,124,866,0.935,0.622,3811,4100,4767
783,0.76,3880,0.38461538461538497,0.20745576677375055,0,48,535,0.233,0.797,4922,4906,2783
784,0.76,10748,0.38461538461538497,0.04616518995737584,0,304,1768,0.575,0.058,840,3003,4301
785,0.76,6594,0.38461538461538497,0.12350794186067104,0,158,2760,0.95,0.087,4644,3239,2232
786,0.77,13900,0.46153846153846195,0.005451782051847709,0,108,3697,0.502,0.202,2745,1586,727
787,0.77,12374,0.46153846153846195,0.023862404418119265,0,82,4934,0.158,0.942,1828,1009,2333
788,0.75,1846,0.30769230769230793,0.32501813045320826,0,74,143,0.061,0.009,3852,3749,3039
789,0.76,5615,0.38461538461538497,0.1489497981367398,0,117,2702,0.331,0.377,3524,2422,1863
790,0.75,3896,0.30769230769230793,0.20680438310169802,0,183,2403,0.18,0.118,2597,4296,1636
791,0.76,6165,0.38461538461538497,0.13415722771437644,0,138,1150,0.523,0.871,1679,3623,38
792,0.76,12616,0.38461538461538497,0.0207961220938917,0,387,3772,0.636,0.174,4011,1040,4630
793,0.75,3800,0.30769230769230793,0.2107535005799489,0,179,2516,0.043,0.931,554,1713,3737
794,0.76,11719,0.38461538461538497,0.032472452815239694,0,350,1486,0.972,0.309,3674,4710,817
795,0.76,10541,0.38461538461538497,0.049243924055478505,0,298,1700,0.418,0.959,4286,2105,337
796,0.76,7191,0.38461538461538497,0.10978774234056354,0,197,3044,0.598,0.335,2406,4010,2652
797,0.75,4445,0.30769230769230793,0.18593727137571803,0,198,662,0.087,0.392,987,695,1114
798,0.77,13268,0.46153846153846195,0.012818770656152778,0,101,4631,0.897,0.766,2868,2600,3428
799,0.76,8816,0.38461538461538497,0.07753462946601475,0,250,3375,0.305,0.027,1325,4523,4957
800,0.76,9600,0.38461538461538497,0.06404747538223732,0,275,3156,0.278,0.649,2413,2047,4311
801,0.76,9338,0.38461538461538497,0.06842807168489484,0,268,3362,0.744,0.365,2698,3023,347
802,0.76,4143,0.38461538461538497,0.19707449704711077,0,56,431,0.194,0.425,3823,2274,3419
803,0.76,7956,0.38461538461538497,0.09378364247688609,0,220,3030,0.415,0.057,3495,3448,2106
804,0.76,11317,0.38461538461538497,0.03799843620300358,0,331,1501,0.041,0.083,2301,2737,3862
805,0.75,4607,0.30769230769230793,0.18027089930128626,0,204,2502,0.974,0.708,4171,833,1626
806,0.77,12978,0.46153846153846195,0.016317446160499016,0,99,4820,0.521,0.144,1181,1930,2403
807,0.76,12458,0.38461538461538497,0.02279133288401136,0,385,3577,0.178,0.899,4638,7,807
808,0.76,2012,0.38461538461538497,0.3113919873848747,0,24,2312,0.153,0.739,3687,1654,2242
809,0.76,9197,0.38461538461538497,0.07083671365912092,0,264,3645,0.831,0.115,567,4730,4459
810,0.76,9816,0.38461538461538497,0.06052497231661791,0,281,1086,0.559,0.499,2144,1060,636
811,0.76,302,0.38461538461538497,0.6112071631190749,0,22,11,0.359,0.175,1668,567,1777
812,0.76,8057,0.38461538461538497,0.09178661334477423,0,223,1277,0.951,0.93,2586,2470,170
813,0.76,7071,0.38461538461538497,0.11245174327963703,0,191,2942,0.577,0.957,1317,1290,3258
814,0.75,5637,0.30769230769230793,0.148330784046253,0,229,744,0.261,0.292,3184,2510,4852
815,0.76,9189,0.38461538461538497,0.07097447892381747,0,263,3342,0.1,0.158,4136,1341,1185
816,0.76,6773,0.38461538461538497,0.11926795731730211,0,168,3255,0.878,0.825,668,3573,4721
817,0.75,5260,0.30769230769230793,0.1592883024552737,0,220,558,0.437,0.885,2101,1724,1545
818,0.76,12176,0.38461538461538497,0.026416116562170244,0,372,3971,0.063,0.974,3374,1960,4403
819,0.75,4252,0.30769230769230793,0.19296384277970413,0,194,948,0.16,0.044,1018,4534,266
820,0.75,1400,0.30769230769230793,0.3687759048398259,0,49,157,0.849,0.055,2004,2029,4974
821,0.76,8783,0.38461538461538497,0.07812832163093497,0,248,1232,0.053,0.37,1844,1507,2595
822,0.76,9464,0.38461538461538497,0.06630623959013371,0,272,3478,0.339,0.236,922,2677,1253
823,0.76,10850,0.38461538461538497,0.04466987092693031,0,307,3883,0.962,0.013,1820,2934,868
824,0.76,6878,0.38461538461538497,0.11683264882660838,0,177,1335,0.532,0.205,1370,4829,1912
825,0.76,4858,0.38461538461538497,0.171873450801442,0,84,2883,0.906,0.185,2523,3972,4055
826,0.76,5010,0.38461538461538497,0.1669965380756162,0,88,597,0.702,0.304,4696,299,223
827,0.76,8120,0.38461538461538497,0.09055357869447067,0,225,3215,0.238,0.485,3629,4407,3553
828,0.77,14332,0.46153846153846195,0.0006063841976181594,0,111,1989,0.214,0.153,4533,3544,4657
829,0.77,8180,0.46153846153846195,0.08938812094413995,0,29,3303,0.771,0.529,1413,389,2362
830,0.76,5777,0.38461538461538497,0.1444473131007057,0,123,3089,0.07,0.829,2201,1117,51
831,0.77,10207,0.46153846153846195,0.05434134019030534,0,48,1619,0.883,0.453,4082,3119,2893
832,0.76,8518,0.38461538461538497,0.08297833166291513,0,242,1316,0.188,0.255,620,803,1504
833,0.76,7897,0.38461538461538497,0.09496198616978468,0,219,1046,0.325,0.815,4812,1900,1969
834,0.76,12847,0.38461538461538497,0.017923593080530376,0,398,3743,0.684,0.777,4351,2412,2756
835,0.75,7906,0.30769230769230793,0.09478167099886636,0,269,4966,0.029,0.024,308,507,4363
836,0.76,3768,0.38461538461538497,0.2120920699942639,0,43,2668,0.484,0.579,4499,1597,4832
837,0.75,3461,0.30769230769230793,0.2255440239189822,0,162,2541,0.148,0.103,1532,2459,459
838,0.76,9660,0.38461538461538497,0.06306111529996272,0,279,1540,0.837,0.727,4651,4286,2539
839,0.76,5389,0.38461538461538497,0.15545295446991192,0,106,2990,0.712,0.629,803,4512,928
840,0.76,8207,0.38461538461538497,0.08886645088252498,0,229,3195,0.606,0.038,4384,1246,2989
841,0.75,4012,0.30769230769230793,0.2021603334572124,0,186,499,0.079,0.223,3317,4090,748
842,0.76,6646,0.38461538461538497,0.12226446930614754,0,161,2903,0.312,0.354,4230,420,4425
843,0.76,5289,0.38461538461538497,0.15841796097946026,0,103,2987,0.164,0.402,3082,1770,4230
844,0.76,4425,0.38461538461538497,0.1866510990973509,0,67,2577,0.726,0.866,4897,3760,4385
845,0.76,7612,0.38461538461538497,0.10078084946747157,0,208,3793,0.072,0.123,854,3182,3481
846,0.75,2812,0.30769230769230793,0.25841184793460714,0,121,293,0.881,0.747,2734,86,718
847,0.77,6741,0.46153846153846195,0.12001765612187143,0,26,1133,0.208,0.922,3498,912,1851
848,0.76,8582,0.38461538461538497,0.08179332904193837,0,244,3534,0.433,0.558,3796,4585,3009
849,0.75,2994,0.30769230769230793,0.24848591802054298,0,132,2347,0.614,0.183,1916,1489,245
850,0.76,5777,0.38461538461538497,0.1444473131007057,0,123,1095,0.666,0.171,152,2876,3317
851,0.76,9614,0.38461538461538497,0.0638167744581466,0,276,1025,0.799,0.092,1300,4314,2887
852,0.75,7172,0.30769230769230793,0.11020656718469979,0,264,2918,0.813,0.615,2117,3299,421
853,0.75,3742,0.30769230769230793,0.2131880527338489,0,175,479,0.545,0.995,569,2129,4088
854,0.75,5473,0.30769230769230793,0.15300455433071702,0,227,927,0.373,0.672,742,1372,3345
855,0.75,7580,0.30769230769230793,0.10144775252733884,0,268,3173,0.019,0.806,1655,2542,2187
856,0.75,1125,0.30769230769230793,0.4033726266227451,0,37,2162,0.965,0.434,4785,717,4873
857,0.76,8543,0.38461538461538497,0.08251438384085652,0,243,1937,0.059,0.584,106,4196,1026
858,0.77,11038,0.46153846153846195,0.041950258746258684,0,65,3436,0.988,0.211,3227,2195,3184
859,0.76,10607,0.38461538461538497,0.048255782450767115,0,300,684,0.652,0.342,4150,3522,1997
860,0.76,4883,0.38461538461538497,0.17106093377412812,0,85,615,0.174,0.541,1342,3494,4929
861,0.75,7210,0.30769230769230793,0.10937002249972971,0,265,2860,0.467,0.909,1055,2320,1106
862,0.76,7513,0.38461538461538497,0.10285324572814192,0,205,1361,0.093,0.951,4743,1459,2948
863,0.75,5264,0.30769230769230793,0.15916797053197196,0,221,2685,0.891,0.328,1613,4612,9
864,0.76,10483,0.38461538461538497,0.05011741145952864,0,297,3719,0.191,0.004,2079,3885,2386
865,0.75,1897,0.30769230769230793,0.32070562740421804,0,78,2299,0.393,0.834,2881,3717,3780
866,0.75,2726,0.30769230769230793,0.2633278016691184,0,116,2484,0.23,0.359,1167,2854,656
867,0.76,10972,0.38461538461538497,0.04289970403657628,0,317,4731,0.379,0.225,1465,1681,4480
868,0.76,5591,0.38461538461538497,0.14962785793311872,0,115,2596,0.118,0.658,3186,593,4012
869,0.76,7525,0.38461538461538497,0.10260059665251464,0,207,1410,0.929,0.036,66,3610,1795
870,0.76,11072,0.38461538461538497,0.04146336359989833,0,323,1624,0.492,0.702,1957,668,1935
871,0.75,3123,0.30769230769230793,0.2418092801537075,0,142,371,0.835,0.442,3538,1263,964
872,0.75,4661,0.30769230769230793,0.17842629528547982,0,206,742,0.005,0.134,2770,2078,1469
873,0.76,10563,0.38461538461538497,0.048913857807805994,0,299,4555,0.948,0.509,889,4003,4330
874,0.75,648,0.30769230769230793,0.49060971420279087,0,29,2074,0.546,0.126,4935,2292,4529
875,0.75,3016,0.30769230769230793,0.2473271677218415,0,135,2575,0.722,0.768,46,3800,999
876,0.75,3002,0.30769230769230793,0.24806357240040633,0,134,2377,0.408,0.529,3621,4159,4182
877,0.75,5158,0.30769230769230793,0.1623880800630857,0,216,2923,0.604,0.074,1104,2513,824
878,0.76,10267,0.38461538461538497,0.053413460680917346,0,291,3339,0.526,0.936,2020,4864,3978
879,0.76,11419,0.38461538461538497,0.03657795649383111,0,336,4595,0.184,0.177,3563,3039,3006
880,0.76,12436,0.38461538461538497,0.023071152032214992,0,382,4302,0.976,0.493,2785,3464,4445
881,0.77,11699,0.46153846153846195,0.0327428657254879,0,76,3892,0.413,0.769,4570,854,4285
882,0.75,1844,0.30769230769230793,0.3251896653783978,0,73,235,0.602,0.396,1440,2759,1522
883,0.76,8828,0.38461538461538497,0.07731929217275513,0,251,1191,0.309,0.213,2214,3282,1086
884,0.76,14154,0.38461538461538497,0.0025849381852666165,0,426,4692,0.738,0.586,4084,29,3147
885,0.75,620,0.30769230769230793,0.49759218140307104,0,28,30,0.766,0.919,4405,3153,3398
886,0.76,7110,0.38461538461538497,0.11158101668286291,0,195,1064,0.065,0.72,4247,2728,4210
887,0.76,11401,0.38461538461538497,0.03682770511877831,0,335,3661,0.294,0.855,3285,1558,378
888,0.75,1380,0.30769230769230793,0.3710523886375968,0,47,2201,0.123,0.063,1597,1076,3298
889,0.76,11159,0.38461538461538497,0.04022426001628232,0,325,4956,0.268,0.428,635,4748,2112
890,0.76,5403,0.38461538461538497,0.15504224938756483,0,107,967,0.716,0.8,2516,1671,4895
891,0.76,10789,0.38461538461538497,0.04556243185539288,0,305,3960,0.564,0.244,477,4254,438
892,0.75,4538,0.30769230769230793,0.18265960618546984,0,201,2723,0.221,0.986,3934,3660,1331
893,0.77,10917,0.46153846153846195,0.04369528102695941,0,62,1401,0.795,0.363,2054,583,4115
894,0.77,12487,0.46153846153846195,0.02242323435820759,0,87,1810,0.346,0.905,281,2641,4577
895,0.75,3297,0.30769230769230793,0.23322765649246824,0,152,576,0.938,0.146,4363,4485,3596
896,0.79,182,0.6153846153846159,0.6910428819403472,0,5,5,0.581,0.155,957,2185,4506
897,0.73,506,0.15384615384615397,0.5297040192510196,0,28,47,0.636,0.031,411,2398,4462
898,0.74,744,0.23076923076923098,0.46876830535959224,0,45,98,0.579,0.052,3318,4677,4650
899,0.83,217,0.923076923076923,0.6633342951765595,0,12,1,0.552,0.249,3573,3316,4379
900,0.74,936,0.23076923076923098,0.43246413657362304,0,54,76,0.566,0.104,3789,2344,4444
901,0.83,220,0.923076923076923,0.6611703427601796,0,13,1,0.543,0.224,1267,2260,4398
902,0.74,473,0.23076923076923098,0.5403599904807033,0,26,55,0.604,0.154,2152,4786,4409
903,0.83,187,0.923076923076923,0.6867750569474447,0,7,1,0.592,0.092,4162,2,4490
904,0.83,154,0.923076923076923,0.7173347811545643,1,1,1,0.562,0.064,1707,1932,4442
905,0.83,304,0.923076923076923,0.610165536201102,0,21,1,0.507,0.228,4552,315,4453
906,0.74,1968,0.23076923076923098,0.3148910628465803,0,89,160,0.607,0.146,1733,309,4397
907,0.74,1035,0.23076923076923098,0.41656193683932785,0,60,77,0.63,0.001,3985,1825,4536
908,0.83,162,0.923076923076923,0.7093669756656374,0,2,1,0.634,0.133,2520,2229,4530
909,0.74,562,0.23076923076923098,0.5131163465188535,0,29,62,0.592,0.251,1289,3383,4719
910,0.82,170,0.846153846153846,0.7017810111919371,0,3,1,0.52,0.126,2029,304,4515
911,0.83,214,0.923076923076923,0.6655282340298428,0,11,1,0.56,0.311,2448,1594,4473
912,0.75,527,0.30769230769230793,0.5232782849513342,0,24,14,0.627,0.237,4002,1580,4614
913,0.84,1260,1.0,0.385444733604395,1,1,1,0.537,0.999,1844,1303,4406
914,0.77,274,0.46153846153846195,0.6265587923322993,0,21,10,0.664,0.159,4264,2085,4596
915,0.74,467,0.23076923076923098,0.542376918653935,0,25,39,0.529,0.32,3501,1901,4264
916,0.75,2960,0.30769230769230793,0.25029356307445394,0,128,419,0.504,0.144,3558,4296,4243
917,0.74,1600,0.23076923076923098,0.34764844422114094,0,85,199,0.535,0.008,2705,1050,4447
918,0.71,26,0.0,0.9940246976412845,0,2,1813,0.001,0.001,1,1937,4903
919,0.71,26,0.0,0.9940246976412845,0,2,1,0.999,0.512,1,1,2602
920,0.71,26,0.0,0.9940246976412845,0,2,5000,0.001,0.001,1,4735,5000
921,0.71,26,0.0,0.9940246976412845,0,2,1760,0.999,0.999,1,3229,1
922,0.83,182,0.923076923076923,0.6910428819403472,0,3,1,0.999,0.827,57,505,1
923,0.71,25,0.0,1.0,1,1,4624,0.001,0.614,1,2285,1
924,0.76,10288,0.38461538461538497,0.0530899832974191,0,292,4282,0.367,0.045,4203,2177,4035
925,0.76,4430,0.38461538461538497,0.18647234022043768,0,68,645,0.48,0.968,1554,4439,674
926,0.77,13270,0.46153846153846195,0.0127949083018557,0,102,1898,0.823,0.23,3096,2533,2192
927,0.76,6532,0.38461538461538497,0.12500342169779077,0,154,3134,0.846,0.382,4050,4168,854
928,0.76,12707,0.38461538461538497,0.019658290419885982,0,393,4409,0.44,0.637,593,3590,2382
929,0.76,13883,0.38461538461538497,0.0056455236090711125,0,421,4195,0.641,0.937,756,3068,69
930,0.75,6507,0.30769230769230793,0.1256104568730606,0,253,2957,0.05,0.199,4839,4993,1598
931,0.75,3391,0.30769230769230793,0.22877812248679408,0,156,2386,0.255,0.508,4883,534,1422
932,0.76,11662,0.38461538461538497,0.03324435042819773,0,347,4829,0.106,0.888,2671,4362,2736
933,0.77,13700,0.46153846153846195,0.007746246096375864,0,106,3755,0.805,0.689,3445,4797,4814
934,0.76,3097,0.38461538461538497,0.2431324941339792,0,33,2538,0.399,0.448,1902,2950,3207
935,0.76,8724,0.38461538461538497,0.07919535137150346,0,247,1683,0.025,0.414,3250,3349,201
936,0.75,1914,0.30769230769230793,0.3192938403168999,0,79,195,0.649,0.194,1348,3782,4478
937,0.76,5329,0.38461538461538497,0.1572252870121349,0,105,719,0.92,0.452,1937,2485,4067
938,0.75,2164,0.30769230769230793,0.29986671808743115,0,90,224,0.537,0.09,1416,3663,4522
939,0.75,2725,0.30769230769230793,0.2633858712536544,0,115,279,0.58,0.999,1457,2125,4710
940,0.75,2778,0.30769230769230793,0.26033716082126146,0,119,225,0.491,0.999,3655,2740,4513
941,0.75,1829,0.30769230769230793,0.32648213558001526,0,71,186,0.515,0.289,2855,1071,4566
942,0.75,1730,0.30769230769230793,0.33528774381509097,0,64,205,0.63,0.306,2448,569,4431
943,0.81,228,0.7692307692307699,0.6555403550867955,0,14,1,0.001,0.045,1781,2249,2963
944,0.75,4951,0.30769230769230793,0.16887175351395978,0,212,2820,0.355,0.39,1398,1938,56
945,0.75,3791,0.30769230769230793,0.21112883079237754,0,177,650,0.172,0.011,551,3061,4859
946,0.76,6701,0.38461538461538497,0.12095979945812774,0,166,991,0.781,0.648,1758,1193,3927
947,0.75,3466,0.30769230769230793,0.22531552522083842,0,163,473,0.263,0.987,1961,119,2525
948,0.75,2442,0.30769230769230793,0.2807398320846993,0,104,281,0.377,0.167,1850,1332,2970
