dataset_name,PC1,PC2,PC3,PC4,PC5
Electricity,1.0704277546210585,-0.4300088847920697,4.350977898467193,-2.1204485967342155,-1.9805975380421892
ForestCovertype,-3.4646156394456638,-3.2905694756650203,-1.0024113813641404,-1.1068255695033586,1.8112679795227138
GasSensor,3.7306128114380925,-4.12918527435609,-8.5915657945975,-0.9681661112272554,3.5462812746833294
NOAAWeather,5.782754864171676,-0.2688333901630351,0.09606510530046403,3.403581953470918,-1.0513039164537863
OutdoorObjects,-2.7712562379383407,5.181578661025753,-2.519769812531897,-1.2688305374556328,-2.15295405474342
Ozone,3.9814941292360326,-2.1482241282601873,-4.17575495539689,-2.2764882535279596,0.19642490920402259
PokerHand,-1.2115906327443933,-1.376882892108773,2.522772551725132,-1.3944938576324875,0.18616612435378826
RialtoBridgeTimelapse,-4.488759445732935,-1.6616087451633907,-0.5744637301630877,4.04919252542636,-0.8330948612149797
SensorStream,1.101545207832566,3.994548855126722,1.3025843239632284,0.7143123359563758,3.8240913573738498
