detector,dataset,detector_count,dataset_file_count,detector_file_count,completed_pair_count,zero_completion_pair_count,recommendation_attempted_count,recommendation_completed_count,completion_rate,benchmark_pareto_completed_count,paper_default_total_count,paper_default_completed_count,gd_plus,igd_plus,recommendation_benchmark_dominance_rate,benchmark_pareto_dominated_rate,exact_r2_recommendations,exact_r2_benchmark,r2_gap,recommendation_default_dominance_rate,default_dominated_rate,spearman_accuracy,spearman_runtime,valid_pair_count__gd_plus,valid_detector_count__gd_plus,valid_pair_count_total__gd_plus,valid_pair_count__igd_plus,valid_detector_count__igd_plus,valid_pair_count_total__igd_plus,valid_pair_count__recommendation_benchmark_dominance_rate,valid_detector_count__recommendation_benchmark_dominance_rate,valid_pair_count_total__recommendation_benchmark_dominance_rate,valid_pair_count__benchmark_pareto_dominated_rate,valid_detector_count__benchmark_pareto_dominated_rate,valid_pair_count_total__benchmark_pareto_dominated_rate,valid_pair_count__exact_r2_recommendations,valid_detector_count__exact_r2_recommendations,valid_pair_count_total__exact_r2_recommendations,valid_pair_count__exact_r2_benchmark,valid_detector_count__exact_r2_benchmark,valid_pair_count_total__exact_r2_benchmark,valid_pair_count__r2_gap,valid_detector_count__r2_gap,valid_pair_count_total__r2_gap,valid_pair_count__recommendation_default_dominance_rate,valid_detector_count__recommendation_default_dominance_rate,valid_pair_count_total__recommendation_default_dominance_rate,valid_pair_count__default_dominated_rate,valid_detector_count__default_dominated_rate,valid_pair_count_total__default_dominated_rate,valid_pair_count__spearman_accuracy,valid_detector_count__spearman_accuracy,valid_pair_count_total__spearman_accuracy,valid_pair_count__spearman_runtime,valid_detector_count__spearman_runtime,valid_pair_count_total__spearman_runtime
BNDM,Electricity,,,,,,20,20,1.0,5,7,7,0.19857085373013333,0.1750000000000001,0.0,0.0,0.257872547524575,0.1492552443937757,0.10861730313079931,0.55,1.0,0.7554611324988875,0.9464873289911088,,,,,,,,,,,,,,,,,,,,,,,,,,,,,,,,,
BNDM,ForestCovertype,,,,,,20,20,1.0,20,6,6,0.061923186301562495,0.05502114172232162,0.3,0.3,0.17587852082665376,0.15819034942188673,0.017688171404767028,0.1,1.0,0.869720714559177,0.7183152068719215,,,,,,,,,,,,,,,,,,,,,,,,,,,,,,,,,
BNDM,GasSensor,,,,,,20,20,1.0,11,6,6,0.16154731415867923,0.14858559729433732,0.0,0.0,0.19382612943336167,0.12449113292873833,0.06933499650462334,0.35,1.0,0.9698385001704236,0.990946731234621,,,,,,,,,,,,,,,,,,,,,,,,,,,,,,,,,
BNDM,NOAAWeather,,,,,,20,20,1.0,2,6,6,0.125,0.0,0.0,0.0,0.2206215974583725,0.3426600706268305,-0.122038473168458,0.75,0.3333333333333333,0.7877173445839876,0.7877173445839876,,,,,,,,,,,,,,,,,,,,,,,,,,,,,,,,,
BNDM,OutdoorObjects,,,,,,20,20,1.0,3,7,7,0.058552885327610917,0.08333333333333355,0.25,0.6666666666666666,0.12500000000000033,0.10505940085693558,0.019940599143064758,0.95,1.0,0.5741275106958216,0.6920903663201896,,,,,,,,,,,,,,,,,,,,,,,,,,,,,,,,,
BNDM,Ozone,,,,,,20,20,1.0,3,7,7,0.0,0.5,0.0,0.0,0.5,0.17651215525875558,0.3234878447412444,0.0,0.0,,,,,,,,,,,,,,,,,,,,,,,,,,,,,,,,,,,
BNDM,PokerHand,,,,,,20,20,1.0,24,6,6,0.0,0.0011459555437612345,1.0,0.9166666666666666,0.08301819010604976,0.09778796362017893,-0.01476977351412917,0.15,1.0,0.9552464007616128,0.9559985632818976,,,,,,,,,,,,,,,,,,,,,,,,,,,,,,,,,
BNDM,RialtoBridgeTimelapse,,,,,,20,20,1.0,20,7,7,0.016355825880086865,0.02973559649204092,0.6,0.6,0.13040676696563352,0.1477285066441485,-0.01732173967851497,0.3,1.0,0.9766415311988762,0.975070337856753,,,,,,,,,,,,,,,,,,,,,,,,,,,,,,,,,
BNDM,SensorStream,,,,,,20,20,1.0,20,6,6,0.03429815755045175,0.0325492784763568,0.55,0.4,0.17508959356847678,0.15164108848404476,0.023448505084432025,0.05,1.0,0.9721200426285111,0.900751879699248,,,,,,,,,,,,,,,,,,,,,,,,,,,,,,,,,
BNDM,ALL,,9.0,,9.0,0.0,180,180,1.0,108,58,58,0.07291646921650274,0.11393010031801684,0.30000000000000004,0.3203703703703703,0.20685703843145817,0.16148065691503272,0.04537638151642541,0.3555555555555555,0.8148148148148148,0.8576091471371623,0.8709222198549659,9.0,,,9.0,,,9.0,,,9.0,,,9.0,,,9.0,,,9.0,,,9.0,,,9.0,,,8.0,,,8.0,,
CDBD,Electricity,,,,,,20,20,1.0,4,9,9,0.09166666666666674,0.013888888888888895,0.0,0.0,0.09498108890217635,0.09351910059808279,0.0014619883040935672,0.95,1.0,0.9464012824320657,0.8885292341901395,,,,,,,,,,,,,,,,,,,,,,,,,,,,,,,,,
CDBD,ForestCovertype,,,,,,20,20,1.0,7,9,9,0.18505894857736707,0.018110900374589938,0.35,0.7142857142857143,0.08472273176503708,0.16218430455393873,-0.07746157278890164,0.35,1.0,0.8986374972514306,0.8544566230434583,,,,,,,,,,,,,,,,,,,,,,,,,,,,,,,,,
CDBD,GasSensor,,,,,,20,20,1.0,1,9,9,0.4033389567194199,0.0,0.0,0.0,0.0,0.0,0.0,0.9,1.0,0.3223291856101521,0.6210590034081187,,,,,,,,,,,,,,,,,,,,,,,,,,,,,,,,,
CDBD,NOAAWeather,,,,,,20,20,1.0,2,9,9,0.4584119152701157,0.0,0.0,0.0,0.1041279654057212,0.1041279654057212,0.0,1.0,1.0,0.34684398780964804,0.7732462185651845,,,,,,,,,,,,,,,,,,,,,,,,,,,,,,,,,
CDBD,OutdoorObjects,,,,,,20,20,1.0,2,9,9,1.0,1.0,0.0,0.0,0.75,0.25,0.5,1.0,1.0,,,,,,,,,,,,,,,,,,,,,,,,,,,,,,,,,,,
CDBD,Ozone,,,,,,20,20,1.0,1,9,9,0.0,0.0,0.0,0.0,0.0,0.0,0.0,0.0,0.0,,,,,,,,,,,,,,,,,,,,,,,,,,,,,,,,,,,
CDBD,PokerHand,,,,,,20,20,1.0,6,9,9,0.21186152304754557,0.0937500000000001,0.15,0.5,0.1390909982474418,0.12428773222692727,0.014803266020514544,0.6,1.0,0.7009459905318275,0.9529899132007584,,,,,,,,,,,,,,,,,,,,,,,,,,,,,,,,,
CDBD,RialtoBridgeTimelapse,,,,,,20,20,1.0,9,9,9,0.48959266925953865,0.44386697735246106,0.0,0.0,0.3681414395247585,0.11590255167383008,0.2522388878509284,0.0,0.0,-0.0715390565238845,0.7173191865318286,,,,,,,,,,,,,,,,,,,,,,,,,,,,,,,,,
CDBD,SensorStream,,,,,,20,20,1.0,4,9,9,0.0957563148801466,0.0,0.35,1.0,0.09852670213640183,0.1497712661412802,-0.05124456400487837,1.0,1.0,0.8786404437227849,0.8377259036144578,,,,,,,,,,,,,,,,,,,,,,,,,,,,,,,,,
CDBD,ALL,,9.0,,9.0,0.0,180,180,1.0,36,81,81,0.32618744382453335,0.17440186295732665,0.09444444444444444,0.24603174603174605,0.1821767695535041,0.11108810228886448,0.07108866726463961,0.6444444444444444,0.7777777777777778,0.574608475833432,0.8064751546505639,9.0,,,9.0,,,9.0,,,9.0,,,9.0,,,9.0,,,9.0,,,9.0,,,9.0,,,7.0,,,7.0,,
CDLEEDS,Electricity,,,,,,20,20,1.0,4,5,2,0.2909156981906897,0.4119904351248549,0.0,0.0,0.37151811516463557,0.17004773388742622,0.20147038127720934,0.45,1.0,0.9062715296043525,0.8570356075517805,,,,,,,,,,,,,,,,,,,,,,,,,,,,,,,,,
CDLEEDS,ForestCovertype,,,,,,20,3,0.15,3,5,0,0.04279084598412201,0.617651495929712,0.0,0.0,0.5000229681650662,0.2480356126445764,0.2519873555204898,1.0,1.0,,1.0,,,,,,,,,,,,,,,,,,,,,,,,,,,,,,,,,
CDLEEDS,GasSensor,,,,,,20,20,1.0,5,5,2,0.23572597352721608,0.08957123473987663,0.2,0.6,0.19039149136518163,0.14838184670019156,0.042009644664990076,0.25,1.0,0.8500468946849997,0.6521091732625641,,,,,,,,,,,,,,,,,,,,,,,,,,,,,,,,,
CDLEEDS,NOAAWeather,,,,,,20,20,1.0,2,5,5,0.9654586599495423,0.8804723247226601,0.0,0.0,0.5732451650640589,0.12625211601566744,0.44699304904839143,1.0,0.6,0.3784378163042982,0.7488721804511278,,,,,,,,,,,,,,,,,,,,,,,,,,,,,,,,,
CDLEEDS,OutdoorObjects,,,,,,20,20,1.0,5,5,5,0.0,0.04000000000000008,0.8,0.6,0.23307567766734805,0.23965936011589212,-0.00658368244854407,1.0,1.0,0.6666105268494471,0.6117257518550562,,,,,,,,,,,,,,,,,,,,,,,,,,,,,,,,,
CDLEEDS,Ozone,,,,,,20,20,1.0,3,5,5,0.3667423900394471,0.4156408316894174,0.05,0.3333333333333333,0.3333333333333333,0.15650929567849967,0.17682403765483365,0.85,0.6,-0.1392500690033995,0.6912537128692536,,,,,,,,,,,,,,,,,,,,,,,,,,,,,,,,,
CDLEEDS,PokerHand,,,,,,20,9,0.45,0,1,0,0.0,0.0,1.0,1.0,0.0,0.75,-0.75,1.0,1.0,,0.21666666666666667,,,,,,,,,,,,,,,,,,,,,,,,,,,,,,,,,
CDLEEDS,RialtoBridgeTimelapse,,,,,,20,20,1.0,3,5,4,0.46312775411957247,0.19543771534313104,0.05,0.3333333333333333,0.25616346094483644,0.1976575978798923,0.05850586306494415,0.95,1.0,0.7894909597915297,0.657390042728858,,,,,,,,,,,,,,,,,,,,,,,,,,,,,,,,,
CDLEEDS,SensorStream,,,,,,20,20,1.0,1,5,0,0.218782793028122,0.0,0.25,1.0,0.0,0.1353515042472695,-0.1353515042472695,1.0,1.0,,0.8491652866889684,,,,,,,,,,,,,,,,,,,,,,,,,,,,,,,,,
CDLEEDS,ALL,,9.0,,9.0,0.0,180,152,0.84,26,41,23,0.28706045720430123,0.2945293375055169,0.2611111111111111,0.42962962962962964,0.2730833568560511,0.241321674129935,0.0317616827261161,0.8333333333333334,0.911111111111111,0.575267943038538,0.6982464913415861,9.0,,,9.0,,,9.0,,,9.0,,,9.0,,,9.0,,,9.0,,,9.0,,,9.0,,,6.0,,,9.0,,
CSDDM,Electricity,,,,,,20,20,1.0,4,2,2,0.26424214705464383,0.027777777777777818,0.1,0.25,0.0848057753241244,0.09059624298345809,-0.005790467659333692,0.25,1.0,0.826528185612237,0.9841026139090921,,,,,,,,,,,,,,,,,,,,,,,,,,,,,,,,,
CSDDM,ForestCovertype,,,,,,20,20,1.0,23,2,0,0.0,0.011272141706924265,1.0,0.8695652173913043,0.12512411989727293,0.12492669667901102,0.00019742321826191067,1.0,1.0,0.9649734625964552,0.9649734625964552,,,,,,,,,,,,,,,,,,,,,,,,,,,,,,,,,
CSDDM,GasSensor,,,,,,20,20,1.0,13,2,2,0.02180942041752445,0.03499152410709989,0.55,0.6153846153846154,0.18559093922620584,0.18569984827746214,-0.00010890905125629513,0.3,1.0,0.9693548851687649,0.993214618854786,,,,,,,,,,,,,,,,,,,,,,,,,,,,,,,,,
CSDDM,NOAAWeather,,,,,,20,20,1.0,2,4,4,0.14785454786848412,0.0,0.0,0.0,0.11817041872494077,0.15698077078306266,-0.03881035205812189,0.75,1.0,0.9009980885456504,0.7983697862924675,,,,,,,,,,,,,,,,,,,,,,,,,,,,,,,,,
CSDDM,OutdoorObjects,,,,,,20,20,1.0,3,2,2,0.09629960730139772,0.0,0.15,1.0,0.16207652439312212,0.20937425762450512,-0.047297733231383005,0.1,1.0,0.7209188355514639,0.8491225709509225,,,,,,,,,,,,,,,,,,,,,,,,,,,,,,,,,
CSDDM,Ozone,,,,,,20,20,1.0,2,4,4,0.0,0.5,0.0,0.0,0.5,0.25,0.25,0.0,0.0,,,,,,,,,,,,,,,,,,,,,,,,,,,,,,,,,,,
CSDDM,PokerHand,,,,,,20,20,1.0,16,2,2,0.028571428571428536,0.0,0.85,1.0,0.08251335356486601,0.16783713179169496,-0.08532377822682895,0.15,1.0,0.8411154117024067,0.8411154117024067,,,,,,,,,,,,,,,,,,,,,,,,,,,,,,,,,
CSDDM,RialtoBridgeTimelapse,,,,,,20,20,1.0,19,2,2,0.00138888888888889,0.0014619883040935685,0.95,0.9473684210526315,0.12636969759712197,0.14958955814354188,-0.023219860546419918,0.15,1.0,0.9045695282452441,0.90484312806332,,,,,,,,,,,,,,,,,,,,,,,,,,,,,,,,,
CSDDM,SensorStream,,,,,,20,20,1.0,27,2,2,0.015165456100284986,0.013516110658003096,0.65,0.5185185185185185,0.12449507384882347,0.12332129856025474,0.0011737752885687264,0.05,1.0,0.9939770308390125,0.9744360902255638,,,,,,,,,,,,,,,,,,,,,,,,,,,,,,,,,
CSDDM,ALL,,9.0,,9.0,0.0,180,180,1.0,109,22,20,0.06392572180029472,0.06544661583932207,0.4722222222222222,0.5778707524830078,0.16768287806405305,0.16203620053811008,0.005646677525942988,0.3055555555555555,0.8888888888888888,0.8903044285326543,0.9137722103243767,9.0,,,9.0,,,9.0,,,9.0,,,9.0,,,9.0,,,9.0,,,9.0,,,9.0,,,8.0,,,8.0,,
D3,Electricity,,,,,,20,20,1.0,4,8,8,0.25913470603217703,0.15508508332971907,0.0,0.0,0.1599334210653453,0.10050825139824997,0.05942516966709534,0.25,0.5,0.7973311399251893,0.944751130930229,,,,,,,,,,,,,,,,,,,,,,,,,,,,,,,,,
D3,ForestCovertype,,,,,,20,20,1.0,21,8,8,0.0017380066159962849,0.012050577484271355,0.9,0.6190476190476191,0.13099141926315572,0.12894939295920008,0.0020420263039556408,0.25,1.0,0.9890860651696296,0.9921023642555648,,,,,,,,,,,,,,,,,,,,,,,,,,,,,,,,,
D3,GasSensor,,,,,,20,20,1.0,13,8,8,0.10575764771909299,0.08255644088315538,0.05,0.15384615384615385,0.17062155311026136,0.11618940119761752,0.05443215191264385,0.2,0.5,0.9577137615895573,0.8183894312360954,,,,,,,,,,,,,,,,,,,,,,,,,,,,,,,,,
D3,NOAAWeather,,,,,,20,20,1.0,2,8,8,0.0,0.5,0.0,0.0,0.5,0.25,0.25,1.0,0.375,,,,,,,,,,,,,,,,,,,,,,,,,,,,,,,,,,,
D3,OutdoorObjects,,,,,,20,20,1.0,4,8,8,0.2375000000000007,0.25000000000000067,0.0,0.0,0.2916666666666672,0.18326335651238107,0.10840331015428611,0.05,0.625,0.37796447300922725,0.37796447300922725,,,,,,,,,,,,,,,,,,,,,,,,,,,,,,,,,
D3,Ozone,,,,,,20,20,1.0,2,8,8,0.0,0.5,0.0,0.0,0.5,0.25,0.25,1.0,0.25,,,,,,,,,,,,,,,,,,,,,,,,,,,,,,,,,,,
D3,PokerHand,,,,,,20,20,1.0,19,8,8,0.04070869607652068,0.019824946184041375,0.2,0.42105263157894735,0.08389740308692013,0.08407616304484425,-0.0001787599579241156,0.05,0.625,0.8369129718537562,0.8284989261435387,,,,,,,,,,,,,,,,,,,,,,,,,,,,,,,,,
D3,RialtoBridgeTimelapse,,,,,,20,20,1.0,14,8,8,0.044411183857472766,0.014115791663059651,0.65,0.8571428571428571,0.15070468082373883,0.15985679587395982,-0.009152115050220982,0.55,1.0,0.8620971540829587,0.8446785102797569,,,,,,,,,,,,,,,,,,,,,,,,,,,,,,,,,
D3,SensorStream,,,,,,20,20,1.0,20,8,8,0.07226304401537757,0.053935471145415505,0.45,0.45,0.20039053910140614,0.15391026867556548,0.04648027042584066,0.85,1.0,0.9506968799918131,0.5062053761516263,,,,,,,,,,,,,,,,,,,,,,,,,,,,,,,,,
D3,ALL,,9.0,,9.0,0.0,180,180,1.0,99,72,72,0.0846125871462931,0.1763964789655181,0.25000000000000006,0.2778988068461753,0.2431339647908327,0.15852818107353536,0.08460578371729739,0.4666666666666667,0.6527777777777778,0.8245432065174475,0.7589414588580057,9.0,,,9.0,,,9.0,,,9.0,,,9.0,,,9.0,,,9.0,,,9.0,,,9.0,,,7.0,,,7.0,,
DAWIDD,Electricity,,,,,,20,20,1.0,2,2,2,0.5078174101355539,0.25000000000000006,0.0,0.0,0.17118151027436027,0.09802873484097893,0.07315277543338133,0.1,0.5,0.1172138266535962,0.7822117484696574,,,,,,,,,,,,,,,,,,,,,,,,,,,,,,,,,
DAWIDD,ForestCovertype,,,,,,20,20,1.0,13,2,2,0.031922447477342214,0.2148531492471037,0.0,0.0,0.36192289354758655,0.1747307975935176,0.18719209595406897,0.0,0.0,0.5209880722517277,0.5209880722517277,,,,,,,,,,,,,,,,,,,,,,,,,,,,,,,,,
DAWIDD,GasSensor,,,,,,20,20,1.0,8,2,2,0.0889673229528648,0.13108800075387098,0.0,0.0,0.20245938668259603,0.17863874488559245,0.023820641797003578,0.0,0.0,0.5181017117406378,0.5181017117406378,,,,,,,,,,,,,,,,,,,,,,,,,,,,,,,,,
DAWIDD,NOAAWeather,,,,,,20,20,1.0,2,2,2,0.48551549589285764,0.35515495892857624,0.0,0.0,0.2838190423226682,0.19780114785377662,0.08601789446889158,1.0,1.0,0.37796447300922725,0.37796447300922725,,,,,,,,,,,,,,,,,,,,,,,,,,,,,,,,,
DAWIDD,OutdoorObjects,,,,,,20,20,1.0,2,2,2,0.05,0.0,0.0,0.0,0.20833333333333362,0.29166666666666774,-0.08333333333333412,0.25,1.0,0.7336267891526626,0.7336267891526626,,,,,,,,,,,,,,,,,,,,,,,,,,,,,,,,,
DAWIDD,Ozone,,,,,,20,20,1.0,2,2,2,0.0,0.5,0.0,0.0,0.5,0.25,0.25,1.0,1.0,,,,,,,,,,,,,,,,,,,,,,,,,,,,,,,,,,,
DAWIDD,PokerHand,,,,,,20,20,1.0,17,2,2,0.018969264930077216,0.22889693228182262,0.85,0.058823529411764705,0.23103404311524242,0.16607358349573378,0.06496045961950864,0.0,0.0,0.6216640293707959,0.6216640293707959,,,,,,,,,,,,,,,,,,,,,,,,,,,,,,,,,
DAWIDD,RialtoBridgeTimelapse,,,,,,20,20,1.0,23,2,1,0.1370678764143493,0.2836245163751137,0.0,0.0,0.19555332316583673,0.11338130056894627,0.08217202259689046,0.0,0.0,0.6886500387556949,0.20961719364230863,,,,,,,,,,,,,,,,,,,,,,,,,,,,,,,,,
DAWIDD,SensorStream,,,,,,20,20,1.0,16,2,1,0.029746953815166427,0.1420049321404353,0.8,0.0625,0.2301254157382509,0.19342783920294623,0.03669757653530467,0.1,1.0,0.6775760560563593,0.8086079871033942,,,,,,,,,,,,,,,,,,,,,,,,,,,,,,,,,
DAWIDD,ALL,,9.0,,9.0,0.0,180,180,1.0,85,18,16,0.15000075240202354,0.2339580544141025,0.18333333333333332,0.013480392156862746,0.2649365497977639,0.18486097945646218,0.08007557034130168,0.27222222222222225,0.5,0.5319731246238377,0.5715977505925514,9.0,,,9.0,,,9.0,,,9.0,,,9.0,,,9.0,,,9.0,,,9.0,,,9.0,,,8.0,,,8.0,,
DDAL,Electricity,,,,,,20,20,1.0,2,8,8,0.33333333333333326,0.6666666666666666,0.0,0.0,0.5,0.2,0.3,0.0,0.0,,,,,,,,,,,,,,,,,,,,,,,,,,,,,,,,,,,
DDAL,ForestCovertype,,,,,,20,20,1.0,7,8,8,0.035497641214431996,0.14627035646415237,0.1,0.14285714285714285,0.2316797661326897,0.17846683448221035,0.053212931650479356,0.1,0.875,0.8429343096516326,0.7570005729206586,,,,,,,,,,,,,,,,,,,,,,,,,,,,,,,,,
DDAL,GasSensor,,,,,,20,20,1.0,4,8,8,0.0,0.5416666666666672,0.0,0.0,0.5,0.19038996927854093,0.3096100307214591,0.0,0.0,,,,,,,,,,,,,,,,,,,,,,,,,,,,,,,,,,,
DDAL,NOAAWeather,,,,,,20,20,1.0,1,8,8,0.6,0.0,0.0,0.0,0.25,0.5,-0.25,1.0,1.0,0.8495907904857465,0.8495907904857465,,,,,,,,,,,,,,,,,,,,,,,,,,,,,,,,,
DDAL,OutdoorObjects,,,,,,20,20,1.0,1,8,8,1.0,1.0,0.0,0.0,0.5,0.0,0.5,0.0,0.0,,,,,,,,,,,,,,,,,,,,,,,,,,,,,,,,,,,
DDAL,Ozone,,,,,,20,20,1.0,1,8,8,0.0,0.0,0.0,0.0,0.0,0.0,0.0,0.0,0.0,,,,,,,,,,,,,,,,,,,,,,,,,,,,,,,,,,,
DDAL,PokerHand,,,,,,20,20,1.0,11,8,8,0.11604280959357852,0.2373369457778428,0.0,0.0,0.24879684255028747,0.1560369148215921,0.09275992772869537,0.7,1.0,0.5181017117406378,0.8018710295568235,,,,,,,,,,,,,,,,,,,,,,,,,,,,,,,,,
DDAL,RialtoBridgeTimelapse,,,,,,20,20,1.0,12,8,8,0.0,0.0511107252879807,0.95,0.5,0.23488142417469363,0.23442818463930448,0.00045323953538914385,0.1,1.0,0.5209880722517277,0.5209880722517277,,,,,,,,,,,,,,,,,,,,,,,,,,,,,,,,,
DDAL,SensorStream,,,,,,20,20,1.0,4,8,8,0.07794370005909594,0.06388556676416521,0.05,0.25,0.23345490880840625,0.21427191221993586,0.01918299658847039,0.45,1.0,0.8464441149228069,0.837407772888384,,,,,,,,,,,,,,,,,,,,,,,,,,,,,,,,,
DDAL,ALL,,9.0,,9.0,0.0,180,180,1.0,43,72,72,0.24031305380004886,0.3007707697363861,0.12222222222222223,0.0992063492063492,0.2998681046295641,0.1859548683823982,0.11391323624716593,0.2611111111111111,0.5416666666666666,0.7156117998105103,0.7533716476206681,9.0,,,9.0,,,9.0,,,9.0,,,9.0,,,9.0,,,9.0,,,9.0,,,9.0,,,5.0,,,5.0,,
EDFS,Electricity,,,,,,20,20,1.0,4,2,2,0.23405395741820886,0.06236423605101479,0.05,0.25,0.1058550466510303,0.09562417082199809,0.010230875829032204,0.3,0.5,0.8433264625113914,0.987125551679232,,,,,,,,,,,,,,,,,,,,,,,,,,,,,,,,,
EDFS,ForestCovertype,,,,,,20,20,1.0,7,2,0,0.14703255641679053,0.175862662850318,0.0,0.0,0.3154629294274579,0.16885681762639898,0.14660611180105892,1.0,1.0,0.8426505562964097,0.9067669172932331,,,,,,,,,,,,,,,,,,,,,,,,,,,,,,,,,
EDFS,GasSensor,,,,,,20,20,1.0,14,2,2,0.13098532578600772,0.11572565892121593,0.25,0.35714285714285715,0.22988198102222088,0.1645327163561291,0.06534926466609178,0.05,1.0,0.9155929935246065,0.9363481764304401,,,,,,,,,,,,,,,,,,,,,,,,,,,,,,,,,
EDFS,NOAAWeather,,,,,,20,20,1.0,3,2,2,0.0,0.0,1.0,1.0,0.13478864484540748,0.2164131450355305,-0.08162450019012302,0.0,0.0,0.37796447300922725,0.37796447300922725,,,,,,,,,,,,,,,,,,,,,,,,,,,,,,,,,
EDFS,OutdoorObjects,,,,,,20,20,1.0,3,2,2,0.0,0.11111111111111154,0.2,0.3333333333333333,0.2196910450670234,0.20937425762450512,0.010316787442518266,0.2,1.0,0.6936879756192961,0.6936879756192961,,,,,,,,,,,,,,,,,,,,,,,,,,,,,,,,,
EDFS,Ozone,,,,,,20,20,1.0,2,2,2,0.0,0.5,0.0,0.0,0.5,0.25,0.25,0.0,0.0,,,,,,,,,,,,,,,,,,,,,,,,,,,,,,,,,,,
EDFS,PokerHand,,,,,,20,20,1.0,7,2,2,0.07443466971416361,0.007378774111543291,0.4,0.8571428571428571,0.09502374352759323,0.11933783699688938,-0.024314093469296152,0.2,1.0,0.9001793869963011,0.9744360902255638,,,,,,,,,,,,,,,,,,,,,,,,,,,,,,,,,
EDFS,RialtoBridgeTimelapse,,,,,,20,20,1.0,14,2,2,0.06463589150551267,0.0021645021645021628,0.7,0.9285714285714286,0.09706119111414575,0.1258928948205717,-0.028831703706425946,0.25,1.0,0.8767773304574786,0.9966119367799453,,,,,,,,,,,,,,,,,,,,,,,,,,,,,,,,,
EDFS,SensorStream,,,,,,20,20,1.0,17,2,2,0.05238557619590388,0.04287407828796326,0.1,0.11764705882352941,0.12702223362589216,0.12214826278664327,0.004873970839248884,0.45,1.0,0.9871768400167631,0.9879699248120299,,,,,,,,,,,,,,,,,,,,,,,,,,,,,,,,,
EDFS,ALL,,9.0,,9.0,0.0,180,180,1.0,71,18,16,0.07816977522628749,0.11305344705529656,0.30000000000000004,0.4270930594460006,0.2027540905867523,0.16357556689651845,0.03917852369023389,0.27222222222222225,0.7222222222222222,0.8046695023039343,0.8576138807311209,9.0,,,9.0,,,9.0,,,9.0,,,9.0,,,9.0,,,9.0,,,9.0,,,9.0,,,8.0,,,8.0,,
HDDDM,Electricity,,,,,,20,20,1.0,6,3,3,0.03913773055278143,0.15314671374401098,0.2,0.3333333333333333,0.24736750199249757,0.1739502086201821,0.07341729337231548,0.65,1.0,0.905913137699937,0.8434105596341887,,,,,,,,,,,,,,,,,,,,,,,,,,,,,,,,,
HDDDM,ForestCovertype,,,,,,20,20,1.0,13,3,3,0.017044138795013524,0.004551522118824916,0.6,0.8461538461538461,0.1553649599623888,0.1696238377181551,-0.014258877755766286,0.2,0.3333333333333333,0.9475901674806851,0.8585404988732058,,,,,,,,,,,,,,,,,,,,,,,,,,,,,,,,,
HDDDM,GasSensor,,,,,,20,20,1.0,11,3,3,0.010946039331846956,0.25227101195777696,0.0,0.0,0.28820804281317164,0.16850858407777392,0.11969945873539772,0.0,0.0,0.37796447300922725,0.37796447300922725,,,,,,,,,,,,,,,,,,,,,,,,,,,,,,,,,
HDDDM,NOAAWeather,,,,,,20,20,1.0,2,3,3,0.475,0.25,0.05,0.5,0.24568028230456657,0.18889538977073306,0.05678489253383351,0.95,0.6666666666666666,0.37796447300922725,0.37796447300922725,,,,,,,,,,,,,,,,,,,,,,,,,,,,,,,,,
HDDDM,OutdoorObjects,,,,,,20,20,1.0,1,3,3,1.0,1.0,0.0,0.0,0.25,0.0,0.25,0.0,0.0,0.37796447300922725,0.37796447300922725,,,,,,,,,,,,,,,,,,,,,,,,,,,,,,,,,
HDDDM,Ozone,,,,,,20,20,1.0,1,3,3,0.0,0.0,0.0,0.0,0.0,0.0,0.0,0.0,0.0,,,,,,,,,,,,,,,,,,,,,,,,,,,,,,,,,,,
HDDDM,PokerHand,,,,,,20,20,1.0,15,3,3,0.006849191604973814,0.013498256624202853,0.7,0.4666666666666667,0.08555263225721293,0.08404945117331321,0.0015031810838997267,0.0,0.0,0.9656331039008043,0.8474407259491193,,,,,,,,,,,,,,,,,,,,,,,,,,,,,,,,,
HDDDM,RialtoBridgeTimelapse,,,,,,20,20,1.0,12,3,3,0.004387146842346817,0.020376902564583996,0.25,0.5,0.12678949169186757,0.13929202550697567,-0.012502533815108102,0.0,0.0,0.8522416262267903,0.8522416262267903,,,,,,,,,,,,,,,,,,,,,,,,,,,,,,,,,
HDDDM,SensorStream,,,,,,20,20,1.0,6,3,3,0.18796963765053878,0.10606060606060606,0.15,0.3333333333333333,0.24029947944547664,0.18260004243736905,0.05769943700810759,1.0,0.6666666666666666,0.7072451504710067,0.9759398496240601,,,,,,,,,,,,,,,,,,,,,,,,,,,,,,,,,
HDDDM,ALL,,9.0,,9.0,0.0,180,180,1.0,67,27,27,0.19348154275305574,0.1999894458966673,0.21666666666666667,0.33105413105413106,0.18214026560746466,0.12299105992272247,0.05914920568474217,0.3111111111111111,0.2962962962962963,0.6890645756008631,0.6889333349168807,9.0,,,9.0,,,9.0,,,9.0,,,9.0,,,9.0,,,9.0,,,9.0,,,9.0,,,8.0,,,8.0,,
IBDD,Electricity,,,,,,20,20,1.0,7,5,5,0.24838326123877796,0.26781515780634696,0.0,0.0,0.2723058815485419,0.14044178588355022,0.1318640956649917,0.55,1.0,0.7180214882997031,0.9603294904683278,,,,,,,,,,,,,,,,,,,,,,,,,,,,,,,,,
IBDD,ForestCovertype,,,,,,20,20,1.0,17,5,5,0.001884923345939027,0.005132928116624365,0.9,0.8235294117647058,0.15500880748644855,0.16212550019891225,-0.007116692712463707,0.15,1.0,0.9729323308270676,0.9744360902255638,,,,,,,,,,,,,,,,,,,,,,,,,,,,,,,,,
IBDD,GasSensor,,,,,,20,20,1.0,14,5,5,0.12270037159286744,0.10200046074266268,0.0,0.0,0.18745249703141553,0.12410077201649274,0.0633517250149228,0.1,0.2,0.8357218040891619,0.8016627726914156,,,,,,,,,,,,,,,,,,,,,,,,,,,,,,,,,
IBDD,NOAAWeather,,,,,,20,20,1.0,3,5,5,0.2054154402750885,0.0,0.05,0.6666666666666666,0.07964253133150509,0.10922365149172326,-0.029581120160218174,1.0,1.0,0.7659320154575221,0.9162258501821336,,,,,,,,,,,,,,,,,,,,,,,,,,,,,,,,,
IBDD,OutdoorObjects,,,,,,20,20,1.0,3,5,5,0.048213154345239415,0.0,0.25,1.0,0.10905214599276605,0.20937425762450512,-0.10032211163173907,1.0,1.0,0.7647994363213368,0.7839663096097781,,,,,,,,,,,,,,,,,,,,,,,,,,,,,,,,,
IBDD,Ozone,,,,,,20,20,1.0,2,5,5,0.0875,0.0,0.2,1.0,0.0,0.1,-0.1,0.95,1.0,0.13597501781509308,0.45056355688958294,,,,,,,,,,,,,,,,,,,,,,,,,,,,,,,,,
IBDD,PokerHand,,,,,,20,20,1.0,15,5,3,0.06150059967464126,0.008427966906128074,0.35,0.7333333333333333,0.08090444924364121,0.09030219734231776,-0.00939774809867655,0.25,1.0,0.7410504498626921,0.5671217357139647,,,,,,,,,,,,,,,,,,,,,,,,,,,,,,,,,
IBDD,RialtoBridgeTimelapse,,,,,,20,20,1.0,16,5,5,0.12992545734255911,0.059811647049539965,0.0,0.0,0.1472599891014647,0.12775176420397213,0.01950822489749257,0.7,1.0,0.8652396229241329,0.8605899912261703,,,,,,,,,,,,,,,,,,,,,,,,,,,,,,,,,
IBDD,SensorStream,,,,,,20,20,1.0,20,5,0,0.046592000055205376,0.051557989797235616,0.25,0.25,0.20877680712918775,0.18016849548469446,0.02860831164449329,1.0,1.0,0.9902184894979308,0.9883415516541411,,,,,,,,,,,,,,,,,,,,,,,,,,,,,,,,,
IBDD,ALL,,9.0,,9.0,0.0,180,180,1.0,97,45,38,0.10579057865225756,0.054971794490948626,0.2222222222222222,0.4970588235294118,0.13782256765166345,0.13816538047179644,-0.00034281282013301804,0.6333333333333333,0.911111111111111,0.7544322950105156,0.8114708165178975,9.0,,,9.0,,,9.0,,,9.0,,,9.0,,,9.0,,,9.0,,,9.0,,,9.0,,,9.0,,,9.0,,
IKS,Electricity,,,,,,20,20,1.0,3,7,2,0.4165333755383543,0.10188432468447538,0.15,0.3333333333333333,0.14141488034081715,0.0628074377163389,0.07860744262447825,0.95,1.0,0.8536158311268154,0.7825779174811314,,,,,,,,,,,,,,,,,,,,,,,,,,,,,,,,,
IKS,ForestCovertype,,,,,,20,20,1.0,7,7,0,0.5570894667889601,0.6614639142432319,0.0,0.0,0.28372810259571796,0.0685615273908489,0.21516657520486904,1.0,1.0,0.3838859479749573,0.2781954887218045,,,,,,,,,,,,,,,,,,,,,,,,,,,,,,,,,
IKS,GasSensor,,,,,,20,20,1.0,4,7,1,0.4344189440140803,0.2890537125766337,0.0,0.0,0.2025073233093693,0.09289329567094909,0.10961402763842021,0.1,1.0,0.832421438820042,0.9122426722906379,,,,,,,,,,,,,,,,,,,,,,,,,,,,,,,,,
IKS,NOAAWeather,,,,,,20,20,1.0,2,7,2,0.14610443152983002,0.03423766062162864,0.45,0.5,0.10327799706966372,0.08575300629939517,0.017524990770268548,1.0,1.0,0.7947194142390261,0.6545284714690429,,,,,,,,,,,,,,,,,,,,,,,,,,,,,,,,,
IKS,OutdoorObjects,,,,,,20,20,1.0,4,5,1,0.1678551556562935,0.375,0.0,0.0,0.33333333333333337,0.1033497589839203,0.22998357434941308,0.5,1.0,0.46419057805842123,0.8092531465551756,,,,,,,,,,,,,,,,,,,,,,,,,,,,,,,,,
IKS,Ozone,,,,,,20,20,1.0,1,7,7,0.0,0.0,0.0,0.0,0.0,0.0,0.0,1.0,0.5714285714285714,,,,,,,,,,,,,,,,,,,,,,,,,,,,,,,,,,,
IKS,PokerHand,,,,,,20,20,1.0,3,7,0,0.45790925251883985,0.5347888644041024,0.0,0.0,0.5049315081811105,0.18742441293042142,0.3175070952506891,1.0,1.0,,-0.12932330827067667,,,,,,,,,,,,,,,,,,,,,,,,,,,,,,,,,
IKS,RialtoBridgeTimelapse,,,,,,20,20,1.0,7,7,1,0.3129245017044573,0.18721723621239003,0.05,0.14285714285714285,0.20502952597964563,0.1026426489866946,0.10238687699295103,0.1,1.0,0.7616544803187341,0.8075187969924811,,,,,,,,,,,,,,,,,,,,,,,,,,,,,,,,,
IKS,SensorStream,,,,,,20,20,1.0,1,7,0,0.11985924821414395,0.0,0.6,1.0,0.0,0.17538236059786227,-0.17538236059786227,1.0,1.0,,-0.12542508999904037,,,,,,,,,,,,,,,,,,,,,,,,,,,,,,,,,
IKS,ALL,,9.0,,9.0,0.0,180,180,1.0,32,61,14,0.29029937510721765,0.24262730141582908,0.1388888888888889,0.21957671957671956,0.19713585231218417,0.09764604984182562,0.09948980247035856,0.7388888888888889,0.9523809523809523,0.6817479484229994,0.4986960119050695,9.0,,,9.0,,,9.0,,,9.0,,,9.0,,,9.0,,,9.0,,,9.0,,,9.0,,,6.0,,,8.0,,
NNDVI,Electricity,,,,,,20,20,1.0,3,10,3,0.11450879658943247,0.1494570270769226,0.3,0.6666666666666666,0.23977093749572964,0.1975213569775524,0.04224958051817723,0.5,0.3333333333333333,0.5057308001639018,0.7398496240601502,,,,,,,,,,,,,,,,,,,,,,,,,,,,,,,,,
NNDVI,ForestCovertype,,,,,,20,15,0.75,0,10,0,0.0,0.0,1.0,1.0,0.16044626258229575,0.75,-0.5895537374177042,1.0,1.0,0.7412493166611012,0.7571428571428571,,,,,,,,,,,,,,,,,,,,,,,,,,,,,,,,,
NNDVI,GasSensor,,,,,,20,20,1.0,5,10,6,0.06641118773358992,0.0,0.35,1.0,0.16774407924971618,0.20190160973386523,-0.034157530484149046,0.85,1.0,0.3036778545008492,0.9157894736842105,,,,,,,,,,,,,,,,,,,,,,,,,,,,,,,,,
NNDVI,NOAAWeather,,,,,,20,20,1.0,3,10,3,0.5080209435699701,0.0,0.15,1.0,0.0744938267259154,0.13484024693609215,-0.06034642021017675,0.5,1.0,-0.22463908982709985,0.8030075187969924,,,,,,,,,,,,,,,,,,,,,,,,,,,,,,,,,
NNDVI,OutdoorObjects,,,,,,20,20,1.0,3,10,10,0.3459563332483804,0.1302211322372273,0.05,0.3333333333333333,0.1715833447363383,0.16292453236653287,0.008658812369805424,0.65,1.0,0.5123765328107954,0.7050415840878124,,,,,,,,,,,,,,,,,,,,,,,,,,,,,,,,,
NNDVI,Ozone,,,,,,20,20,1.0,2,10,10,0.566385090946565,0.07431716878591749,0.1,0.5,0.1638120496499645,0.17380990923028994,-0.009997859580325452,0.7,1.0,-0.17342199390482402,0.7419975493032852,,,,,,,,,,,,,,,,,,,,,,,,,,,,,,,,,
NNDVI,PokerHand,,,,,,20,15,0.75,0,10,0,0.0,0.0,1.0,1.0,0.04125066278715945,0.75,-0.7087493372128405,1.0,1.0,0.39610696332209533,0.8285714285714284,,,,,,,,,,,,,,,,,,,,,,,,,,,,,,,,,
NNDVI,RialtoBridgeTimelapse,,,,,,20,20,1.0,3,10,6,0.04135440890189039,0.031250000000000035,0.65,0.6666666666666666,0.1836267631715152,0.3041854887922834,-0.12055872562076822,0.5,0.6666666666666666,0.41128748180172525,0.7468973826427413,,,,,,,,,,,,,,,,,,,,,,,,,,,,,,,,,
NNDVI,SensorStream,,,,,,20,5,0.25,0,10,0,0.0,0.0,1.0,1.0,0.11945904680116706,0.75,-0.630540953198833,1.0,1.0,-0.6,0.09999999999999999,,,,,,,,,,,,,,,,,,,,,,,,,,,,,,,,,
NNDVI,ALL,,9.0,,9.0,0.0,180,155,0.86,19,90,38,0.18251519566553645,0.04280503645556304,0.5111111111111111,0.7962962962962963,0.14690966368886682,0.38057590489295734,-0.23366624120409052,0.7444444444444445,0.8888888888888888,0.208040873947616,0.7042552686988307,9.0,,,9.0,,,9.0,,,9.0,,,9.0,,,9.0,,,9.0,,,9.0,,,9.0,,,9.0,,,9.0,,
OCDD,Electricity,,,,,,20,20,1.0,5,5,5,0.23727543649577845,0.24651777243243117,0.0,0.0,0.28821694334547154,0.1443485374489333,0.14386840589653824,0.65,0.8,0.8956865632037511,0.9690705569569752,,,,,,,,,,,,,,,,,,,,,,,,,,,,,,,,,
OCDD,ForestCovertype,,,,,,20,20,1.0,21,5,5,0.011184776483023313,0.033375340280575996,0.6,0.42857142857142855,0.1309696488016385,0.12367070226293736,0.00729894653870114,0.6,1.0,0.987544966195893,0.986085064093287,,,,,,,,,,,,,,,,,,,,,,,,,,,,,,,,,
OCDD,GasSensor,,,,,,20,20,1.0,13,5,5,0.1831261612220461,0.17242030205911021,0.05,0.07692307692307693,0.19576519345353682,0.11683116774675814,0.07893402570677868,0.5,0.8,0.9894464325222365,0.979655856912453,,,,,,,,,,,,,,,,,,,,,,,,,,,,,,,,,
OCDD,NOAAWeather,,,,,,20,20,1.0,3,5,5,0.06315510024308343,0.0,0.75,1.0,0.09243133688819344,0.14851045400424365,-0.05607911711605021,0.9,1.0,0.29659724343295923,0.4211654245089519,,,,,,,,,,,,,,,,,,,,,,,,,,,,,,,,,
OCDD,OutdoorObjects,,,,,,20,20,1.0,4,5,5,0.08474851805381887,0.0,0.3,1.0,0.07688453606806461,0.11340365603414726,-0.03651911996608265,0.3,1.0,0.9463026586692606,0.811576241334171,,,,,,,,,,,,,,,,,,,,,,,,,,,,,,,,,
OCDD,Ozone,,,,,,20,20,1.0,3,5,5,0.016666666666666666,0.11111111111111112,0.05,0.6666666666666666,0.16666666666666669,0.1320266478362847,0.03464001883038198,0.95,1.0,0.05484084971070818,,,,,,,,,,,,,,,,,,,,,,,,,,,,,,,,,,
OCDD,PokerHand,,,,,,20,20,1.0,17,5,5,0.030206065974863815,0.0,0.75,1.0,0.05488974149004398,0.09905943259227798,-0.044169691102233996,0.5,1.0,0.9707925358368684,0.8932330827067668,,,,,,,,,,,,,,,,,,,,,,,,,,,,,,,,,
OCDD,RialtoBridgeTimelapse,,,,,,20,20,1.0,18,5,5,0.0,0.01049412781534208,0.85,0.8333333333333334,0.12521488384745455,0.1580142632204712,-0.03279937937301666,0.25,1.0,0.9966119367799453,0.9386632999531767,,,,,,,,,,,,,,,,,,,,,,,,,,,,,,,,,
OCDD,SensorStream,,,,,,20,20,1.0,21,5,5,0.04169087665472432,0.04851963075888278,0.15,0.14285714285714285,0.12970835985894377,0.10997418049576921,0.019734179363174564,0.1,0.2,0.9249393174551037,0.8544566230434583,,,,,,,,,,,,,,,,,,,,,,,,,,,,,,,,,
OCDD,ALL,,9.0,,9.0,0.0,180,180,1.0,105,45,45,0.07422817797711168,0.06915980938416148,0.3888888888888889,0.5720390720390721,0.14008303449111265,0.12731544907131365,0.01276758541979901,0.5277777777777778,0.8666666666666667,0.7847513893118584,0.856738268688655,9.0,,,9.0,,,9.0,,,9.0,,,9.0,,,9.0,,,9.0,,,9.0,,,9.0,,,9.0,,,8.0,,
PCACD,Electricity,,,,,,20,20,1.0,3,6,6,0.338934966811881,0.17346477570631832,0.0,0.0,0.14134475940484809,0.08098972226835192,0.06035503713649616,1.0,1.0,0.2443115446165385,0.6837975155284136,,,,,,,,,,,,,,,,,,,,,,,,,,,,,,,,,
PCACD,ForestCovertype,,,,,,20,20,1.0,8,2,1,0.02908097352199863,0.03957894769565709,0.4,0.625,0.14564878316942284,0.16751675515848174,-0.021867971989058904,0.75,1.0,0.9609770159542237,0.6857142857142857,,,,,,,,,,,,,,,,,,,,,,,,,,,,,,,,,
PCACD,GasSensor,,,,,,20,20,1.0,9,2,2,0.03190880589212382,0.03621935561346944,0.35,0.5555555555555556,0.14798236123782538,0.14336816711130757,0.004614194126517812,0.7,1.0,0.5221087228245055,0.7602200662345631,,,,,,,,,,,,,,,,,,,,,,,,,,,,,,,,,
PCACD,NOAAWeather,,,,,,20,20,1.0,3,2,2,0.1576781504843277,0.16666666666666666,0.2,0.3333333333333333,0.2902715128269485,0.22223696325986506,0.06803454956708346,0.9,1.0,0.8495907904857465,0.9845010552495268,,,,,,,,,,,,,,,,,,,,,,,,,,,,,,,,,
PCACD,OutdoorObjects,,,,,,20,20,1.0,2,6,6,0.0,0.0,0.9,0.5,0.25,0.3720384731684579,-0.1220384731684579,0.9,0.6666666666666666,0.5202659817144719,0.5202659817144719,,,,,,,,,,,,,,,,,,,,,,,,,,,,,,,,,
PCACD,Ozone,,,,,,20,20,1.0,2,16,16,0.0,0.5,0.0,0.0,0.5,0.25,0.25,0.0,0.0,,,,,,,,,,,,,,,,,,,,,,,,,,,,,,,,,,,
PCACD,PokerHand,,,,,,20,20,1.0,11,2,1,0.0001187902713934652,0.0,0.95,1.0,0.0431159945573122,0.20312848621871998,-0.1600124916614078,0.65,1.0,0.9817938174972232,0.643098954843448,,,,,,,,,,,,,,,,,,,,,,,,,,,,,,,,,
PCACD,RialtoBridgeTimelapse,,,,,,20,20,1.0,8,6,6,0.023953341363978482,0.0,0.8,1.0,0.08053548551208892,0.21886522061060362,-0.1383297350985147,1.0,1.0,0.922242647662051,0.8354063778450186,,,,,,,,,,,,,,,,,,,,,,,,,,,,,,,,,
PCACD,SensorStream,,,,,,20,20,1.0,4,2,1,0.25973673642385925,0.0834914123136172,0.05,0.25,0.20514314114266557,0.19151709693984545,0.013626044202820126,0.15,1.0,0.8125240736836987,0.7378714323993245,,,,,,,,,,,,,,,,,,,,,,,,,,,,,,,,,
PCACD,ALL,,9.0,,9.0,0.0,180,180,1.0,50,44,41,0.09349019608550692,0.11104679533285874,0.40555555555555556,0.4737654320987655,0.20044911531679016,0.205517876081737,-0.00506876076494686,0.6722222222222223,0.8518518518518517,0.7267268243048074,0.7313594586911316,9.0,,,9.0,,,9.0,,,9.0,,,9.0,,,9.0,,,9.0,,,9.0,,,9.0,,,8.0,,,8.0,,
SlidShaps,Electricity,,,,,,20,20,1.0,5,4,4,0.061111111111111116,0.4222222222222222,0.35,0.2,0.5,0.21827518330537776,0.28172481669462224,1.0,1.0,,0.9822140770802839,,,,,,,,,,,,,,,,,,,,,,,,,,,,,,,,,
SlidShaps,ForestCovertype,,,,,,20,20,1.0,0,4,0,0.0,0.0,1.0,1.0,0.0,0.75,-0.75,1.0,1.0,,0.6390977443609022,,,,,,,,,,,,,,,,,,,,,,,,,,,,,,,,,
SlidShaps,GasSensor,,,,,,20,20,1.0,1,2,2,0.34030939603445204,0.0,0.0,0.0,0.0,0.0,0.0,1.0,1.0,,-0.10187027077269775,,,,,,,,,,,,,,,,,,,,,,,,,,,,,,,,,
SlidShaps,NOAAWeather,,,,,,20,20,1.0,2,4,4,0.01075230900310381,0.5,0.9,0.5,0.5,0.4553732987717026,0.04462670122829743,1.0,1.0,,0.7705924800227667,,,,,,,,,,,,,,,,,,,,,,,,,,,,,,,,,
SlidShaps,OutdoorObjects,,,,,,20,20,1.0,1,12,12,0.0,0.0,0.0,0.0,0.0,0.0,0.0,1.0,1.0,,,,,,,,,,,,,,,,,,,,,,,,,,,,,,,,,,,
SlidShaps,Ozone,,,,,,20,20,1.0,1,12,12,0.0,0.0,0.0,0.0,0.0,0.0,0.0,1.0,1.0,,,,,,,,,,,,,,,,,,,,,,,,,,,,,,,,,,,
SlidShaps,PokerHand,,,,,,20,20,1.0,1,4,2,0.07263716503007392,0.0,0.8,1.0,0.0,0.2736044321107913,-0.2736044321107913,1.0,1.0,,0.8367195747125372,,,,,,,,,,,,,,,,,,,,,,,,,,,,,,,,,
SlidShaps,RialtoBridgeTimelapse,,,,,,20,20,1.0,1,2,2,0.0,0.0,1.0,1.0,0.0,0.5,-0.5,1.0,1.0,,0.9160708213730495,,,,,,,,,,,,,,,,,,,,,,,,,,,,,,,,,
SlidShaps,SensorStream,,,,,,20,20,1.0,0,4,4,0.0,0.0,1.0,1.0,0.0,0.75,-0.75,1.0,1.0,,0.8416698601986179,,,,,,,,,,,,,,,,,,,,,,,,,,,,,,,,,
SlidShaps,ALL,,9.0,,9.0,0.0,180,180,1.0,12,48,42,0.05386777568652676,0.10246913580246914,0.5611111111111111,0.5222222222222223,0.1111111111111111,0.32747254602087467,-0.2163614349097635,1.0,1.0,,0.6977848981393514,9.0,,,9.0,,,9.0,,,9.0,,,9.0,,,9.0,,,9.0,,,9.0,,,9.0,,,0.0,,,7.0,,
SPLL,Electricity,,,,,,20,20,1.0,3,4,4,0.2637266970635577,0.09078049077006563,0.0,0.0,0.08457910655422053,0.060818211610519014,0.023760894943701517,0.4,0.5,0.8893410106714151,0.7890991891940914,,,,,,,,,,,,,,,,,,,,,,,,,,,,,,,,,
SPLL,ForestCovertype,,,,,,20,20,1.0,8,4,3,0.1140930963230465,0.10148140759919126,0.5,0.375,0.16050087675401184,0.15911028781224362,0.0013905889417682171,0.2,1.0,0.9735127848586215,0.7684210526315788,,,,,,,,,,,,,,,,,,,,,,,,,,,,,,,,,
SPLL,GasSensor,,,,,,20,20,1.0,16,4,4,0.04212542272077855,0.05733383821039234,0.3,0.125,0.15819411675350814,0.1377672018295499,0.020426914923958234,0.35,0.5,0.5044093547567545,0.7240014762773773,,,,,,,,,,,,,,,,,,,,,,,,,,,,,,,,,
SPLL,NOAAWeather,,,,,,20,20,1.0,2,4,4,0.23792249227496615,0.0,0.0,0.0,0.09459515054812667,0.1169742102448999,-0.02237905969677323,1.0,0.5,0.13944071923421897,0.9292908337189628,,,,,,,,,,,,,,,,,,,,,,,,,,,,,,,,,
SPLL,OutdoorObjects,,,,,,20,20,1.0,4,4,4,0.12463156813647683,0.0,0.3,0.75,0.09726324086578483,0.14664730447702695,-0.04938406361124212,0.6,1.0,0.6533734331030846,0.8750112353218549,,,,,,,,,,,,,,,,,,,,,,,,,,,,,,,,,
SPLL,Ozone,,,,,,20,20,1.0,2,4,4,0.3,0.0,0.05,1.0,0.0,0.25,-0.25,0.1,1.0,0.28903665650804,0.8271701918685112,,,,,,,,,,,,,,,,,,,,,,,,,,,,,,,,,
SPLL,PokerHand,,,,,,20,20,1.0,4,4,4,0.15277777777777757,0.0,0.45,1.0,0.0971220116398487,0.3144571896923747,-0.217335178052526,0.25,1.0,0.9663461344375588,0.9822374960845353,,,,,,,,,,,,,,,,,,,,,,,,,,,,,,,,,
SPLL,RialtoBridgeTimelapse,,,,,,20,20,1.0,5,4,4,0.09676147877971417,0.03807011252585179,0.45,0.6,0.11295110407892496,0.13122555606364877,-0.018274451984723813,0.45,0.5,0.9584139178055934,0.7179519845740617,,,,,,,,,,,,,,,,,,,,,,,,,,,,,,,,,
SPLL,SensorStream,,,,,,20,20,1.0,23,2,1,0.009827278577169623,0.013820555378205325,0.65,0.6521739130434783,0.11957690803386972,0.11885729438472586,0.0007196136491438576,0.1,1.0,0.9951078981386992,0.9954887218045112,,,,,,,,,,,,,,,,,,,,,,,,,,,,,,,,,
SPLL,ALL,,9.0,,9.0,0.0,180,180,1.0,67,34,32,0.14909620129483192,0.03349848938707848,0.3,0.5002415458937198,0.10275361280314393,0.15953969512388763,-0.05678608232074372,0.38333333333333336,0.7777777777777778,0.7076646566126652,0.8454080201639427,9.0,,,9.0,,,9.0,,,9.0,,,9.0,,,9.0,,,9.0,,,9.0,,,9.0,,,9.0,,,9.0,,
STUDD,Electricity,,,,,,20,20,1.0,2,1,1,0.09096617209633036,0.125,0.75,0.5,0.13155138776839778,0.15789288378820004,-0.026341496019802263,0.75,1.0,0.7509810880921428,0.7559289460184545,,,,,,,,,,,,,,,,,,,,,,,,,,,,,,,,,
STUDD,ForestCovertype,,,,,,20,20,1.0,15,1,1,0.03180277345064302,0.007843137254901962,0.7,0.9333333333333333,0.1575797917297609,0.18639160329680843,-0.02881181156704754,0.1,1.0,0.7689614604136193,0.9473684210526315,,,,,,,,,,,,,,,,,,,,,,,,,,,,,,,,,
STUDD,GasSensor,,,,,,20,20,1.0,10,1,1,0.12336292014012742,0.04911738267963027,0.1,0.2,0.15087636666577278,0.1430672342248775,0.007809132440895289,0.15,1.0,0.8775002275078062,0.9355479229700925,,,,,,,,,,,,,,,,,,,,,,,,,,,,,,,,,
STUDD,NOAAWeather,,,,,,20,20,1.0,2,1,1,0.1037593748197109,0.2075187496394218,0.0,0.0,0.25,0.1845351232142713,0.06546487678572871,0.25,1.0,0.7108891675368976,0.7108891675368976,,,,,,,,,,,,,,,,,,,,,,,,,,,,,,,,,
STUDD,OutdoorObjects,,,,,,20,20,1.0,1,2,2,0.0,0.0,0.0,0.0,0.0,0.0,0.0,0.0,0.0,,,,,,,,,,,,,,,,,,,,,,,,,,,,,,,,,,,
STUDD,Ozone,,,,,,20,20,1.0,1,2,2,0.0,0.0,0.0,0.0,0.0,0.0,0.0,0.0,0.0,,,,,,,,,,,,,,,,,,,,,,,,,,,,,,,,,,,
STUDD,PokerHand,,,,,,20,20,1.0,24,1,1,0.0016932210261443482,0.004651954131054425,0.8,0.75,0.11034468517442521,0.12174551256805767,-0.011400827393632462,0.1,1.0,0.9639097744360902,0.963520188484745,,,,,,,,,,,,,,,,,,,,,,,,,,,,,,,,,
STUDD,RialtoBridgeTimelapse,,,,,,20,20,1.0,21,1,1,0.0033333333333333366,0.0,0.95,1.0,0.17094246316052428,0.18514954379499543,-0.014207080634471153,0.05,1.0,0.987191671196395,0.987191671196395,,,,,,,,,,,,,,,,,,,,,,,,,,,,,,,,,
STUDD,SensorStream,,,,,,20,20,1.0,15,1,1,0.031304433623815534,0.021421735966321694,0.7,0.7333333333333333,0.20722007092656763,0.20751139494602752,-0.0002913240194598876,0.15,1.0,0.7889705732211791,0.8085747093060895,,,,,,,,,,,,,,,,,,,,,,,,,,,,,,,,,
STUDD,ALL,,9.0,,9.0,0.0,180,180,1.0,91,11,11,0.04291358094334499,0.04617255107459224,0.4444444444444444,0.4574074074074074,0.13094608504727206,0.13181036620369307,-0.0008642811564210343,0.1722222222222222,0.7777777777777778,0.8354862803434472,0.8727172895093293,9.0,,,9.0,,,9.0,,,9.0,,,9.0,,,9.0,,,9.0,,,9.0,,,9.0,,,7.0,,,7.0,,
UCDD,Electricity,,,,,,20,20,1.0,3,2,0,0.4315775169850486,0.6186575566317439,0.0,0.0,0.546725330283438,0.24868104518184794,0.29804428510159,1.0,1.0,,0.8676442332652133,,,,,,,,,,,,,,,,,,,,,,,,,,,,,,,,,
UCDD,ForestCovertype,,,,,,20,0,0.0,0,2,0,,,,,,,,,,,,,,,,,,,,,,,,,,,,,,,,,,,,,,,,,,,,
UCDD,GasSensor,,,,,,20,20,1.0,5,2,2,0.14455907925283792,0.11531154771147209,0.05,0.2,0.23993504991757902,0.20582080802461317,0.03411424189296586,0.65,1.0,0.874839276323655,0.9037593984962405,,,,,,,,,,,,,,,,,,,,,,,,,,,,,,,,,
UCDD,NOAAWeather,,,,,,20,20,1.0,1,2,0,0.8708581477539514,0.0,0.05,1.0,0.05717046409025614,0.17175416977959113,-0.11458370568933499,1.0,1.0,-0.48529286132462957,0.8995863742605426,,,,,,,,,,,,,,,,,,,,,,,,,,,,,,,,,
UCDD,OutdoorObjects,,,,,,20,20,1.0,3,2,2,0.0,0.5000000000000009,0.0,0.0,0.5,0.1912983914288558,0.3087016085711442,1.0,1.0,,,,,,,,,,,,,,,,,,,,,,,,,,,,,,,,,,,
UCDD,Ozone,,,,,,20,20,1.0,2,2,2,0.0,0.5,0.0,0.0,0.5,0.25,0.25,0.0,0.0,,,,,,,,,,,,,,,,,,,,,,,,,,,,,,,,,,,
UCDD,PokerHand,,,,,,20,1,0.05,0,2,0,0.0,0.0,1.0,1.0,0.0,0.75,-0.75,1.0,1.0,,,,,,,,,,,,,,,,,,,,,,,,,,,,,,,,,,,
UCDD,RialtoBridgeTimelapse,,,,,,20,20,1.0,1,2,0,0.17367490041176575,0.0,0.35,1.0,0.0,0.26020027115959066,-0.26020027115959066,1.0,1.0,,0.9680331636064532,,,,,,,,,,,,,,,,,,,,,,,,,,,,,,,,,
UCDD,SensorStream,,,,,,20,0,0.0,0,2,0,,,,,,,,,,,,,,,,,,,,,,,,,,,,,,,,,,,,,,,,,,,,
UCDD,ALL,,9.0,,7.0,2.0,180,121,0.67,15,18,6,0.23152423491480054,0.24770987204903097,0.20714285714285716,0.4571428571428572,0.26340440632732476,0.2968220979392141,-0.03341769161188938,0.8071428571428572,0.8571428571428571,0.1947732074995127,0.9097557924071125,7.0,,,7.0,,,7.0,,,7.0,,,7.0,,,7.0,,,7.0,,,7.0,,,7.0,,,2.0,,,4.0,,
UDetect,Electricity,,,,,,20,20,1.0,4,8,8,0.11296685380650259,0.0,0.15,1.0,0.09617275063325217,0.15774602390718812,-0.06157327327393594,0.6,1.0,0.8588856950285799,0.9322975682901277,,,,,,,,,,,,,,,,,,,,,,,,,,,,,,,,,
UDetect,ForestCovertype,,,,,,20,20,1.0,20,8,8,0.008111071387855478,0.011574806627720018,0.65,0.55,0.15553522126986688,0.16326424390422334,-0.007729022634356458,0.4,1.0,0.9224983800337866,0.9224983800337866,,,,,,,,,,,,,,,,,,,,,,,,,,,,,,,,,
UDetect,GasSensor,,,,,,20,20,1.0,12,8,8,0.15523640242039788,0.08453192606831943,0.15,0.25,0.19483159708319925,0.18935781802456036,0.0054737790586388835,0.8,0.875,0.6990864070422756,0.6990864070422756,,,,,,,,,,,,,,,,,,,,,,,,,,,,,,,,,
UDetect,NOAAWeather,,,,,,20,20,1.0,3,8,8,0.23854108593598683,0.10034333188799371,0.05,0.6666666666666666,0.15051499783199057,0.14381138944421118,0.006703608387779392,0.55,1.0,0.8644535641764836,0.8987057545961471,,,,,,,,,,,,,,,,,,,,,,,,,,,,,,,,,
UDetect,OutdoorObjects,,,,,,20,20,1.0,3,8,8,0.06666666666666674,0.11111111111111154,0.0,0.0,0.2196910450670234,0.17802437840035643,0.04166666666666696,0.75,1.0,0.42182729489618154,0.11561466260321598,,,,,,,,,,,,,,,,,,,,,,,,,,,,,,,,,
UDetect,Ozone,,,,,,20,20,1.0,1,8,8,0.0,0.0,0.0,0.0,0.0,0.0,0.0,0.0,0.0,,,,,,,,,,,,,,,,,,,,,,,,,,,,,,,,,,,
UDetect,PokerHand,,,,,,20,20,1.0,25,8,8,0.0002360177084731574,0.03684372038815582,0.95,0.52,0.1212228101938973,0.1021155171750377,0.019107293018859606,0.75,1.0,0.8518003931523136,0.8749487105890154,,,,,,,,,,,,,,,,,,,,,,,,,,,,,,,,,
UDetect,RialtoBridgeTimelapse,,,,,,20,20,1.0,19,8,8,0.005921283475913186,0.012014646251810193,0.85,0.5789473684210527,0.137692315830647,0.14764909398212264,-0.009956778151475637,0.7,1.0,0.8111071056538126,0.8111071056538126,,,,,,,,,,,,,,,,,,,,,,,,,,,,,,,,,
UDetect,SensorStream,,,,,,20,20,1.0,19,8,8,0.0012680014416593833,0.004545055608404259,0.9,0.8421052631578947,0.16085977880550095,0.16819295831314152,-0.007333179507640564,0.5,1.0,0.9431278494697595,0.9409553128762029,,,,,,,,,,,,,,,,,,,,,,,,,,,,,,,,,
UDetect,ALL,,9.0,,9.0,0.0,180,180,1.0,106,72,72,0.06543859809371726,0.04010717754927944,0.4111111111111111,0.48974658869395715,0.13739116852393085,0.13890682479453792,-0.001515656270607084,0.5611111111111112,0.875,0.7965983361816491,0.774401737710573,9.0,,,9.0,,,9.0,,,9.0,,,9.0,,,9.0,,,9.0,,,9.0,,,9.0,,,8.0,,,8.0,,
WindowKDE,Electricity,,,,,,20,20,1.0,2,1,1,0.026192448915979903,0.0,0.7,1.0,0.0,0.3578506671134537,-0.3578506671134537,1.0,1.0,-0.5202659817144719,0.7897533369571159,,,,,,,,,,,,,,,,,,,,,,,,,,,,,,,,,
WindowKDE,ForestCovertype,,,,,,20,20,1.0,3,1,1,0.2587709882918398,0.35200920460603696,0.0,0.0,0.425480254810106,0.1292990809162186,0.2961811738938874,0.0,0.0,-0.05967860100145693,0.009022556390977442,,,,,,,,,,,,,,,,,,,,,,,,,,,,,,,,,
WindowKDE,GasSensor,,,,,,20,20,1.0,4,1,1,0.27556922091167063,0.5416666666666667,0.3,0.25,0.5,0.1627735311498832,0.3372264688501168,0.55,1.0,,0.8570356075517805,,,,,,,,,,,,,,,,,,,,,,,,,,,,,,,,,
WindowKDE,NOAAWeather,,,,,,20,20,1.0,4,1,1,0.15640004528061233,0.0675455377436858,0.4,0.5,0.1257537863187816,0.10442967587959978,0.02132411043918181,0.5,1.0,,0.8770214986520005,,,,,,,,,,,,,,,,,,,,,,,,,,,,,,,,,
WindowKDE,OutdoorObjects,,,,,,20,20,1.0,2,1,1,0.5169277291669326,0.25000000000000006,0.0,0.0,0.2610647788891847,0.12966231556470686,0.13140246332447786,0.6,1.0,0.17021289926939803,0.9181588952301127,,,,,,,,,,,,,,,,,,,,,,,,,,,,,,,,,
WindowKDE,Ozone,,,,,,20,20,1.0,1,1,1,0.0,0.0,0.0,0.0,0.0,0.0,0.0,1.0,1.0,,,,,,,,,,,,,,,,,,,,,,,,,,,,,,,,,,,
WindowKDE,PokerHand,,,,,,20,20,1.0,4,1,1,0.03694731964221219,0.41125082704731,0.9,0.25,0.30714285714285716,0.24085618503052716,0.06628667211233,0.0,0.0,-0.37796447300922725,-0.5714285714285714,,,,,,,,,,,,,,,,,,,,,,,,,,,,,,,,,
WindowKDE,RialtoBridgeTimelapse,,,,,,20,20,1.0,2,1,1,0.22654485184936352,0.5087372383215761,0.0,0.0,0.45407614412561215,0.20129833360582594,0.2527778105197862,0.0,0.0,0.7947194142390261,0.9097744360902256,,,,,,,,,,,,,,,,,,,,,,,,,,,,,,,,,
WindowKDE,SensorStream,,,,,,20,3,0.15,0,1,0,0.0,0.0,1.0,1.0,0.0,0.75,-0.75,1.0,1.0,,-0.5,,,,,,,,,,,,,,,,,,,,,,,,,,,,,,,,,
WindowKDE,ALL,,9.0,,9.0,0.0,180,163,0.91,22,9,8,0.1663725115620679,0.23680105270947507,0.36666666666666664,0.3333333333333333,0.23039086903183797,0.2306855321400239,-0.00029466310818595766,0.5166666666666667,0.6666666666666666,0.0014046515566536132,0.4111672199304552,9.0,,,9.0,,,9.0,,,9.0,,,9.0,,,9.0,,,9.0,,,9.0,,,9.0,,,5.0,,,8.0,,
ALL,Electricity,,,20.0,20.0,0.0,400,400,1.0,75,99,82,0.22805245698834717,0.20558595644567296,0.1375,0.22666666666666666,0.2217798492136731,0.14994512713727326,0.0718347220763998,0.595,0.8066666666666666,0.6643973374368254,0.8676955910871428,20.0,,,20.0,,,20.0,,,20.0,,,20.0,,,20.0,,,20.0,,,20.0,,,20.0,,,17.0,,,19.0,,
ALL,ForestCovertype,,,20.0,19.0,1.0,400,358,0.9,213,94,60,0.08079083373557537,0.12990019128011357,0.47368421052631576,0.4856496691265839,0.20295095043087252,0.21967917603260892,-0.016728225601736396,0.4842105263157894,0.8530701754385964,0.7957920263044095,0.7653224030775737,19.0,,,19.0,,,19.0,,,19.0,,,19.0,,,19.0,,,19.0,,,19.0,,,19.0,,,17.0,,,19.0,,
ALL,GasSensor,,,20.0,20.0,0.0,400,400,1.0,173,92,79,0.15394029562738118,0.14220556638261783,0.13499999999999998,0.219192612942613,0.20531340541774606,0.13973569246174514,0.06557771295600093,0.39,0.74375,0.7247149366991561,0.7523823527660443,20.0,,,20.0,,,20.0,,,20.0,,,20.0,,,20.0,,,20.0,,,20.0,,,20.0,,,17.0,,,19.0,,
ALL,NOAAWeather,,,20.0,20.0,0.0,400,400,1.0,46,96,82,0.2977924070075816,0.15309696151053165,0.20249999999999999,0.38333333333333336,0.21243023598785582,0.19802863974084584,0.01440159624700998,0.8025,0.8237500000000001,0.4770101417745963,0.7345896930736927,20.0,,,20.0,,,20.0,,,20.0,,,20.0,,,20.0,,,20.0,,,20.0,,,20.0,,,17.0,,,19.0,,
ALL,OutdoorObjects,,,20.0,20.0,0.0,400,400,1.0,54,106,102,0.23986758089514087,0.2425388343896393,0.16,0.30916666666666665,0.23793578360399947,0.15475601837246983,0.0831797652315297,0.5425,0.8145833333333332,0.5732166265820063,0.6583380304248782,20.0,,,20.0,,,20.0,,,20.0,,,20.0,,,20.0,,,20.0,,,20.0,,,20.0,,,15.0,,,15.0,,
ALL,Ozone,,,20.0,20.0,0.0,400,400,1.0,35,120,120,0.06686470738263393,0.20505345557932228,0.022500000000000003,0.175,0.2081906024824982,0.1244429004001915,0.08374770208230672,0.42750000000000005,0.42107142857142854,0.033436092225123545,0.6777462527326582,20.0,,,20.0,,,20.0,,,20.0,,,20.0,,,20.0,,,20.0,,,20.0,,,20.0,,,5.0,,,4.0,,
ALL,PokerHand,,,20.0,20.0,0.0,400,365,0.91,219,90,65,0.06557318965813538,0.07988975716999824,0.655,0.6736842842400118,0.1204925963432955,0.24410900714158495,-0.12361641079828947,0.46749999999999997,0.83125,0.7396021626496098,0.6804937183213035,20.0,,,20.0,,,20.0,,,20.0,,,20.0,,,20.0,,,20.0,,,20.0,,,20.0,,,16.0,,,19.0,,
ALL,RialtoBridgeTimelapse,,,20.0,20.0,0.0,400,400,1.0,227,97,83,0.11176803969653719,0.09447448618617386,0.5049999999999999,0.5744110275689224,0.16517000754052552,0.18603558000856893,-0.020865572468043443,0.4025,0.7583333333333333,0.7726880812704351,0.8088982532757436,20.0,,,20.0,,,20.0,,,20.0,,,20.0,,,20.0,,,20.0,,,20.0,,,20.0,,,18.0,,,20.0,,
ALL,SensorStream,,,20.0,19.0,1.0,400,348,0.87,218,92,59,0.06813632675187713,0.03569381175555853,0.5078947368421053,0.579077292793012,0.1357972662616335,0.2541077507324935,-0.11831048447085991,0.5763157894736842,0.9403508771929825,0.7912509840076952,0.7010601680047914,19.0,,,19.0,,,19.0,,,19.0,,,19.0,,,19.0,,,19.0,,,19.0,,,19.0,,,15.0,,,19.0,,
ALL,ALL,20.0,180.0,,178.0,2.0,3600,3471,0.96,1260,886,732,0.147610211467813,0.14499225641697197,0.3078571428571429,0.4020732767729017,0.19105152523113408,0.186314750609272,0.004736774621862085,0.5239682539682541,0.7765410052910053,0.6397515087679002,0.7516814465626535,,20.0,178.0,,20.0,178.0,,20.0,178.0,,20.0,178.0,,20.0,178.0,,20.0,178.0,,20.0,178.0,,20.0,178.0,,20.0,178.0,,19.0,137.0,,20.0,153.0
