index,ACCURACY,RUNTIME,transformed_accuracy,transformed_runtime,is_pareto,pareto_layer,recent_samples_size,n_samples,n_windows,disjoint_training_windows
0,0.73,854,0.6818181818181817,0.22469832127741107,0,50,4014,885,2551,FALSE
1,0.58,29,0.0,0.9843545185102327,0,3,391,3810,420,TRUE
2,0.58,29,0.0,0.9843545185102327,0,3,649,555,1877,TRUE
3,0.67,403,0.4090909090909093,0.3947044020426378,0,71,4995,4730,4844,FALSE
4,0.58,33,0.0,0.9559713305940964,0,7,2979,2475,1241,TRUE
5,0.7,386,0.5454545454545452,0.4044532663541138,0,41,1368,2831,3293,FALSE
6,0.75,752,0.7727272727272726,0.2535062708003172,0,21,1766,1087,659,FALSE
7,0.58,29,0.0,0.9843545185102327,0,3,2597,4256,3562,TRUE
8,0.72,585,0.6363636363636361,0.31036769760876093,0,43,4450,1670,2478,FALSE
9,0.58,33,0.0,0.9559713305940964,0,7,1199,3657,4556,TRUE
10,0.58,29,0.0,0.9843545185102327,0,3,305,1961,3054,TRUE
11,0.72,347,0.6363636363636361,0.4285412284213591,0,23,4085,2698,229,FALSE
12,0.58,49,0.0,0.8685148285700752,0,18,3558,129,3813,TRUE
13,0.58,244,0.0,0.508124697696331,0,66,1,5000,3629,FALSE
14,0.58,157,0.0,0.6076001431471643,0,56,4827,344,519,TRUE
15,0.66,268,0.3636363636363638,0.4869323658636191,0,43,2281,1555,4336,FALSE
16,0.58,31,0.0,0.9697191479846592,0,5,2650,2673,2119,TRUE
17,0.68,252,0.45454545454545475,0.5008383026352626,0,38,812,4997,2762,FALSE
18,0.68,325,0.45454545454545475,0.44335043531919605,0,52,535,640,4845,FALSE
19,0.58,32,0.0,0.9627410732110764,0,6,3865,4043,2186,TRUE
20,0.58,31,0.0,0.9697191479846592,0,5,1,4714,1,FALSE
21,0.58,28,0.0,0.9920423576707839,0,2,599,4096,2666,TRUE
22,0.73,422,0.6818181818181817,0.3842826861761949,0,29,3342,1599,2343,FALSE
23,0.58,30,0.0,0.9769187855863338,0,4,3787,3008,4678,TRUE
24,0.74,265,0.7272727272727272,0.48947560227545783,0,3,2275,499,332,FALSE
25,0.61,254,0.13636363636363644,0.4990527065079524,0,40,2089,4995,4891,FALSE
26,0.7,339,0.5454545454545452,0.4338151762750866,0,33,3547,3592,3074,FALSE
27,0.58,30,0.0,0.9769187855863338,0,4,3,1087,1933,TRUE
28,0.58,29,0.0,0.9843545185102327,0,3,1174,2551,997,TRUE
29,0.58,88,0.0,0.7377564831999057,0,41,2690,58,3996,FALSE
30,0.58,32,0.0,0.9627410732110764,0,6,4442,3961,1642,TRUE
31,0.58,31,0.0,0.9697191479846592,0,5,3327,3162,1447,TRUE
32,0.76,688,0.8181818181818181,0.2736488383119441,0,12,1278,982,1,FALSE
33,0.67,370,0.4090909090909093,0.41402807268533093,0,64,1850,5000,4508,FALSE
34,0.66,73,0.3636363636363638,0.7796116260316864,0,6,2443,5000,1,FALSE
35,0.74,526,0.7272727272727272,0.33443230871348084,0,26,5000,1887,1,FALSE
36,0.58,60,0.0,0.8234215114973078,0,24,2816,1,2128,FALSE
37,0.69,192,0.4999999999999997,0.5622246573903185,0,23,3979,5000,1,TRUE
38,0.69,136,0.4999999999999997,0.6399406781367993,0,9,3248,5000,1,TRUE
39,0.64,54,0.2727272727272729,0.8469013832709189,0,4,2249,5000,1,TRUE
40,0.69,141,0.4999999999999997,0.6318118674488369,0,11,1287,5000,1,FALSE
41,0.77,632,0.8636363636363635,0.2928722844198538,0,9,2914,702,1,FALSE
42,0.58,30,0.0,0.9769187855863338,0,4,3380,5000,5000,TRUE
43,0.58,62,0.0,0.816105730724586,0,26,2148,1,1,TRUE
44,0.74,368,0.7272727272727272,0.415253856948405,0,11,3049,1515,728,FALSE
45,0.74,437,0.7272727272727272,0.37638050906347453,0,20,1110,1495,1202,FALSE
46,0.58,60,0.0,0.8234215114973078,0,24,575,1,1,FALSE
47,0.73,457,0.6818181818181817,0.36625518718280814,0,30,3870,1963,1,TRUE
48,0.58,71,0.0,0.7858248787092451,0,33,3272,23,1180,FALSE
49,0.7,144,0.5454545454545452,0.6270708682223469,0,5,2869,3331,1,FALSE
50,0.73,412,0.6818181818181817,0.38970805347400084,0,27,5000,2405,910,FALSE
51,0.7,150,0.5454545454545452,0.6178762491891452,0,7,920,3207,1,FALSE
52,0.58,29,0.0,0.9843545185102327,0,3,3817,5000,3918,TRUE
53,0.58,59,0.0,0.8271698536396602,0,23,863,1,1,FALSE
54,0.68,142,0.45454545454545475,0.6302204957495925,0,13,1408,5000,1,TRUE
55,0.58,62,0.0,0.816105730724586,0,26,1250,1,1,TRUE
56,0.58,62,0.0,0.816105730724586,0,26,1306,1,1,FALSE
57,0.69,258,0.4999999999999997,0.4955231483058823,0,38,4067,5000,3182,FALSE
58,0.74,455,0.7272727272727272,0.36724761562240993,0,21,1687,1839,1,FALSE
59,0.73,301,0.6818181818181817,0.4606915843185726,0,15,1398,2266,1,FALSE
60,0.58,63,0.0,0.8125344831140866,0,27,1,1,5000,FALSE
61,0.74,617,0.7272727272727272,0.29831066343646884,0,33,1860,1530,1,FALSE
62,0.7,301,0.5454545454545452,0.4606915843185726,0,27,5000,3756,1,FALSE
63,0.58,31,0.0,0.9697191479846592,0,5,1291,5000,4936,TRUE
64,0.7,271,0.5454545454545452,0.48441733598237857,0,23,5000,3801,1,TRUE
65,0.58,28,0.0,0.9920423576707839,0,2,650,2747,5000,TRUE
66,0.74,611,0.7272727272727272,0.3005230667069646,0,32,3902,1799,1,FALSE
67,0.7,362,0.5454545454545452,0.4189714735929104,0,39,813,1870,5000,FALSE
68,0.69,130,0.4999999999999997,0.6500962349478813,0,6,1062,4163,1,FALSE
69,0.73,422,0.6818181818181817,0.3842826861761949,0,29,5000,2252,1,TRUE
70,0.58,30,0.0,0.9769187855863338,0,4,773,1057,5000,TRUE
71,0.76,720,0.8181818181818181,0.26335398521894393,0,13,3435,1037,1,TRUE
72,0.7,160,0.5454545454545452,0.6033347596570517,0,9,961,3198,1,TRUE
73,0.69,144,0.4999999999999997,0.6270708682223469,0,14,1117,4513,1,TRUE
74,0.71,243,0.5909090909090907,0.5090521817561626,0,19,1448,3090,1,FALSE
75,0.58,28,0.0,0.9920423576707839,0,2,1,2934,5000,TRUE
76,0.73,393,0.6818181818181817,0.4003881465995609,0,25,1545,2032,1,FALSE
77,0.75,737,0.7727272727272726,0.2580691920778324,0,20,4088,1419,1,TRUE
78,0.7,200,0.5454545454545452,0.5530144763521345,0,16,1261,3709,1,FALSE
79,0.73,488,0.6818181818181817,0.35140330068148895,0,36,3937,2082,1,FALSE
80,0.69,212,0.4999999999999997,0.5398647328111299,0,26,4242,4256,1,TRUE
81,0.58,29,0.0,0.9843545185102327,0,3,4536,706,5000,TRUE
82,0.58,29,0.0,0.9843545185102327,0,3,1,826,5000,TRUE
83,0.69,237,0.4999999999999997,0.5146981879977195,0,31,3868,4079,1,FALSE
84,0.71,302,0.5909090909090907,0.4599419322755035,0,23,5000,3387,1,FALSE
85,0.58,30,0.0,0.9769187855863338,0,4,900,1850,5000,TRUE
86,0.72,254,0.6363636363636361,0.4990527065079524,0,10,1072,2317,1,FALSE
87,0.68,88,0.45454545454545475,0.7377564831999057,0,4,384,2759,1,TRUE
88,0.58,65,0.0,0.8055564083405039,0,29,3348,1,1,TRUE
89,0.8,900,1.0,0.2128147384088548,1,1,2583,262,1,FALSE
90,0.58,29,0.0,0.9843545185102327,0,3,2543,2808,5000,TRUE
91,0.58,29,0.0,0.9843545185102327,0,3,1086,5000,1814,TRUE
92,0.58,40,0.0,0.9135174559649641,0,13,661,2764,1510,TRUE
93,0.58,61,0.0,0.8197341207157612,0,25,2591,1,1,FALSE
94,0.72,540,0.6363636363636361,0.328486699394241,0,40,3591,1760,3496,FALSE
95,0.58,61,0.0,0.8197341207157612,0,25,4665,1,3823,FALSE
96,0.71,173,0.5909090909090907,0.5857258932919317,0,9,811,2489,1,TRUE
97,0.78,627,0.9090909090909091,0.29467062482392126,1,1,2594,492,1,FALSE
98,0.58,28,0.0,0.9920423576707839,0,2,1,2620,1964,TRUE
99,0.7,201,0.5454545454545452,0.5518890669132104,0,17,1488,3723,1,TRUE
100,0.58,61,0.0,0.8197341207157612,0,25,4246,1,5000,FALSE
101,0.69,245,0.4999999999999997,0.5072009915861121,0,35,915,3486,1751,FALSE
102,0.58,60,0.0,0.8234215114973078,0,24,1277,1,5000,FALSE
103,0.69,216,0.4999999999999997,0.535645642989957,0,28,3026,4227,5000,FALSE
104,0.62,190,0.1818181818181819,0.5645868614221072,0,25,2051,3487,5000,FALSE
105,0.58,29,0.0,0.9843545185102327,0,3,1215,3823,1543,TRUE
106,0.67,158,0.4090909090909093,0.6061694157734282,0,18,2281,2599,2143,FALSE
107,0.72,398,0.6363636363636361,0.39752846763775074,0,27,1065,1385,3565,FALSE
108,0.58,58,0.0,0.8309811960703778,0,22,1,1,2846,TRUE
109,0.7,307,0.5454545454545452,0.45623040038183404,0,28,4752,3843,2393,FALSE
110,0.58,28,0.0,0.9920423576707839,0,2,2136,2441,5000,TRUE
111,0.58,29,0.0,0.9843545185102327,0,3,855,5000,2697,TRUE
112,0.7,344,0.5454545454545452,0.43050461329671186,0,34,3585,3319,2688,FALSE
113,0.58,29,0.0,0.9843545185102327,0,3,3866,3694,5000,TRUE
114,0.58,29,0.0,0.9843545185102327,0,3,700,2682,894,TRUE
115,0.69,500,0.4999999999999997,0.3459055881133003,0,78,3906,2951,4924,FALSE
116,0.58,33,0.0,0.9559713305940964,0,7,4626,2352,1173,TRUE
117,0.58,61,0.0,0.8197341207157612,0,25,4914,1,5000,FALSE
118,0.75,270,0.7727272727272726,0.48525258383829417,0,2,2761,1329,1,FALSE
119,0.67,75,0.4090909090909093,0.7735640800012622,0,4,2253,2481,1,TRUE
120,0.71,120,0.5909090909090907,0.66810327310119,1,1,2501,2203,1,TRUE
121,0.65,52,0.31818181818181834,0.8553012152817078,1,1,2143,2561,1,FALSE
122,0.7,106,0.5454545454545452,0.695987243344029,1,1,2407,2090,1,FALSE
123,0.71,146,0.5909090909090907,0.6239643876364886,0,3,2365,1494,1,FALSE
124,0.75,412,0.7727272727272726,0.38970805347400084,0,6,3022,1201,1,FALSE
125,0.69,101,0.4999999999999997,0.7068395310858169,0,3,2560,3473,1,TRUE
126,0.58,28,0.0,0.9920423576707839,0,2,1,2425,3692,TRUE
127,0.58,58,0.0,0.8309811960703778,0,22,1,1,3565,FALSE
128,0.64,48,0.2727272727272729,0.8730961871447682,1,1,2202,4555,1,FALSE
129,0.71,135,0.5909090909090907,0.6416020008529512,0,2,2428,1880,1,FALSE
130,0.58,30,0.0,0.9769187855863338,0,4,5000,2391,5000,TRUE
131,0.72,301,0.6363636363636361,0.4606915843185726,0,16,1758,2645,1,TRUE
132,0.69,132,0.4999999999999997,0.6466602671460304,0,8,1085,4568,1,FALSE
133,0.69,391,0.4999999999999997,0.40154219253305046,0,67,4757,3844,3776,FALSE
134,0.58,28,0.0,0.9920423576707839,0,2,1,463,3772,TRUE
135,0.58,187,0.0,0.5681769554516088,0,61,1,1425,3729,FALSE
136,0.68,75,0.45454545454545475,0.7735640800012622,1,1,2256,2342,1,FALSE
137,0.72,353,0.6363636363636361,0.42466473169152574,0,24,1804,2745,1,FALSE
138,0.66,65,0.3636363636363638,0.8055564083405039,0,4,2346,4378,1,TRUE
139,0.58,31,0.0,0.9697191479846592,0,5,2832,4524,5000,TRUE
140,0.73,195,0.6818181818181817,0.558726857403623,1,1,2527,1399,1,FALSE
141,0.7,115,0.5454545454545452,0.6776730279296388,0,2,2347,1989,1,TRUE
142,0.65,59,0.31818181818181834,0.8271698536396602,0,3,2251,4113,1,FALSE
143,0.58,29,0.0,0.9843545185102327,0,3,5000,4106,4269,TRUE
144,0.58,223,0.0,0.5284460053882822,0,64,1,1209,5000,FALSE
145,0.68,82,0.45454545454545475,0.75358403578457,0,3,2304,2325,1,TRUE
146,0.68,75,0.45454545454545475,0.7735640800012622,1,1,2179,1567,1,FALSE
147,0.69,92,0.4999999999999997,0.7277869860780541,0,2,2314,2192,1,FALSE
148,0.75,678,0.7727272727272726,0.2769642414669732,0,18,3813,1283,1,FALSE
149,0.76,453,0.8181818181818181,0.36824440639884004,0,2,2947,1005,1,FALSE
150,0.75,524,0.7727272727272726,0.3352945513359913,0,13,1502,1384,1,FALSE
151,0.74,736,0.7272727272727272,0.25837667624224814,0,40,3714,1397,1295,FALSE
152,0.72,235,0.6363636363636361,0.5166118663292325,0,7,1139,2538,1,FALSE
153,0.73,198,0.6818181818181817,0.5552821906150052,0,2,2386,1024,1,FALSE
154,0.72,444,0.6363636363636361,0.37278499375146856,0,35,4482,2505,1,FALSE
155,0.76,762,0.8181818181818181,0.2505145448688214,0,14,3517,1095,1,FALSE
156,0.75,652,0.7727272727272726,0.28581823086103997,0,17,3514,1392,1,FALSE
157,0.58,32,0.0,0.9627410732110764,0,6,1,4457,5000,TRUE
158,0.58,29,0.0,0.9843545185102327,0,3,3461,422,5000,TRUE
159,0.58,28,0.0,0.9920423576707839,0,2,1,3506,5000,TRUE
160,0.58,31,0.0,0.9697191479846592,0,5,1,2275,435,TRUE
161,0.58,29,0.0,0.9843545185102327,0,3,4153,4691,637,TRUE
162,0.74,692,0.7272727272727272,0.27233613110641985,0,39,4317,1384,1,FALSE
163,0.72,297,0.6363636363636361,0.4637152229339172,0,15,1189,2373,1510,FALSE
164,0.58,28,0.0,0.9920423576707839,0,2,2348,3408,5000,TRUE
165,0.72,259,0.6363636363636361,0.4946492761781761,0,12,1095,2275,1,TRUE
166,0.71,264,0.5909090909090907,0.4903297258332707,0,21,1598,3398,1,TRUE
167,0.75,522,0.7727272727272726,0.3361600849688531,0,12,3233,1291,1,TRUE
168,0.58,29,0.0,0.9843545185102327,0,3,958,379,5000,TRUE
169,0.7,515,0.5454545454545452,0.3392157361212482,0,52,4668,2169,5000,FALSE
170,0.79,1008,0.9545454545454545,0.18714221298241185,0,2,2768,309,1,TRUE
171,0.72,423,0.6363636363636361,0.38374722066999,0,32,5000,2530,1,FALSE
172,0.69,143,0.4999999999999997,0.6286402138386725,0,13,989,4052,1,TRUE
173,0.75,581,0.7727272727272726,0.31192091968449787,0,15,1515,1326,934,FALSE
174,0.69,212,0.4999999999999997,0.5398647328111299,0,26,3781,4723,1,TRUE
175,0.75,792,0.7727272727272726,0.24176913452754423,0,23,1868,1228,1,FALSE
176,0.58,32,0.0,0.9627410732110764,0,6,3285,2257,5000,TRUE
177,0.7,149,0.5454545454545452,0.6193830290617957,0,6,439,2321,1,TRUE
178,0.75,328,0.7727272727272726,0.44127314259637707,0,3,2702,1008,1,TRUE
179,0.73,210,0.6818181818181817,0.5420040839281333,0,3,2552,1363,1,TRUE
180,0.74,500,0.7272727272727272,0.3459055881133003,0,23,1431,1695,1,TRUE
181,0.58,58,0.0,0.8309811960703778,0,22,2687,1,5000,TRUE
182,0.72,409,0.6363636363636361,0.3913613016459544,0,29,1281,1889,2448,FALSE
183,0.74,408,0.7272727272727272,0.39191507368308587,0,16,1316,1674,1,FALSE
184,0.73,320,0.6818181818181817,0.44685544383574927,0,18,1222,1993,1,FALSE
185,0.68,102,0.45454545454545475,0.7046271278153209,0,7,624,4466,1,FALSE
186,0.58,40,0.0,0.9135174559649641,0,13,951,5000,429,TRUE
187,0.67,700,0.4090909090909093,0.26973329579973704,0,84,3660,5000,5000,FALSE
188,0.71,309,0.5909090909090907,0.4547626312673241,0,25,1277,2793,1,TRUE
189,0.76,466,0.8181818181818181,0.3618422353223055,0,4,2989,1038,1,TRUE
190,0.75,894,0.7727272727272726,0.21432990798669904,0,26,1902,1438,1,TRUE
191,0.74,205,0.7272727272727272,0.5474424629447483,1,1,2482,1137,1,TRUE
192,0.67,86,0.4090909090909093,0.7429105581625044,0,9,657,5000,1,FALSE
193,0.73,377,0.6818181818181817,0.40978926634573365,0,24,1392,1766,1055,FALSE
194,0.58,63,0.0,0.8125344831140866,0,27,551,1,3817,TRUE
195,0.69,499,0.4999999999999997,0.3463586742510656,0,77,3787,4411,3885,FALSE
196,0.74,309,0.7272727272727272,0.4547626312673241,0,4,3049,1590,1,TRUE
197,0.73,275,0.6818181818181817,0.48110677300400406,0,9,1194,1974,1,TRUE
198,0.74,463,0.7272727272727272,0.3633036981884935,0,22,1377,1438,2145,FALSE
199,0.58,29,0.0,0.9843545185102327,0,3,2642,892,1156,TRUE
200,0.58,61,0.0,0.8197341207157612,0,25,4122,1,5000,TRUE
201,0.72,617,0.6363636363636361,0.29831066343646884,0,46,4116,2420,3028,FALSE
202,0.58,59,0.0,0.8271698536396602,0,23,971,1,5000,TRUE
203,0.58,40,0.0,0.9135174559649641,0,13,1123,4599,699,TRUE
204,0.71,416,0.5909090909090907,0.3875223060798434,0,36,1262,1934,3730,FALSE
205,0.75,451,0.7727272727272726,0.369245598031816,0,8,3193,1453,1,TRUE
206,0.78,687,0.9090909090909091,0.27397820588838273,0,2,2753,667,1,TRUE
207,0.68,113,0.45454545454545475,0.6816169453635551,0,8,1024,5000,1,TRUE
208,0.58,30,0.0,0.9769187855863338,0,4,1,3735,3116,TRUE
209,0.58,63,0.0,0.8125344831140866,0,27,1039,1,3020,FALSE
210,0.58,33,0.0,0.9559713305940964,0,7,1239,2765,3483,TRUE
211,0.58,29,0.0,0.9843545185102327,0,3,1446,2129,3709,TRUE
212,0.58,29,0.0,0.9843545185102327,0,3,3043,2487,3568,TRUE
213,0.58,31,0.0,0.9697191479846592,0,5,5000,5000,3267,TRUE
214,0.72,384,0.6363636363636361,0.40562824067454184,0,26,4104,2577,1374,FALSE
215,0.58,30,0.0,0.9769187855863338,0,4,1,4736,2750,TRUE
216,0.72,338,0.6363636363636361,0.43448312826468183,0,21,4026,2689,1,TRUE
217,0.58,29,0.0,0.9843545185102327,0,3,575,3191,3114,TRUE
218,0.58,74,0.0,0.7765676939323682,0,36,5000,1,3089,TRUE
219,0.58,28,0.0,0.9920423576707839,0,2,1,5000,3250,TRUE
220,0.58,60,0.0,0.8234215114973078,0,24,41,1,2485,FALSE
221,0.58,30,0.0,0.9769187855863338,0,4,3519,3268,3482,TRUE
222,0.58,31,0.0,0.9697191479846592,0,5,355,4137,3334,TRUE
223,0.67,148,0.4090909090909093,0.6208998878044898,0,17,534,5000,1481,FALSE
224,0.72,608,0.6363636363636361,0.30163741556612733,0,45,3940,2116,1841,FALSE
225,0.72,240,0.6363636363636361,0.5118576138642881,0,8,1174,2512,1,TRUE
226,0.58,35,0.0,0.9430095435798177,0,9,1964,5000,3301,TRUE
227,0.68,250,0.45454545454545475,0.5026380703085969,0,37,5000,5000,1557,FALSE
228,0.58,33,0.0,0.9559713305940964,0,7,1094,3382,3114,TRUE
229,0.71,180,0.5909090909090907,0.5767817099954062,0,11,1025,2788,1,FALSE
230,0.58,73,0.0,0.7796116260316864,0,35,794,1,3575,FALSE
231,0.73,587,0.6818181818181817,0.3095950578953435,0,43,1898,1535,2556,FALSE
232,0.58,36,0.0,0.9367962909022591,0,10,1080,1635,4033,TRUE
233,0.73,268,0.6818181818181817,0.4869323658636191,0,6,1181,2132,1,FALSE
234,0.68,238,0.45454545454545475,0.5137473709380375,0,35,4260,5000,1904,FALSE
235,0.58,28,0.0,0.9920423576707839,0,2,2400,2950,3797,TRUE
236,0.73,413,0.6818181818181817,0.38915963836629697,0,28,3436,1920,2632,FALSE
237,0.68,117,0.45454545454545475,0.6737965311998052,0,10,955,5000,1,FALSE
238,0.58,28,0.0,0.9920423576707839,0,2,950,5000,3608,TRUE
239,0.58,28,0.0,0.9920423576707839,0,2,5000,1337,5000,TRUE
240,0.66,103,0.3636363636363638,0.7024361007560407,0,12,393,4349,1567,FALSE
241,0.7,250,0.5454545454545452,0.5026380703085969,0,22,4341,4053,1,FALSE
242,0.74,359,0.7272727272727272,0.42085338926080795,0,10,1278,1846,1,FALSE
243,0.58,29,0.0,0.9843545185102327,0,3,1104,3369,476,TRUE
244,0.58,59,0.0,0.8271698536396602,0,23,628,1,5000,FALSE
245,0.58,36,0.0,0.9367962909022591,0,10,5000,4168,5000,TRUE
246,0.7,426,0.5454545454545452,0.38214836890093085,0,44,5000,3440,5000,FALSE
247,0.66,64,0.3636363636363638,0.8090186059193214,0,3,391,5000,1,FALSE
248,0.58,36,0.0,0.9367962909022591,0,10,3160,3831,4060,TRUE
249,0.7,294,0.5454545454545452,0.46600970662194063,0,25,3691,3707,1,TRUE
250,0.71,455,0.5909090909090907,0.36724761562240993,0,40,4237,3432,1,FALSE
251,0.58,36,0.0,0.9367962909022591,0,10,5000,1587,3959,TRUE
252,0.58,30,0.0,0.9769187855863338,0,4,5000,3346,3919,TRUE
253,0.58,31,0.0,0.9697191479846592,0,5,3350,5000,2448,TRUE
254,0.71,287,0.5909090909090907,0.47145554896809994,0,22,3882,3263,1,TRUE
255,0.75,443,0.7727272727272726,0.3732951616528344,0,7,1361,1511,1,TRUE
256,0.69,102,0.4999999999999997,0.7046271278153209,0,4,467,3071,1,FALSE
257,0.73,334,0.6818181818181817,0.43717478641197705,0,20,1268,1966,797,FALSE
258,0.58,30,0.0,0.9769187855863338,0,4,2999,1233,4204,TRUE
259,0.74,414,0.7272727272727272,0.38861254633613307,0,18,1396,1528,587,FALSE
260,0.58,58,0.0,0.8309811960703778,0,22,1,1,2237,TRUE
261,0.58,30,0.0,0.9769187855863338,0,4,1137,4308,332,TRUE
262,0.58,30,0.0,0.9769187855863338,0,4,5000,2357,3917,TRUE
263,0.58,31,0.0,0.9697191479846592,0,5,2214,5000,5000,TRUE
264,0.58,30,0.0,0.9769187855863338,0,4,1675,729,5000,TRUE
265,0.68,159,0.45454545454545475,0.6047476585362221,0,18,550,3976,2050,FALSE
266,0.73,263,0.6818181818181817,0.49118707859935873,0,5,1229,2150,1,TRUE
267,0.74,396,0.7272727272727272,0.39866801544534347,0,15,1381,1560,1,FALSE
268,0.67,77,0.4090909090909093,0.7676736309889063,0,6,632,5000,1,TRUE
269,0.71,150,0.5909090909090907,0.6178762491891452,0,5,827,2800,1,FALSE
270,0.58,28,0.0,0.9920423576707839,0,2,1,2801,2815,TRUE
271,0.71,437,0.5909090909090907,0.37638050906347453,0,38,5000,2587,2669,FALSE
272,0.73,311,0.6818181818181817,0.453304301247761,0,16,1295,1848,1,TRUE
273,0.72,411,0.6363636363636361,0.3902577980741757,0,30,4429,2501,1,TRUE
274,0.67,105,0.4090909090909093,0.6981165504111353,0,12,2124,1150,652,FALSE
275,0.58,64,0.0,0.8090186059193214,0,28,1,4579,1409,FALSE
276,0.66,63,0.3636363636363638,0.8125344831140866,0,2,380,4488,1,FALSE
277,0.58,30,0.0,0.9769187855863338,0,4,1204,2353,2873,TRUE
278,0.58,29,0.0,0.9843545185102327,0,3,1,3989,2314,TRUE
279,0.71,175,0.5909090909090907,0.5831342132370658,0,10,1005,2888,1,TRUE
280,0.58,30,0.0,0.9769187855863338,0,4,4274,5000,2986,TRUE
281,0.74,519,0.7272727272727272,0.3374646113076035,0,25,4202,1787,486,FALSE
282,0.58,59,0.0,0.8271698536396602,0,23,2649,1,4709,FALSE
283,0.58,105,0.0,0.6981165504111353,0,44,1,5000,1374,FALSE
284,0.58,28,0.0,0.9920423576707839,0,2,552,1971,2374,TRUE
285,0.58,29,0.0,0.9843545185102327,0,3,3388,5000,850,TRUE
286,0.58,62,0.0,0.816105730724586,0,26,4426,1,3993,TRUE
287,0.74,666,0.7272727272727272,0.28100778758669065,0,36,4106,1814,1,TRUE
288,0.58,28,0.0,0.9920423576707839,0,2,643,1216,4011,TRUE
289,0.66,71,0.3636363636363638,0.7858248787092451,0,5,335,3684,1,FALSE
290,0.67,78,0.4090909090909093,0.7647848080177369,0,7,295,3078,1,TRUE
291,0.67,68,0.4090909090909093,0.795476102745149,1,1,263,2798,1,FALSE
292,0.58,28,0.0,0.9920423576707839,0,2,1,5000,2235,TRUE
293,0.58,59,0.0,0.8271698536396602,0,23,1,1,3812,TRUE
294,0.7,358,0.5454545454545452,0.42148418114601627,0,36,4615,3655,1032,FALSE
295,0.58,29,0.0,0.9843545185102327,0,3,1595,1522,3515,TRUE
296,0.73,470,0.6818181818181817,0.35990815505678686,0,32,3898,2257,1,TRUE
297,0.71,346,0.5909090909090907,0.42919380307748967,0,27,5000,3143,1030,FALSE
298,0.7,137,0.5454545454545452,0.6382914378745764,0,4,696,3101,1,FALSE
299,0.73,297,0.6818181818181817,0.4637152229339172,0,13,1114,2223,1,FALSE
300,0.76,611,0.8181818181818181,0.3005230667069646,0,9,3149,982,1,FALSE
301,0.71,190,0.5909090909090907,0.5645868614221072,0,13,1037,2628,1,FALSE
302,0.71,350,0.5909090909090907,0.42659469684291973,0,28,1129,2319,2478,FALSE
303,0.58,29,0.0,0.9843545185102327,0,3,5000,4258,3265,TRUE
304,0.74,610,0.7272727272727272,0.3008939082229902,0,31,3641,1465,2235,FALSE
305,0.58,29,0.0,0.9843545185102327,0,3,709,4335,2731,TRUE
306,0.73,319,0.6818181818181817,0.44756299366564944,0,17,1155,1876,1,FALSE
307,0.69,353,0.4999999999999997,0.42466473169152574,0,59,1443,3992,3343,FALSE
308,0.58,28,0.0,0.9920423576707839,0,2,2986,5000,3425,TRUE
309,0.7,235,0.5454545454545452,0.5166118663292325,0,21,3652,3722,1,FALSE
310,0.68,80,0.45454545454545475,0.7591152743044036,0,2,505,4433,1,TRUE
311,0.71,172,0.5909090909090907,0.5870329259391444,0,8,1013,3029,1,FALSE
312,0.77,497,0.8636363636363635,0.34726757140571785,0,2,2818,803,1,TRUE
313,0.69,314,0.4999999999999997,0.45113424127614876,0,50,1148,3616,2429,FALSE
314,0.58,29,0.0,0.9843545185102327,0,3,2423,3399,3133,TRUE
315,0.68,121,0.45454545454545475,0.6662368466267352,0,11,890,4697,1,FALSE
316,0.72,224,0.6363636363636361,0.5274358944240887,0,5,1067,2420,1,FALSE
317,0.69,142,0.4999999999999997,0.6302204957495925,0,12,975,3773,1,FALSE
318,0.72,338,0.6363636363636361,0.43448312826468183,0,21,1168,1989,1905,FALSE
319,0.65,53,0.31818181818181834,0.8510624089421106,0,2,156,3034,1,FALSE
320,0.58,29,0.0,0.9843545185102327,0,3,3997,1592,5000,TRUE
321,0.65,187,0.31818181818181834,0.5681769554516088,0,24,252,3364,2239,FALSE
322,0.74,374,0.7272727272727272,0.4115962044839312,0,13,3443,1823,1,TRUE
323,0.65,61,0.31818181818181834,0.8197341207157612,0,4,326,5000,1,TRUE
324,0.58,29,0.0,0.9843545185102327,0,3,3882,2801,4240,TRUE
325,0.58,29,0.0,0.9843545185102327,0,3,3487,4472,3502,TRUE
326,0.68,167,0.45454545454545475,0.5936835356211478,0,20,1060,4905,1988,FALSE
327,0.75,384,0.7727272727272726,0.40562824067454184,0,5,2865,1138,1,TRUE
328,0.58,28,0.0,0.9920423576707839,0,2,575,2894,404,TRUE
329,0.58,29,0.0,0.9843545185102327,0,3,4186,1366,3573,TRUE
330,0.74,324,0.7272727272727272,0.44404711647088424,0,7,1136,1657,1,FALSE
331,0.58,30,0.0,0.9769187855863338,0,4,1,2270,2855,TRUE
332,0.76,683,0.8181818181818181,0.27530048098470306,0,11,3186,1052,1,TRUE
333,0.58,28,0.0,0.9920423576707839,0,2,3333,4081,2944,TRUE
334,0.58,29,0.0,0.9843545185102327,0,3,1617,1623,5000,TRUE
335,0.68,89,0.45454545454545475,0.7352227190019531,0,5,2138,1081,1,TRUE
336,0.58,30,0.0,0.9769187855863338,0,4,5000,2857,2535,TRUE
337,0.58,29,0.0,0.9843545185102327,0,3,4294,3218,5000,TRUE
338,0.58,61,0.0,0.8197341207157612,0,25,857,1,2689,TRUE
339,0.64,52,0.2727272727272729,0.8553012152817078,0,3,233,5000,1,FALSE
340,0.77,607,0.8636363636363635,0.3020100853895443,0,8,2988,809,1,FALSE
341,0.69,167,0.4999999999999997,0.5936835356211478,0,16,3664,5000,1,FALSE
342,0.67,71,0.4090909090909093,0.7858248787092451,0,2,368,3806,1,TRUE
343,0.78,716,0.9090909090909091,0.264615571429758,0,3,2886,600,1,FALSE
344,0.58,28,0.0,0.9920423576707839,0,2,83,3234,2567,TRUE
345,0.7,125,0.5454545454545452,0.6589210658540134,0,3,666,3269,1,TRUE
346,0.58,31,0.0,0.9697191479846592,0,5,789,5000,215,TRUE
347,0.58,30,0.0,0.9769187855863338,0,4,3864,2081,3507,TRUE
348,0.68,360,0.45454545454545475,0.42022434714729273,0,60,4090,4593,2375,FALSE
349,0.58,32,0.0,0.9627410732110764,0,6,2362,5000,4046,TRUE
350,0.6,39,0.09090909090909095,0.9191169882773672,1,1,47,3372,1,TRUE
351,0.58,59,0.0,0.8271698536396602,0,23,1794,1,3877,TRUE
352,0.58,28,0.0,0.9920423576707839,0,2,612,4209,5000,TRUE
353,0.62,41,0.1818181818181819,0.9080528653622929,1,1,103,4282,1,TRUE
354,0.58,61,0.0,0.8197341207157612,0,25,3014,1,4053,TRUE
355,0.58,30,0.0,0.9769187855863338,0,4,3701,5000,362,TRUE
356,0.58,31,0.0,0.9697191479846592,0,5,3150,3585,5000,TRUE
357,0.74,329,0.7272727272727272,0.44058491889206675,0,9,1134,1697,1,TRUE
358,0.58,28,0.0,0.9920423576707839,0,2,2064,5000,2565,TRUE
359,0.73,502,0.6818181818181817,0.34500212262936314,0,38,3725,2148,521,FALSE
360,0.58,61,0.0,0.8197341207157612,0,25,638,1,1897,FALSE
361,0.74,422,0.7272727272727272,0.3842826861761949,0,19,1429,1700,1629,FALSE
362,0.73,270,0.6818181818181817,0.48525258383829417,0,7,1100,2037,1,FALSE
363,0.68,100,0.45454545454545475,0.709073731783783,0,6,829,4594,1,TRUE
364,0.58,35,0.0,0.9430095435798177,0,9,3659,2655,5000,TRUE
365,0.72,296,0.6363636363636361,0.46447747419451724,0,14,2789,1547,2756,FALSE
366,0.69,131,0.4999999999999997,0.6483717434699313,0,7,970,3678,1,TRUE
367,0.58,29,0.0,0.9843545185102327,0,3,568,5000,2322,TRUE
368,0.77,569,0.8636363636363635,0.31664545591511795,0,5,3004,837,1,TRUE
369,0.74,392,0.7272727272727272,0.4009644354396016,0,14,3280,1578,1,TRUE
370,0.71,594,0.5909090909090907,0.3069113634198549,0,50,3655,3237,3661,FALSE
371,0.71,195,0.5909090909090907,0.558726857403623,0,14,1087,2635,1,TRUE
372,0.65,59,0.31818181818181834,0.8271698536396602,0,3,284,4558,1,TRUE
373,0.58,61,0.0,0.8197341207157612,0,25,1075,1,4182,FALSE
374,0.77,813,0.8636363636363635,0.2358420264135206,0,11,3248,789,1,FALSE
375,0.58,29,0.0,0.9843545185102327,0,3,1,1412,3838,TRUE
376,0.74,411,0.7272727272727272,0.3902577980741757,0,17,1221,1766,1,FALSE
377,0.75,532,0.7727272727272726,0.33186507899520057,0,14,3388,1271,1,TRUE
378,0.67,74,0.4090909090909093,0.7765676939323682,0,3,450,4204,1,FALSE
379,0.58,30,0.0,0.9769187855863338,0,4,129,1227,2818,TRUE
380,0.58,30,0.0,0.9769187855863338,0,4,797,2219,4307,TRUE
381,0.58,29,0.0,0.9843545185102327,0,3,655,3562,2491,TRUE
382,0.58,30,0.0,0.9769187855863338,0,4,5000,816,4395,TRUE
383,0.71,164,0.5909090909090907,0.5977695837626393,0,7,1043,3090,1,TRUE
384,0.78,1007,0.9090909090909091,0.18736707124229557,0,6,2938,454,1,FALSE
385,0.58,28,0.0,0.9920423576707839,0,2,692,2822,2574,TRUE
386,0.72,235,0.6363636363636361,0.5166118663292325,0,7,1057,2380,1,TRUE
387,0.58,30,0.0,0.9769187855863338,0,4,2761,1008,3305,TRUE
388,0.65,53,0.31818181818181834,0.8510624089421106,0,2,204,4358,1,FALSE
389,0.58,31,0.0,0.9697191479846592,0,5,1611,4099,2885,TRUE
390,0.58,59,0.0,0.8271698536396602,0,23,1,1,1719,TRUE
391,0.7,648,0.5454545454545452,0.2872115964522117,0,56,4206,1139,3874,FALSE
392,0.74,576,0.7272727272727272,0.31387752834146077,0,29,5000,1682,1,TRUE
393,0.58,62,0.0,0.816105730724586,0,26,3540,1,4073,FALSE
394,0.58,29,0.0,0.9843545185102327,0,3,5000,5000,4200,TRUE
395,0.58,32,0.0,0.9627410732110764,0,6,3815,2881,2904,TRUE
396,0.58,31,0.0,0.9697191479846592,0,5,5000,3704,5000,TRUE
397,0.7,795,0.5454545454545452,0.24091286087385988,0,67,5000,2418,4077,FALSE
398,0.69,142,0.4999999999999997,0.6302204957495925,0,12,882,4304,1,FALSE
399,0.67,86,0.4090909090909093,0.7429105581625044,0,9,520,5000,1,FALSE
400,0.73,555,0.6818181818181817,0.3222847758469779,0,40,5000,1911,697,FALSE
401,0.77,589,0.8636363636363635,0.30882504175136827,0,7,2824,720,1,TRUE
402,0.69,362,0.4999999999999997,0.4189714735929104,0,60,4018,3950,5000,FALSE
403,0.73,282,0.6818181818181817,0.475427095952646,0,10,1047,2049,1,TRUE
404,0.74,373,0.7272727272727272,0.41220173097593027,0,12,1220,1544,1,FALSE
405,0.58,60,0.0,0.8234215114973078,0,24,1966,1,3656,FALSE
406,0.58,32,0.0,0.9627410732110764,0,6,4193,4290,4574,TRUE
407,0.71,418,0.5909090909090907,0.38643728230406194,0,37,4448,2789,2249,FALSE
408,0.58,29,0.0,0.9843545185102327,0,3,1005,845,3610,TRUE
409,0.72,523,0.6363636363636361,0.3357269052067361,0,39,1607,1709,3210,FALSE
410,0.73,476,0.6818181818181817,0.3570376162651485,0,34,5000,2239,1,FALSE
411,0.58,61,0.0,0.8197341207157612,0,25,4160,1,2940,TRUE
412,0.69,127,0.4999999999999997,0.655349818243514,0,5,860,4223,1,TRUE
413,0.69,144,0.4999999999999997,0.6270708682223469,0,14,952,3952,1,FALSE
414,0.73,568,0.6818181818181817,0.31704364659954076,0,41,4155,2004,1030,FALSE
415,0.77,654,0.8636363636363635,0.2851247454994441,0,10,3104,864,1,FALSE
416,0.58,31,0.0,0.9697191479846592,0,5,5000,5000,2401,TRUE
417,0.71,537,0.5909090909090907,0.3297477009930464,0,48,4096,2108,3854,FALSE
418,0.77,537,0.8636363636363635,0.3297477009930464,0,4,2721,797,1,FALSE
419,0.77,583,0.8636363636363635,0.31114297883060893,0,6,3065,954,1,TRUE
420,0.78,794,0.9090909090909091,0.24119792632499104,0,4,2753,600,1,TRUE
421,0.64,50,0.2727272727272729,0.8640241959563895,0,2,160,3745,1,FALSE
422,0.69,187,0.4999999999999997,0.5681769554516088,0,19,3230,4150,1,TRUE
423,0.75,623,0.7727272727272726,0.2961196363771884,0,16,1322,1428,1,FALSE
424,0.68,134,0.45454545454545475,0.6432755843642461,0,12,897,4803,1,TRUE
425,0.73,406,0.6818181818181817,0.3930266912840932,0,26,1121,1933,1,FALSE
426,0.66,56,0.3636363636363638,0.8388016102341277,1,1,271,4645,1,FALSE
427,0.58,29,0.0,0.9843545185102327,0,3,2569,3626,2248,TRUE
428,0.58,62,0.0,0.816105730724586,0,26,1621,1,2963,TRUE
429,0.67,93,0.4090909090909093,0.7253616203221814,0,10,788,5000,1,FALSE
430,0.58,32,0.0,0.9627410732110764,0,6,5000,2945,3693,TRUE
431,0.58,30,0.0,0.9769187855863338,0,4,1856,4281,5000,TRUE
432,0.78,837,0.9090909090909091,0.22925261743348935,0,5,2718,606,1,FALSE
433,0.58,29,0.0,0.9843545185102327,0,3,3529,1984,2772,TRUE
434,0.58,31,0.0,0.9697191479846592,0,5,1,4074,5000,TRUE
435,0.58,30,0.0,0.9769187855863338,0,4,5000,3597,2083,TRUE
436,0.64,161,0.2727272727272729,0.6019306094338313,0,20,186,5000,1655,FALSE
437,0.58,61,0.0,0.8197341207157612,0,25,2964,1,3088,TRUE
438,0.58,29,0.0,0.9843545185102327,0,3,3596,1622,3339,TRUE
439,0.58,29,0.0,0.9843545185102327,0,3,5000,4357,2330,TRUE
440,0.63,47,0.22727272727272738,0.8777720133469521,1,1,161,4864,1,TRUE
441,0.62,381,0.1818181818181819,0.40740219655153465,0,65,805,247,5000,FALSE
442,0.74,463,0.7272727272727272,0.3633036981884935,0,22,1268,1414,1563,FALSE
443,0.58,29,0.0,0.9843545185102327,0,3,787,1598,2195,TRUE
444,0.58,28,0.0,0.9920423576707839,0,2,2145,1627,4210,TRUE
445,0.73,299,0.6818181818181817,0.46219836419122307,0,14,1081,1858,1,TRUE
446,0.58,29,0.0,0.9843545185102327,0,3,4101,804,3904,TRUE
447,0.58,30,0.0,0.9769187855863338,0,4,1827,3237,4034,TRUE
448,0.76,462,0.8181818181818181,0.36379295304173287,0,3,3067,1098,1,FALSE
449,0.58,29,0.0,0.9843545185102327,0,3,1,954,3211,TRUE
450,0.7,188,0.5454545454545452,0.5669739312163062,0,13,5000,4564,1,TRUE
451,0.58,28,0.0,0.9920423576707839,0,2,884,998,4287,TRUE
452,0.58,28,0.0,0.9920423576707839,0,2,1,1018,2034,TRUE
453,0.58,60,0.0,0.8234215114973078,0,24,5000,1,2618,FALSE
454,0.77,513,0.8636363636363635,0.3400963956222809,0,3,3006,913,1,FALSE
455,0.75,266,0.7727272727272726,0.48862468369162604,1,1,2617,1082,1,TRUE
456,0.71,149,0.5909090909090907,0.6193830290617957,0,4,794,2574,1,FALSE
457,0.69,88,0.4999999999999997,0.7377564831999057,1,1,574,3946,1,TRUE
458,0.7,212,0.5454545454545452,0.5398647328111299,0,20,5000,4541,1,FALSE
459,0.68,89,0.45454545454545475,0.7352227190019531,0,5,531,4019,1,FALSE
460,0.58,28,0.0,0.9920423576707839,0,2,1,864,4222,TRUE
461,0.69,198,0.4999999999999997,0.5552821906150052,0,24,5000,4756,1,TRUE
462,0.58,32,0.0,0.9627410732110764,0,6,787,931,2970,TRUE
463,0.58,29,0.0,0.9843545185102327,0,3,614,4656,2487,TRUE
464,0.67,74,0.4090909090909093,0.7765676939323682,0,3,408,4175,1,TRUE
465,0.75,374,0.7727272727272726,0.4115962044839312,0,4,1070,1291,1,TRUE
466,0.76,425,0.8181818181818181,0.3826800679405572,1,1,1158,1347,1,FALSE
467,0.67,81,0.4090909090909093,0.7563327910943916,0,8,510,4715,1,TRUE
468,0.6,96,0.09090909090909095,0.7182373840633502,0,11,2045,4547,1658,FALSE
469,0.58,29,0.0,0.9843545185102327,0,3,1876,225,3627,TRUE
470,0.58,30,0.0,0.9769187855863338,0,4,4253,2064,4508,TRUE
471,0.74,312,0.7272727272727272,0.45257863811168797,0,6,1055,1729,84,FALSE
472,0.58,34,0.0,0.949397840292708,0,8,4599,3570,2885,TRUE
473,0.74,327,0.7272727272727272,0.4419634613532464,0,8,2741,1140,1781,FALSE
474,0.58,34,0.0,0.949397840292708,0,8,1617,4143,4000,TRUE
475,0.58,31,0.0,0.9697191479846592,0,5,1537,2252,1366,TRUE
476,0.58,58,0.0,0.8309811960703778,0,22,1,1,5000,TRUE
477,0.58,39,0.0,0.9191169882773672,0,12,1,3564,174,FALSE
478,0.58,29,0.0,0.9843545185102327,0,3,5000,5000,5000,TRUE
479,0.58,31,0.0,0.9697191479846592,0,5,1,5000,1,FALSE
480,0.58,33,0.0,0.9559713305940964,0,7,1,487,1,TRUE
481,0.58,177,0.0,0.5805718183293331,0,59,1,3497,5000,FALSE
482,0.58,60,0.0,0.8234215114973078,0,24,5000,1,5000,TRUE
483,0.58,63,0.0,0.8125344831140866,0,27,1,1,1204,FALSE
484,0.58,29,0.0,0.9843545185102327,0,3,1,5000,1326,TRUE
485,0.58,29,0.0,0.9843545185102327,0,3,1,2046,5000,TRUE
486,0.58,33,0.0,0.9559713305940964,0,7,1,2548,325,FALSE
487,0.58,28,0.0,0.9920423576707839,0,2,1,5000,5000,TRUE
488,0.58,253,0.0,0.499943747090564,0,67,1,5000,5000,FALSE
489,0.58,30,0.0,0.9769187855863338,0,4,1,5000,1,TRUE
490,0.58,194,0.0,0.5598868064110417,0,62,1,4219,3626,FALSE
491,0.58,30,0.0,0.9769187855863338,0,4,5000,3079,5000,TRUE
492,0.58,29,0.0,0.9843545185102327,0,3,5000,5000,1077,TRUE
493,0.58,30,0.0,0.9769187855863338,0,4,1,4109,1,FALSE
494,0.58,30,0.0,0.9769187855863338,0,4,2964,1239,5000,TRUE
495,0.71,304,0.5909090909090907,0.45845002204887064,0,24,5000,2959,1,TRUE
496,0.58,60,0.0,0.8234215114973078,0,24,1,1214,458,FALSE
497,0.58,140,0.0,0.6334144856844743,0,52,1,5000,3856,FALSE
498,0.58,61,0.0,0.8197341207157612,0,25,1,1,937,TRUE
499,0.72,202,0.6363636363636361,0.550769215074407,0,3,2973,2300,1,FALSE
500,0.58,129,0.0,0.6518339410487488,0,48,1793,1385,2383,TRUE
501,0.69,394,0.4999999999999997,0.3998133185692997,0,69,4584,3864,3930,FALSE
502,0.58,289,0.0,0.4698862033517742,0,68,2601,923,224,TRUE
503,0.69,364,0.4999999999999997,0.41772548399388965,0,61,1023,3363,3665,FALSE
504,0.59,180,0.04545454545454548,0.5767817099954062,0,26,147,254,4849,FALSE
505,0.58,30,0.0,0.9769187855863338,0,4,3574,2811,1425,TRUE
506,0.72,481,0.6363636363636361,0.3546729489937154,0,38,4247,1975,2709,FALSE
507,0.58,28,0.0,0.9920423576707839,0,2,2034,4494,1141,TRUE
508,0.58,28,0.0,0.9920423576707839,0,2,2493,965,2918,TRUE
509,0.7,310,0.5454545454545452,0.45403229396451006,0,29,4042,3486,734,FALSE
510,0.58,29,0.0,0.9843545185102327,0,3,3154,1730,4528,TRUE
511,0.65,86,0.31818181818181834,0.7429105581625044,0,10,314,4290,1700,FALSE
512,0.71,151,0.5909090909090907,0.6163794151306896,0,6,701,2409,403,FALSE
513,0.58,29,0.0,0.9843545185102327,0,3,2865,4851,3210,TRUE
514,0.72,865,0.6363636363636361,0.2217994265984603,0,52,4946,365,1994,FALSE
515,0.58,30,0.0,0.9769187855863338,0,4,1490,2847,4195,TRUE
516,0.74,910,0.7272727272727272,0.2103117379808641,0,43,1404,486,857,FALSE
517,0.58,29,0.0,0.9843545185102327,0,3,4818,3044,3030,TRUE
518,0.72,333,0.6363636363636361,0.4378527227510072,0,20,2993,2212,1744,FALSE
519,0.58,28,0.0,0.9920423576707839,0,2,787,4730,4562,TRUE
520,0.58,29,0.0,0.9843545185102327,0,3,540,1621,3322,TRUE
521,0.7,158,0.5454545454545452,0.6061694157734282,0,8,3339,4100,525,FALSE
522,0.58,33,0.0,0.9559713305940964,0,7,3857,1155,4229,TRUE
523,0.65,200,0.31818181818181834,0.5530144763521345,0,26,2267,3595,2038,FALSE
524,0.71,546,0.5909090909090907,0.32598553944507036,0,49,1944,2176,3896,FALSE
525,0.58,30,0.0,0.9769187855863338,0,4,4121,4619,2339,TRUE
526,0.62,435,0.1818181818181819,0.3774183577240531,0,74,3700,128,3553,FALSE
527,0.58,635,0.0,0.291800086032283,0,84,237,2610,101,TRUE
528,0.58,31,0.0,0.9697191479846592,0,5,1246,729,1381,TRUE
529,0.69,468,0.4999999999999997,0.36087313326403725,0,76,2787,3250,4815,FALSE
530,0.58,30,0.0,0.9769187855863338,0,4,4398,1497,1019,TRUE
531,0.69,344,0.4999999999999997,0.43050461329671186,0,56,1570,4057,2597,FALSE
532,0.7,703,0.5454545454545452,0.26876488349592054,0,60,1660,785,4408,FALSE
533,0.58,30,0.0,0.9769187855863338,0,4,4483,3345,1591,TRUE
534,0.72,346,0.6363636363636361,0.42919380307748967,0,22,2698,1285,2876,FALSE
535,0.58,30,0.0,0.9769187855863338,0,4,1161,3806,703,TRUE
536,0.58,30,0.0,0.9769187855863338,0,4,171,1915,1883,TRUE
537,0.69,248,0.4999999999999997,0.5044522362762904,0,36,3629,4396,4076,FALSE
538,0.58,139,0.0,0.635028510551563,0,51,4187,233,371,TRUE
539,0.59,194,0.04545454545454548,0.5598868064110417,0,27,2016,2676,3169,FALSE
540,0.66,81,0.3636363636363638,0.7563327910943916,0,9,2201,1867,255,FALSE
541,0.58,32,0.0,0.9627410732110764,0,6,3787,4307,3707,TRUE
542,0.74,635,0.7272727272727272,0.291800086032283,0,34,3404,1064,2492,FALSE
543,0.58,31,0.0,0.9697191479846592,0,5,610,3544,4050,TRUE
544,0.58,28,0.0,0.9920423576707839,0,2,878,425,2750,TRUE
545,0.71,237,0.5909090909090907,0.5146981879977195,0,18,3079,2943,1173,FALSE
546,0.58,30,0.0,0.9769187855863338,0,4,4727,2429,4968,TRUE
547,0.68,217,0.45454545454545475,0.5346030225946257,0,31,1318,4986,1536,FALSE
548,0.58,30,0.0,0.9769187855863338,0,4,1425,2308,3508,TRUE
549,0.69,190,0.4999999999999997,0.5645868614221072,0,22,4876,4790,64,FALSE
550,0.58,28,0.0,0.9920423576707839,0,2,2930,621,3772,TRUE
551,0.69,242,0.4999999999999997,0.509983474796124,0,33,771,3063,2224,FALSE
552,0.72,214,0.6363636363636361,0.5377453759222359,0,4,404,1173,983,FALSE
553,0.58,30,0.0,0.9769187855863338,0,4,3240,3732,2550,TRUE
554,0.73,635,0.6818181818181817,0.291800086032283,0,44,3951,1678,1267,FALSE
555,0.58,29,0.0,0.9843545185102327,0,3,2407,4199,4690,TRUE
556,0.58,70,0.0,0.7889965323194095,0,32,2124,31,1859,TRUE
557,0.69,2302,0.4999999999999997,0.0,0,87,4332,2549,4686,FALSE
558,0.58,30,0.0,0.9769187855863338,0,4,3484,2041,894,TRUE
559,0.6,179,0.09090909090909095,0.5780380541313805,0,25,62,4598,3075,FALSE
560,0.71,374,0.5909090909090907,0.4115962044839312,0,30,957,1480,4354,FALSE
561,0.58,35,0.0,0.9430095435798177,0,9,2530,3920,2152,TRUE
562,0.7,768,0.5454545454545452,0.2487382730988711,0,65,4651,671,3369,FALSE
563,0.58,29,0.0,0.9843545185102327,0,3,1864,3150,561,TRUE
564,0.67,781,0.4090909090909093,0.24493676051000302,0,85,1835,177,3259,FALSE
565,0.58,29,0.0,0.9843545185102327,0,3,4622,2698,433,TRUE
566,0.69,288,0.4999999999999997,0.47066951859181594,0,42,2559,1893,4146,FALSE
567,0.58,154,0.0,0.6119472961378967,0,55,986,4453,1964,TRUE
568,0.58,31,0.0,0.9697191479846592,0,5,33,1312,764,TRUE
569,0.69,329,0.4999999999999997,0.44058491889206675,0,53,3455,3755,2966,FALSE
570,0.58,30,0.0,0.9769187855863338,0,4,4361,837,1671,TRUE
571,0.64,274,0.2727272727272729,0.48192989382248175,0,45,2153,3318,4479,FALSE
572,0.69,200,0.4999999999999997,0.5530144763521345,0,25,2378,2475,1455,FALSE
573,0.58,30,0.0,0.9769187855863338,0,4,3922,4955,4898,TRUE
574,0.72,859,0.6363636363636361,0.22337604618109075,0,51,3269,457,1111,FALSE
575,0.58,28,0.0,0.9920423576707839,0,2,434,2897,2660,TRUE
576,0.58,30,0.0,0.9769187855863338,0,4,742,1028,3979,TRUE
577,0.69,260,0.4999999999999997,0.4937787586542246,0,39,2901,3586,2412,FALSE
578,0.58,29,0.0,0.9843545185102327,0,3,4905,1826,3617,TRUE
579,0.69,187,0.4999999999999997,0.5681769554516088,0,19,1454,4344,194,FALSE
580,0.58,28,0.0,0.9920423576707839,0,2,1289,1701,4785,TRUE
581,0.7,299,0.5454545454545452,0.46219836419122307,0,26,4698,4144,1333,FALSE
582,0.58,33,0.0,0.9559713305940964,0,7,3108,1229,2626,TRUE
583,0.69,288,0.4999999999999997,0.47066951859181594,0,42,907,3711,1068,FALSE
584,0.73,458,0.6818181818181817,0.3657605969398302,0,31,581,570,2290,FALSE
585,0.58,36,0.0,0.9367962909022591,0,10,3375,3091,3867,TRUE
586,0.73,356,0.6818181818181817,0.4227510533600126,0,21,3816,2282,151,FALSE
587,0.58,29,0.0,0.9843545185102327,0,3,2230,4842,3582,TRUE
588,0.58,165,0.0,0.5963993709139974,0,57,1986,639,476,TRUE
589,0.7,471,0.5454545454545452,0.35942720145866014,0,46,4158,3197,3293,FALSE
590,0.58,32,0.0,0.9627410732110764,0,6,3658,1433,2086,TRUE
591,0.64,240,0.2727272727272729,0.5118576138642881,0,36,200,3952,4259,FALSE
592,0.71,318,0.5909090909090907,0.4482727580526179,0,26,1132,2083,3001,FALSE
593,0.58,31,0.0,0.9697191479846592,0,5,2669,4562,807,TRUE
594,0.58,94,0.0,0.7229619202939703,0,42,4512,68,4591,FALSE
595,0.58,31,0.0,0.9697191479846592,0,5,1689,2508,1793,TRUE
596,0.58,29,0.0,0.9843545185102327,0,3,1619,2031,1222,TRUE
597,0.69,291,0.4999999999999997,0.46832764370118163,0,44,4447,4472,2779,FALSE
598,0.58,84,0.0,0.7481845060162319,0,40,2739,275,1487,TRUE
599,0.69,400,0.4999999999999997,0.39639461759299643,0,70,1197,2755,4939,FALSE
600,0.68,253,0.45454545454545475,0.499943747090564,0,39,286,895,3737,FALSE
601,0.58,30,0.0,0.9769187855863338,0,4,3749,3414,303,TRUE
602,0.7,639,0.5454545454545452,0.29037832879507686,0,55,4072,1333,4021,FALSE
603,0.58,29,0.0,0.9843545185102327,0,3,1896,3890,2443,TRUE
604,0.58,28,0.0,0.9920423576707839,0,2,2315,318,4105,TRUE
605,0.71,370,0.5909090909090907,0.41402807268533093,0,29,3906,2878,1932,FALSE
606,0.58,29,0.0,0.9843545185102327,0,3,3290,2377,3140,TRUE
607,0.67,121,0.4090909090909093,0.6662368466267352,0,13,491,4897,322,FALSE
608,0.73,282,0.6818181818181817,0.475427095952646,0,10,836,1766,1640,FALSE
609,0.58,29,0.0,0.9843545185102327,0,3,3041,4248,4437,TRUE
610,0.75,958,0.7727272727272726,0.19866753554042238,0,27,4769,1007,655,FALSE
611,0.58,29,0.0,0.9843545185102327,0,3,1355,3449,2846,TRUE
612,0.74,739,0.7272727272727272,0.2574554717126769,0,41,1539,1133,2122,FALSE
613,0.58,31,0.0,0.9697191479846592,0,5,4995,3651,4306,TRUE
614,0.74,253,0.7272727272727272,0.499943747090564,0,2,2816,1564,590,FALSE
615,0.58,29,0.0,0.9843545185102327,0,3,652,4122,3418,TRUE
616,0.58,32,0.0,0.9627410732110764,0,6,362,2262,4637,TRUE
617,0.68,246,0.45454545454545475,0.5062810327726437,0,36,3203,4703,1830,FALSE
618,0.58,32,0.0,0.9627410732110764,0,6,3993,513,3125,TRUE
619,0.68,232,0.45454545454545475,0.5195130087102389,0,34,2444,2992,923,FALSE
620,0.64,165,0.2727272727272729,0.5963993709139974,0,21,2083,1529,2501,FALSE
621,0.58,29,0.0,0.9843545185102327,0,3,4296,4011,954,TRUE
622,0.69,606,0.4999999999999997,0.30238336866150717,0,82,3525,775,4738,FALSE
623,0.58,28,0.0,0.9920423576707839,0,2,99,3218,1297,TRUE
624,0.61,212,0.13636363636363644,0.5398647328111299,0,30,1072,87,35,TRUE
625,0.68,347,0.45454545454545475,0.4285412284213591,0,58,2650,2647,3458,FALSE
626,0.58,30,0.0,0.9769187855863338,0,4,4536,2139,2253,TRUE
627,0.69,257,0.4999999999999997,0.4964004009918208,0,37,1744,4660,3821,FALSE
628,0.58,396,0.0,0.39866801544534347,0,71,1734,1085,128,TRUE
629,0.69,938,0.4999999999999997,0.2034468386034083,0,86,4567,3527,3561,FALSE
630,0.58,30,0.0,0.9769187855863338,0,4,2624,1845,2268,TRUE
631,0.68,369,0.45454545454545475,0.4146401365832495,0,63,1078,4327,3845,FALSE
632,0.64,269,0.2727272727272729,0.48609091949367356,0,44,98,2455,2642,FALSE
633,0.58,30,0.0,0.9769187855863338,0,4,3547,4976,1085,TRUE
634,0.66,908,0.3636363636363638,0.21081013276722382,0,86,4260,396,4802,FALSE
635,0.58,31,0.0,0.9697191479846592,0,5,2098,2956,1351,TRUE
636,0.58,29,0.0,0.9843545185102327,0,3,2440,1255,4574,TRUE
637,0.69,602,0.4999999999999997,0.30388267684385484,0,81,4016,3813,1776,FALSE
638,0.58,29,0.0,0.9843545185102327,0,3,3165,818,2983,TRUE
639,0.67,134,0.4090909090909093,0.6432755843642461,0,14,381,3336,791,FALSE
640,0.71,505,0.5909090909090907,0.34365363776469005,0,44,638,198,2108,FALSE
641,0.58,28,0.0,0.9920423576707839,0,2,2849,2677,4281,TRUE
642,0.73,478,0.6818181818181817,0.3560887883683054,0,35,4967,1953,498,FALSE
643,0.58,29,0.0,0.9843545185102327,0,3,1548,4394,3316,TRUE
644,0.73,377,0.6818181818181817,0.40978926634573365,0,24,1341,2062,1655,FALSE
645,0.58,35,0.0,0.9430095435798177,0,9,4802,4582,4461,TRUE
646,0.58,67,0.0,0.7987866657235239,0,30,3014,9,747,FALSE
647,0.58,52,0.0,0.8553012152817078,0,19,845,2569,2949,TRUE
648,0.58,27,0.0,1.0,1,1,487,697,4169,TRUE
649,0.7,718,0.5454545454545452,0.26398390100318414,0,61,3313,3140,1986,FALSE
650,0.58,31,0.0,0.9697191479846592,0,5,3868,1451,3281,TRUE
651,0.66,80,0.3636363636363638,0.7591152743044036,0,8,2334,3933,454,FALSE
652,0.7,789,0.5454545454545452,0.242628653698727,0,66,1895,591,3595,FALSE
653,0.58,135,0.0,0.6416020008529512,0,50,4093,3070,172,TRUE
654,0.71,530,0.5909090909090907,0.33271759705381865,0,47,3713,2341,3958,FALSE
655,0.58,30,0.0,0.9769187855863338,0,4,301,4781,2389,TRUE
656,0.58,30,0.0,0.9769187855863338,0,4,1187,1643,1129,TRUE
657,0.68,268,0.45454545454545475,0.4869323658636191,0,42,2770,4200,2677,FALSE
658,0.58,27,0.0,1.0,1,1,4421,1211,1472,TRUE
659,0.7,1078,0.5454545454545452,0.17193165881480643,0,69,1624,3730,4914,FALSE
660,0.73,475,0.6818181818181817,0.3575135231271468,0,33,1710,1747,3104,FALSE
661,0.58,118,0.0,0.6718828528682921,0,45,4512,4266,900,TRUE
662,0.7,359,0.5454545454545452,0.42085338926080795,0,37,2684,950,4616,FALSE
663,0.58,30,0.0,0.9769187855863338,0,4,1096,3507,1807,TRUE
664,0.58,145,0.0,0.6255123085717542,0,53,231,379,608,TRUE
665,0.7,398,0.5454545454545452,0.39752846763775074,0,43,3647,2819,3435,FALSE
666,0.58,29,0.0,0.9843545185102327,0,3,4163,2397,2140,TRUE
667,0.68,334,0.45454545454545475,0.43717478641197705,0,56,1960,4876,4322,FALSE
668,0.71,196,0.5909090909090907,0.5575728114701335,0,15,2262,914,2237,FALSE
669,0.58,32,0.0,0.9627410732110764,0,6,3802,3396,3803,TRUE
670,0.75,465,0.7727272727272726,0.3623283438396663,0,10,3384,1390,19,FALSE
671,0.58,30,0.0,0.9769187855863338,0,4,553,3833,3440,TRUE
672,0.58,31,0.0,0.9697191479846592,0,5,930,1971,4761,TRUE
673,0.68,209,0.45454545454545475,0.5430813759138559,0,28,3104,4531,1318,FALSE
674,0.58,32,0.0,0.9627410732110764,0,6,4717,255,2523,TRUE
675,0.71,235,0.5909090909090907,0.5166118663292325,0,17,1252,2776,975,FALSE
676,0.58,31,0.0,0.9697191479846592,0,5,1477,146,4004,TRUE
677,0.71,415,0.5909090909090907,0.3880667710148955,0,35,4901,2586,2427,FALSE
678,0.58,32,0.0,0.9627410732110764,0,6,2920,2161,3719,TRUE
679,0.67,141,0.4090909090909093,0.6318118674488369,0,16,705,4640,287,FALSE
680,0.71,181,0.5909090909090907,0.5755322879008089,0,12,466,1511,1508,FALSE
681,0.58,29,0.0,0.9843545185102327,0,3,3255,4030,4961,TRUE
682,0.73,812,0.6818181818181817,0.2361207843300147,0,47,3931,717,1243,FALSE
683,0.58,35,0.0,0.9430095435798177,0,9,2350,3275,2802,TRUE
684,0.58,30,0.0,0.9769187855863338,0,4,2184,2204,632,TRUE
685,0.68,290,0.45454545454545475,0.46910558455507045,0,44,4351,4763,2825,FALSE
686,0.58,31,0.0,0.9697191479846592,0,5,3460,491,1617,TRUE
687,0.58,217,0.0,0.5346030225946257,0,63,7,3012,4415,FALSE
688,0.72,426,0.6363636363636361,0.38214836890093085,0,33,1007,1151,3156,FALSE
689,0.58,29,0.0,0.9843545185102327,0,3,2559,3632,340,TRUE
690,0.71,670,0.5909090909090907,0.27965191187914173,0,52,4637,1622,4122,FALSE
691,0.58,32,0.0,0.9627410732110764,0,6,1799,4065,1950,TRUE
692,0.7,484,0.5454545454545452,0.353265894614913,0,47,1848,2351,4252,FALSE
693,0.58,33,0.0,0.9559713305940964,0,7,4686,4908,2059,TRUE
694,0.69,366,0.4999999999999997,0.41648630311518076,0,62,2510,347,3345,FALSE
695,0.58,29,0.0,0.9843545185102327,0,3,959,2865,547,TRUE
696,0.58,28,0.0,0.9920423576707839,0,2,55,987,1728,TRUE
697,0.69,617,0.4999999999999997,0.29831066343646884,0,83,3509,3466,4544,FALSE
698,0.58,32,0.0,0.9627410732110764,0,6,4302,1789,840,TRUE
699,0.62,172,0.1818181818181819,0.5870329259391444,0,24,2135,4229,3012,FALSE
700,0.7,491,0.5454545454545452,0.3500163267155395,0,48,2399,312,1036,FALSE
701,0.58,31,0.0,0.9697191479846592,0,5,3979,2754,2613,TRUE
702,0.73,325,0.6818181818181817,0.44335043531919605,0,19,3206,1993,1399,FALSE
703,0.58,30,0.0,0.9769187855863338,0,4,753,1363,3532,TRUE
704,0.69,137,0.4999999999999997,0.6382914378745764,0,10,2969,3884,79,FALSE
705,0.58,29,0.0,0.9843545185102327,0,3,4852,863,3875,TRUE
706,0.58,31,0.0,0.9697191479846592,0,5,1300,749,2725,TRUE
707,0.71,378,0.5909090909090907,0.40919013908438406,0,31,4766,3229,1159,FALSE
708,0.58,29,0.0,0.9843545185102327,0,3,3055,1558,4865,TRUE
709,0.72,154,0.6363636363636361,0.6119472961378967,1,1,602,2119,201,FALSE
710,0.58,34,0.0,0.949397840292708,0,8,3433,4677,3644,TRUE
711,0.65,529,0.31818181818181834,0.33314506096269814,0,80,3753,110,2361,FALSE
712,0.58,31,0.0,0.9697191479846592,0,5,2009,1601,2015,TRUE
713,0.69,327,0.4999999999999997,0.4419634613532464,0,52,4212,4122,4218,FALSE
714,0.58,131,0.0,0.6483717434699313,0,49,3599,1095,424,TRUE
715,0.64,172,0.2727272727272729,0.5870329259391444,0,23,182,3655,3233,FALSE
716,0.68,499,0.45454545454545475,0.3463586742510656,0,78,1145,543,4510,FALSE
717,0.58,34,0.0,0.949397840292708,0,8,2733,2986,1683,TRUE
718,0.71,610,0.5909090909090907,0.3008939082229902,0,51,4463,2231,2900,FALSE
719,0.58,33,0.0,0.9559713305940964,0,7,1662,4712,718,TRUE
720,0.58,32,0.0,0.9627410732110764,0,6,1595,442,1289,TRUE
721,0.7,672,0.5454545454545452,0.2789770020461031,0,59,4392,2924,4712,FALSE
722,0.58,43,0.0,0.8975035429782109,0,14,2799,2487,1004,TRUE
723,0.68,207,0.45454545454545475,0.5452514358854681,0,27,1216,4929,2572,FALSE
724,0.67,259,0.4090909090909093,0.4946492761781761,0,40,272,1808,3754,FALSE
725,0.58,30,0.0,0.9769187855863338,0,4,3684,4368,2207,TRUE
726,0.72,1315,0.6363636363636361,0.1269038128552319,0,54,4122,1043,3490,FALSE
727,0.58,1113,0.0,0.1646926184381613,0,88,1924,3564,48,TRUE
728,0.58,33,0.0,0.9559713305940964,0,7,2305,1897,3386,TRUE
729,0.69,415,0.4999999999999997,0.3880667710148955,0,72,3840,4415,579,FALSE
730,0.58,32,0.0,0.9627410732110764,0,6,3342,175,4371,TRUE
731,0.68,210,0.45454545454545475,0.5420040839281333,0,29,516,2733,2169,FALSE
732,0.75,455,0.7727272727272726,0.36724761562240993,0,9,816,844,871,FALSE
733,0.58,29,0.0,0.9843545185102327,0,3,2985,3284,3054,TRUE
734,0.74,798,0.7272727272727272,0.24005980831990092,0,42,4831,1306,1837,FALSE
735,0.58,30,0.0,0.9769187855863338,0,4,1371,3785,4664,TRUE
736,0.75,517,0.7727272727272726,0.3383384834353097,0,11,1519,1419,388,FALSE
737,0.58,29,0.0,0.9843545185102327,0,3,4938,3979,3186,TRUE
738,0.73,572,0.6818181818181817,0.31545506191382766,0,42,2878,651,1901,FALSE
739,0.58,29,0.0,0.9843545185102327,0,3,667,3171,4093,TRUE
740,0.58,72,0.0,0.7826969734423268,0,34,352,50,2854,TRUE
741,0.72,276,0.6363636363636361,0.48028662912084663,0,13,3136,2532,681,FALSE
742,0.58,29,0.0,0.9843545185102327,0,3,4045,2098,4386,TRUE
743,0.67,140,0.4090909090909093,0.6334144856844743,0,15,2469,4540,1568,FALSE
744,0.62,228,0.1818181818181819,0.5234398520533807,0,33,2069,1233,4990,FALSE
745,0.58,32,0.0,0.9627410732110764,0,6,4231,3673,1558,TRUE
746,0.72,457,0.6363636363636361,0.36625518718280814,0,36,3575,1699,2772,FALSE
747,0.58,29,0.0,0.9843545185102327,0,3,127,4178,1195,TRUE
748,0.58,29,0.0,0.9843545185102327,0,3,1048,2289,2476,TRUE
749,0.68,223,0.45454545454545475,0.5284460053882822,0,32,2595,4808,4032,FALSE
750,0.58,237,0.0,0.5146981879977195,0,65,4596,564,238,TRUE
751,0.7,504,0.5454545454545452,0.3441022423353458,0,50,1763,3121,3690,FALSE
752,0.58,30,0.0,0.9769187855863338,0,4,1769,551,4719,TRUE
753,0.71,411,0.5909090909090907,0.3902577980741757,0,34,4610,3108,1277,FALSE
754,0.58,32,0.0,0.9627410732110764,0,6,2586,2302,2559,TRUE
755,0.68,154,0.45454545454545475,0.6119472961378967,0,17,1037,4821,1012,FALSE
756,0.64,124,0.2727272727272729,0.6607280039922105,0,14,133,1682,2195,FALSE
757,0.58,32,0.0,0.9627410732110764,0,6,3589,4161,3762,TRUE
758,0.75,774,0.7727272727272726,0.2469758066894595,0,22,4222,1249,55,FALSE
759,0.58,31,0.0,0.9697191479846592,0,5,2057,3690,3478,TRUE
760,0.58,31,0.0,0.9697191479846592,0,5,2478,2101,571,TRUE
761,0.69,326,0.4999999999999997,0.4426558879569187,0,51,4056,4543,3399,FALSE
762,0.58,71,0.0,0.7858248787092451,0,33,3130,47,2181,TRUE
763,0.67,272,0.4090909090909093,0.4835851532631019,0,43,338,2529,4364,FALSE
764,0.72,416,0.6363636363636361,0.3875223060798434,0,31,676,657,3066,FALSE
765,0.58,29,0.0,0.9843545185102327,0,3,2889,3178,864,TRUE
766,0.7,581,0.5454545454545452,0.31192091968449787,0,54,4932,1412,4657,FALSE
767,0.58,35,0.0,0.9430095435798177,0,9,1505,3972,1849,TRUE
768,0.73,488,0.6818181818181817,0.35140330068148895,0,36,1379,1293,3198,FALSE
769,0.58,29,0.0,0.9843545185102327,0,3,4842,3773,380,TRUE
770,0.7,505,0.5454545454545452,0.34365363776469005,0,51,2979,857,4086,FALSE
771,0.58,37,0.0,0.9307487448718348,0,11,802,3297,1913,TRUE
772,0.58,126,0.0,0.6571284119611367,0,47,525,159,674,TRUE
773,0.71,459,0.5909090909090907,0.36526708306384637,0,41,3353,2716,2866,FALSE
774,0.58,30,0.0,0.9769187855863338,0,4,3833,1913,1581,TRUE
775,0.65,137,0.31818181818181834,0.6382914378745764,0,15,2292,4432,4378,FALSE
776,0.74,1167,0.7272727272727272,0.15395831396003634,0,44,1930,1046,1545,FALSE
777,0.58,31,0.0,0.9697191479846592,0,5,4136,3567,4997,TRUE
778,0.74,534,0.7272727272727272,0.3310157538955918,0,27,3675,1805,1203,FALSE
779,0.58,32,0.0,0.9627410732110764,0,6,261,4365,2760,TRUE
780,0.58,43,0.0,0.8975035429782109,0,14,1222,2493,4041,TRUE
781,0.67,161,0.4090909090909093,0.6019306094338313,0,19,2813,4936,2463,FALSE
782,0.58,31,0.0,0.9697191479846592,0,5,4383,436,3678,TRUE
783,0.72,252,0.6363636363636361,0.5008383026352626,0,9,1584,2918,245,FALSE
784,0.72,402,0.6363636363636361,0.39526640861657025,0,28,1675,2242,2067,FALSE
785,0.58,29,0.0,0.9843545185102327,0,3,4469,4724,4239,TRUE
786,0.76,615,0.8181818181818181,0.29904573551126135,0,10,2722,531,535,FALSE
787,0.58,36,0.0,0.9367962909022591,0,10,1136,2974,3352,TRUE
788,0.58,29,0.0,0.9843545185102327,0,3,196,1113,4533,TRUE
789,0.7,321,0.5454545454545452,0.44615009478647916,0,31,3605,3672,1734,FALSE
790,0.58,30,0.0,0.9769187855863338,0,4,4201,1583,3020,TRUE
791,0.58,78,0.0,0.7647848080177369,0,38,2001,4104,827,FALSE
792,0.6,169,0.09090909090909095,0.5909998411456592,0,22,2225,108,2606,FALSE
793,0.58,33,0.0,0.9559713305940964,0,7,3762,2626,1048,TRUE
794,0.71,512,0.5909090909090907,0.34053801121756855,0,45,3420,2121,4844,FALSE
795,0.58,28,0.0,0.9920423576707839,0,2,596,4679,1391,TRUE
796,0.73,495,0.6818181818181817,0.3481801261040435,0,37,4583,1989,949,FALSE
797,0.7,662,0.5454545454545452,0.2823718189866258,0,57,1797,958,4587,FALSE
798,0.71,400,0.5909090909090907,0.39639461759299643,0,33,2600,1737,2974,FALSE
799,0.58,34,0.0,0.949397840292708,0,8,1024,4297,793,TRUE
800,0.58,32,0.0,0.9627410732110764,0,6,151,2406,2092,TRUE
801,0.68,462,0.45454545454545475,0.36379295304173287,0,76,3570,4849,4294,FALSE
802,0.58,174,0.0,0.5844263508442709,0,58,4246,367,499,TRUE
803,0.61,495,0.13636363636363644,0.3481801261040435,0,78,2035,2849,3307,FALSE
804,0.73,289,0.6818181818181817,0.4698862033517742,0,11,2494,1382,126,FALSE
805,0.58,48,0.0,0.8730961871447682,0,17,4041,3861,3570,TRUE
806,0.74,560,0.7272727272727272,0.3202545963382235,0,28,3150,925,2283,FALSE
807,0.58,28,0.0,0.9920423576707839,0,2,317,3365,3832,TRUE
808,0.58,36,0.0,0.9367962909022591,0,10,702,246,2651,TRUE
809,0.7,203,0.5454545454545452,0.5496548662152443,0,18,2864,2804,1084,FALSE
810,0.58,30,0.0,0.9769187855863338,0,4,4942,1983,4789,TRUE
811,0.69,183,0.4999999999999997,0.5730539076417109,0,18,1494,4501,1366,FALSE
812,0.58,44,0.0,0.8924073838725258,0,15,1405,2169,3613,TRUE
813,0.69,219,0.4999999999999997,0.5325320535297736,0,30,4817,4611,161,FALSE
814,0.58,34,0.0,0.949397840292708,0,8,2989,136,3954,TRUE
815,0.69,257,0.4999999999999997,0.4964004009918208,0,37,790,2618,2396,FALSE
816,0.73,371,0.6818181818181817,0.4134176563369092,0,22,541,727,1119,FALSE
817,0.58,34,0.0,0.949397840292708,0,8,3337,3247,2695,TRUE
818,0.74,675,0.7272727272727272,0.2779683886568495,0,37,3853,1500,1478,FALSE
819,0.58,39,0.0,0.9191169882773672,0,12,2270,4060,4910,TRUE
820,0.58,36,0.0,0.9367962909022591,0,10,1948,484,1648,TRUE
821,0.7,557,0.5454545454545452,0.3214705216992021,0,53,4117,3041,4465,FALSE
822,0.58,28,0.0,0.9920423576707839,0,2,3699,2214,758,TRUE
823,0.64,469,0.2727272727272729,0.3603901308737443,0,77,238,4732,2931,FALSE
824,0.71,415,0.5909090909090907,0.3880667710148955,0,35,1250,1614,4173,FALSE
825,0.58,29,0.0,0.9843545185102327,0,3,2784,4093,1980,TRUE
826,0.72,658,0.6363636363636361,0.2837441047871666,0,48,4397,1162,3263,FALSE
827,0.58,30,0.0,0.9769187855863338,0,4,1571,3603,464,TRUE
828,0.58,33,0.0,0.9559713305940964,0,7,1656,1875,2238,TRUE
829,0.69,390,0.4999999999999997,0.4021214253805756,0,66,4487,4314,3795,FALSE
830,0.69,385,0.4999999999999997,0.40503999251974576,0,65,2699,1057,3,TRUE
831,0.69,260,0.4999999999999997,0.4937787586542246,0,39,1160,3536,3454,FALSE
832,0.61,250,0.13636363636363644,0.5026380703085969,0,38,167,427,4753,FALSE
833,0.58,30,0.0,0.9769187855863338,0,4,3632,2946,1319,TRUE
834,0.72,430,0.6363636363636361,0.3800339523095517,0,34,4188,2426,2537,FALSE
835,0.58,28,0.0,0.9920423576707839,0,2,2014,4984,959,TRUE
836,0.58,28,0.0,0.9920423576707839,0,2,2200,787,3090,TRUE
837,0.7,273,0.5454545454545452,0.48275601326622675,0,24,3788,3347,916,FALSE
838,0.58,30,0.0,0.9769187855863338,0,4,3408,1282,4624,TRUE
839,0.68,215,0.45454545454545475,0.5366930792009654,0,30,606,3803,1806,FALSE
840,0.73,246,0.6818181818181817,0.5062810327726437,0,4,877,1922,624,FALSE
841,0.58,33,0.0,0.9559713305940964,0,7,3080,4404,3421,TRUE
842,0.72,1214,0.6363636363636361,0.145011985347687,0,53,4731,226,2139,FALSE
843,0.58,28,0.0,0.9920423576707839,0,2,1314,2669,4330,TRUE
844,0.7,813,0.5454545454545452,0.2358420264135206,0,68,1424,39,638,FALSE
845,0.58,35,0.0,0.9430095435798177,0,9,4877,2557,2821,TRUE
846,0.72,257,0.6363636363636361,0.4964004009918208,0,11,2934,2034,1606,FALSE
847,0.58,30,0.0,0.9769187855863338,0,4,768,4591,4434,TRUE
848,0.58,31,0.0,0.9697191479846592,0,5,403,1482,3153,TRUE
849,0.69,170,0.4999999999999997,0.589669810725848,0,17,3241,3922,346,FALSE
850,0.58,31,0.0,0.9697191479846592,0,5,3955,668,4140,TRUE
851,0.67,176,0.4090909090909093,0.5818493965620983,0,22,2403,3148,1938,FALSE
852,0.63,249,0.22727272727272738,0.5035433391216382,0,37,2120,2311,3985,FALSE
853,0.58,31,0.0,0.9697191479846592,0,5,4335,4793,2438,TRUE
854,0.71,745,0.5909090909090907,0.25562421382149225,0,53,3485,618,3723,FALSE
855,0.58,33,0.0,0.9559713305940964,0,7,61,3061,281,TRUE
856,0.58,29,0.0,0.9843545185102327,0,3,953,1180,1520,TRUE
857,0.68,210,0.45454545454545475,0.5420040839281333,0,29,2534,3740,4943,FALSE
858,0.58,33,0.0,0.9559713305940964,0,7,4653,1671,1237,TRUE
859,0.69,297,0.4999999999999997,0.4637152229339172,0,47,1863,4192,2805,FALSE
860,0.58,30,0.0,0.9769187855863338,0,4,1834,2478,1055,TRUE
861,0.69,299,0.4999999999999997,0.46219836419122307,0,48,4623,4957,2602,FALSE
862,0.58,28,0.0,0.9920423576707839,0,2,2563,454,1396,TRUE
863,0.69,439,0.4999999999999997,0.37534738865920125,0,74,982,2895,4837,FALSE
864,0.62,172,0.1818181818181819,0.5870329259391444,0,24,32,1035,3521,FALSE
865,0.58,645,0.0,0.2882622679989817,0,85,3456,3593,97,TRUE
866,0.71,518,0.5909090909090907,0.3379011264308649,0,46,4365,1819,3881,FALSE
867,0.58,32,0.0,0.9627410732110764,0,6,2149,4337,2313,TRUE
868,0.58,28,0.0,0.9920423576707839,0,2,2374,185,4246,TRUE
869,0.71,388,0.5909090909090907,0.40328434862923823,0,32,3925,2706,2062,FALSE
870,0.58,30,0.0,0.9769187855863338,0,4,3270,1886,3356,TRUE
871,0.67,169,0.4090909090909093,0.5909998411456592,0,21,432,4445,528,FALSE
872,0.73,294,0.6818181818181817,0.46600970662194063,0,12,738,1314,1731,FALSE
873,0.58,29,0.0,0.9843545185102327,0,3,2905,3757,4538,TRUE
874,0.75,849,0.7727272727272726,0.22602835169722213,0,24,4906,834,822,FALSE
875,0.58,29,0.0,0.9843545185102327,0,3,1453,3316,3023,TRUE
876,0.73,750,0.6818181818181817,0.2541093816252662,0,46,1285,642,2028,FALSE
877,0.58,32,0.0,0.9627410732110764,0,6,4702,3199,4202,TRUE
878,0.74,651,0.7272727272727272,0.28616577044862346,0,35,3110,1431,416,FALSE
879,0.58,30,0.0,0.9769187855863338,0,4,906,3949,3234,TRUE
880,0.58,28,0.0,0.9920423576707839,0,2,577,2090,4494,TRUE
881,0.69,213,0.4999999999999997,0.5388025784734564,0,27,3378,4570,1697,FALSE
882,0.58,68,0.0,0.795476102745149,0,31,3817,61,2901,TRUE
883,0.67,97,0.4090909090909093,0.7159115222741955,0,11,2229,2501,710,FALSE
884,0.72,623,0.6363636363636361,0.2961196363771884,0,47,1985,1708,2724,FALSE
885,0.58,29,0.0,0.9843545185102327,0,3,4159,4151,1167,TRUE
886,0.7,723,0.5454545454545452,0.26241238025426117,0,62,3662,1222,4881,FALSE
887,0.58,33,0.0,0.9559713305940964,0,7,196,3703,1430,TRUE
888,0.58,237,0.0,0.5146981879977195,0,65,1131,572,209,TRUE
889,0.68,275,0.45454545454545475,0.48110677300400406,0,43,2670,3093,3643,FALSE
890,0.58,31,0.0,0.9697191479846592,0,5,4516,2279,2347,TRUE
891,0.69,264,0.4999999999999997,0.4903297258332707,0,41,1686,4839,3925,FALSE
892,0.69,760,0.4999999999999997,0.25110974084439996,0,84,1620,316,3392,FALSE
893,0.58,35,0.0,0.9430095435798177,0,9,4446,2875,575,TRUE
894,0.69,370,0.4999999999999997,0.41402807268533093,0,63,2735,2379,4360,FALSE
895,0.58,30,0.0,0.9769187855863338,0,4,1201,4900,2188,TRUE
896,0.58,29,0.0,0.9843545185102327,0,3,287,1759,867,TRUE
897,0.69,468,0.4999999999999997,0.36087313326403725,0,76,3748,4241,3061,FALSE
898,0.58,54,0.0,0.8469013832709189,0,20,1273,3563,4731,TRUE
899,0.75,865,0.7727272727272726,0.2217994265984603,0,25,4777,1058,269,FALSE
900,0.58,30,0.0,0.9769187855863338,0,4,3093,4966,2915,TRUE
901,0.7,319,0.5454545454545452,0.44756299366564944,0,30,859,2467,2085,FALSE
902,0.68,184,0.45454545454545475,0.5718248014538221,0,22,466,3971,1159,FALSE
903,0.58,30,0.0,0.9769187855863338,0,4,3172,1470,3845,TRUE
904,0.71,479,0.5909090909090907,0.35561585902794246,0,42,3920,2560,1804,FALSE
905,0.58,96,0.0,0.7182373840633502,0,43,2444,67,3201,TRUE
906,0.58,31,0.0,0.9697191479846592,0,5,1946,4480,1432,TRUE
907,0.72,841,0.6363636363636361,0.22817276045716606,0,50,4184,1976,3570,FALSE
908,0.58,32,0.0,0.9627410732110764,0,6,3690,3380,904,TRUE
909,0.66,229,0.3636363636363638,0.522451747934419,0,34,182,888,4098,FALSE
910,0.7,307,0.5454545454545452,0.45623040038183404,0,28,1044,2979,2504,FALSE
911,0.58,31,0.0,0.9697191479846592,0,5,2517,470,2494,TRUE
912,0.69,453,0.4999999999999997,0.36824440639884004,0,75,4572,4066,4516,FALSE
913,0.58,43,0.0,0.8975035429782109,0,14,1869,1569,482,TRUE
914,0.69,432,0.4999999999999997,0.3789840914690329,0,73,1595,4267,3601,FALSE
915,0.58,30,0.0,0.9769187855863338,0,4,4456,1760,1404,TRUE
916,0.69,393,0.4999999999999997,0.4003881465995609,0,68,2790,2856,4362,FALSE
917,0.58,149,0.0,0.6193830290617957,0,54,1160,357,643,TRUE
918,0.58,33,0.0,0.9559713305940964,0,7,145,3268,2211,TRUE
919,0.73,819,0.6818181818181817,0.23417663677538203,0,48,3495,766,2789,FALSE
920,0.58,32,0.0,0.9627410732110764,0,6,4222,4671,434,TRUE
921,0.64,280,0.2727272727272729,0.47703539727923094,0,46,2141,2176,4565,FALSE
922,0.67,76,0.4090909090909093,0.770599730122979,0,5,2248,2683,62,FALSE
923,0.58,46,0.0,0.882546285192754,0,16,3880,180,4935,TRUE
924,0.7,355,0.5454545454545452,0.42338715345876043,0,35,3368,3770,1957,FALSE
925,0.58,32,0.0,0.9627410732110764,0,6,506,1279,3040,TRUE
926,0.58,40,0.0,0.9135174559649641,0,13,740,4775,3952,TRUE
927,0.72,234,0.6363636363636361,0.5175747957443169,0,6,2819,2267,1051,FALSE
928,0.58,29,0.0,0.9843545185102327,0,3,4895,3675,3385,TRUE
929,0.74,688,0.7272727272727272,0.2736488383119441,0,38,1547,1179,1617,FALSE
930,0.69,188,0.4999999999999997,0.5669739312163062,0,20,1449,4897,826,FALSE
931,0.58,29,0.0,0.9843545185102327,0,3,4993,2399,4176,TRUE
932,0.69,289,0.4999999999999997,0.4698862033517742,0,43,2917,3496,1510,FALSE
933,0.58,31,0.0,0.9697191479846592,0,5,643,987,3493,TRUE
934,0.58,36,0.0,0.9367962909022591,0,10,564,2648,4437,TRUE
935,0.79,1479,0.9545454545454545,0.10027080684210432,0,3,3309,156,560,FALSE
936,0.58,40,0.0,0.9135174559649641,0,13,3821,4060,2581,TRUE
937,0.69,217,0.4999999999999997,0.5346030225946257,0,29,2307,1556,2416,FALSE
938,0.59,217,0.04545454545454548,0.5346030225946257,0,32,2043,3312,2837,FALSE
939,0.58,32,0.0,0.9627410732110764,0,6,4320,819,2162,TRUE
940,0.69,350,0.4999999999999997,0.42659469684291973,0,58,3593,4410,4810,FALSE
941,0.58,330,0.0,0.4398987775622073,0,69,47,1909,190,TRUE
942,0.58,29,0.0,0.9843545185102327,0,3,1219,4155,1726,TRUE
943,0.72,381,0.6363636363636361,0.40740219655153465,0,25,2732,1657,3279,FALSE
944,0.58,29,0.0,0.9843545185102327,0,3,4397,3065,1238,TRUE
945,0.7,726,0.5454545454545452,0.2614746689118538,0,64,1654,559,3766,FALSE
946,0.58,31,0.0,0.9697191479846592,0,5,1771,2943,1878,TRUE
947,0.71,900,0.5909090909090907,0.2128147384088548,0,54,4670,447,3119,FALSE
948,0.58,29,0.0,0.9843545185102327,0,3,2615,4355,140,TRUE
949,0.7,395,0.5454545454545452,0.39923994396165163,0,42,946,1847,4858,FALSE
950,0.65,205,0.31818181818181834,0.5474424629447483,0,27,241,4601,3306,FALSE
951,0.58,31,0.0,0.9697191479846592,0,5,3631,2109,1696,TRUE
952,0.7,500,0.5454545454545452,0.3459055881133003,0,49,4125,3200,4029,FALSE
953,0.58,30,0.0,0.9769187855863338,0,4,2004,697,973,TRUE
954,0.58,29,0.0,0.9843545185102327,0,3,2346,3860,4285,TRUE
955,0.75,735,0.7727272727272726,0.25868457790056565,0,19,4018,1365,720,FALSE
956,0.58,30,0.0,0.9769187855863338,0,4,3270,2770,3680,TRUE
957,0.7,373,0.5454545454545452,0.41220173097593027,0,40,368,268,1325,FALSE
958,0.69,145,0.4999999999999997,0.6255123085717542,0,15,917,3608,357,FALSE
959,0.58,34,0.0,0.949397840292708,0,8,3035,1109,4643,TRUE
960,0.69,295,0.4999999999999997,0.4652422962905415,0,46,4719,4706,2290,FALSE
961,0.58,32,0.0,0.9627410732110764,0,6,1332,2199,2710,TRUE
962,0.69,261,0.4999999999999997,0.4929115700773087,0,40,1393,3990,2437,FALSE
963,0.58,32,0.0,0.9627410732110764,0,6,4746,1490,2565,TRUE
964,0.71,234,0.5909090909090907,0.5175747957443169,0,16,2973,2587,543,FALSE
965,0.58,56,0.0,0.8388016102341277,0,21,890,80,4459,TRUE
966,0.58,33,0.0,0.9559713305940964,0,7,347,3460,3548,TRUE
967,0.74,601,0.7272727272727272,0.30425905790372354,0,30,3205,965,1449,FALSE
968,0.58,34,0.0,0.949397840292708,0,8,4039,4870,4115,TRUE
969,0.69,132,0.4999999999999997,0.6466602671460304,0,8,2412,2368,883,FALSE
970,0.7,452,0.5454545454545452,0.3687444496808655,0,45,1992,3106,3902,FALSE
971,0.58,29,0.0,0.9843545185102327,0,3,4068,616,1098,TRUE
972,0.69,345,0.4999999999999997,0.42984826106857177,0,57,3644,4206,3140,FALSE
973,0.58,31,0.0,0.9697191479846592,0,5,298,1703,1860,TRUE
974,0.58,34,0.0,0.949397840292708,0,8,997,4418,291,TRUE
975,0.69,308,0.4999999999999997,0.4554953283070413,0,49,2631,1921,4714,FALSE
976,0.58,29,0.0,0.9843545185102327,0,3,4619,3329,2068,TRUE
977,0.73,831,0.6818181818181817,0.2308821061443228,0,49,1754,822,2936,FALSE
978,0.58,31,0.0,0.9697191479846592,0,5,1715,3129,1068,TRUE
979,0.69,892,0.4999999999999997,0.21483722259763938,0,85,4424,632,3929,FALSE
980,0.58,30,0.0,0.9769187855863338,0,4,2671,4539,1595,TRUE
981,0.71,378,0.5909090909090907,0.40919013908438406,0,31,1193,2034,3402,FALSE
982,0.6,164,0.09090909090909095,0.5977695837626393,0,21,24,4319,4996,FALSE
983,0.58,1028,0.0,0.1826912450401117,0,87,3526,1825,7,TRUE
984,0.71,441,0.5909090909090907,0.3743189536243329,0,39,4342,2916,2984,FALSE
985,0.58,31,0.0,0.9697191479846592,0,5,2110,415,2018,TRUE
986,0.58,28,0.0,0.9920423576707839,0,2,2295,4748,2771,TRUE
987,0.72,469,0.6363636363636361,0.3603901308737443,0,37,3766,2255,2233,FALSE
988,0.58,32,0.0,0.9627410732110764,0,6,3321,3660,4588,TRUE
989,0.74,310,0.7272727272727272,0.45403229396451006,0,5,620,1156,417,FALSE
990,0.7,205,0.5454545454545452,0.5474424629447483,0,19,695,2777,1343,FALSE
991,0.58,30,0.0,0.9769187855863338,0,4,2935,281,3657,TRUE
992,0.7,361,0.5454545454545452,0.41959704512483353,0,38,4941,3877,698,FALSE
993,0.58,178,0.0,0.5793013974351362,0,60,1431,1368,4301,TRUE
994,0.58,30,0.0,0.9769187855863338,0,4,1490,2519,3217,TRUE
995,0.58,79,0.0,0.7619323234067947,0,39,4883,11,1783,FALSE
996,0.58,30,0.0,0.9769187855863338,0,4,2876,3919,3823,TRUE
997,0.73,273,0.6818181818181817,0.48275601326622675,0,8,753,1423,1177,FALSE
998,0.67,179,0.4090909090909093,0.5780380541313805,0,23,522,4958,2146,FALSE
999,0.58,29,0.0,0.9843545185102327,0,3,3419,2455,2859,TRUE
1000,0.7,326,0.5454545454545452,0.4426558879569187,0,32,3863,3546,212,FALSE
1001,0.58,30,0.0,0.9769187855863338,0,4,2198,1055,4793,TRUE
1002,0.58,30,0.0,0.9769187855863338,0,4,2168,4137,622,TRUE
1003,0.7,724,0.5454545454545452,0.26209937877390965,0,63,4283,1635,4381,FALSE
1004,0.58,30,0.0,0.9769187855863338,0,4,3467,3040,2360,TRUE
1005,0.66,149,0.3636363636363638,0.6193830290617957,0,18,83,545,2643,FALSE
1006,0.68,385,0.45454545454545475,0.40503999251974576,0,66,1095,3417,4193,FALSE
1007,0.58,30,0.0,0.9769187855863338,0,4,2769,910,804,TRUE
1008,0.68,394,0.45454545454545475,0.3998133185692997,0,70,4521,4507,3471,FALSE
1009,0.58,30,0.0,0.9769187855863338,0,4,1617,2007,1526,TRUE
1010,0.69,333,0.4999999999999997,0.4378527227510072,0,55,1813,4629,4665,FALSE
1011,0.58,30,0.0,0.9769187855863338,0,4,4561,2120,339,TRUE
1012,0.69,293,0.4999999999999997,0.46677972276591606,0,45,2573,3217,2692,FALSE
1013,0.58,29,0.0,0.9843545185102327,0,3,1056,720,2312,TRUE
1014,0.58,31,0.0,0.9697191479846592,0,5,200,2849,776,TRUE
1015,0.66,656,0.3636363636363638,0.28443337442576766,0,84,3742,345,4224,FALSE
1016,0.58,36,0.0,0.9367962909022591,0,10,4166,4250,1264,TRUE
1017,0.72,590,0.6363636363636361,0.3084410119618538,0,44,1894,1757,3735,FALSE
1018,0.68,229,0.45454545454545475,0.522451747934419,0,33,2470,3746,1674,FALSE
1019,0.58,30,0.0,0.9769187855863338,0,4,3981,1245,3324,TRUE
1020,0.68,203,0.45454545454545475,0.5496548662152443,0,26,3146,4836,990,FALSE
1021,0.58,30,0.0,0.9769187855863338,0,4,405,2342,4007,TRUE
1022,0.58,30,0.0,0.9769187855863338,0,4,792,3807,3063,TRUE
1023,0.74,510,0.7272727272727272,0.34142383084594985,0,24,3071,1301,1939,FALSE
1024,0.58,29,0.0,0.9843545185102327,0,3,4844,2709,4918,TRUE
1025,0.8,1326,1.0,0.12501620081997167,0,2,1295,211,84,FALSE
1026,0.58,30,0.0,0.9769187855863338,0,4,1316,4381,2997,TRUE
1027,0.73,690,0.6818181818181817,0.2729915348473597,0,45,4823,1880,2010,FALSE
1028,0.58,33,0.0,0.9559713305940964,0,7,3050,3283,4970,TRUE
1029,0.77,476,0.8636363636363635,0.3570376162651485,1,1,813,790,37,FALSE
1030,0.68,223,0.45454545454545475,0.5284460053882822,0,32,423,3074,1564,FALSE
1031,0.58,30,0.0,0.9769187855863338,0,4,3128,569,3429,TRUE
1032,0.69,405,0.4999999999999997,0.3935845502038344,0,71,3962,4165,1076,FALSE
1033,0.58,36,0.0,0.9367962909022591,0,10,2488,1666,3917,TRUE
1034,0.58,33,0.0,0.9559713305940964,0,7,1912,3506,666,TRUE
1035,0.7,667,0.5454545454545452,0.2806680578804348,0,58,4148,997,4329,FALSE
1036,0.58,34,0.0,0.949397840292708,0,8,3723,4906,1349,TRUE
1037,0.65,281,0.31818181818181834,0.47622982081390175,0,44,218,2409,3645,FALSE
1038,0.69,380,0.4999999999999997,0.407996612452857,0,64,1076,4031,4599,FALSE
1039,0.58,32,0.0,0.9627410732110764,0,6,2552,1526,411,TRUE
1040,0.71,492,0.5909090909090907,0.3495558807979309,0,43,4540,2619,2744,FALSE
1041,0.58,75,0.0,0.7735640800012622,0,37,1834,127,2266,TRUE
1042,0.69,567,0.4999999999999997,0.3174425377076917,0,80,1637,2740,4123,FALSE
1043,0.58,121,0.0,0.6662368466267352,0,46,4500,239,870,TRUE
1044,0.68,317,0.45454545454545475,0.4489847509028556,0,51,2748,3831,3517,FALSE
1045,0.58,28,0.0,0.9920423576707839,0,2,1116,1336,1476,TRUE
1046,0.58,31,0.0,0.9697191479846592,0,5,101,4716,516,TRUE
1047,0.69,505,0.4999999999999997,0.34365363776469005,0,79,3449,2209,4491,FALSE
1048,0.58,30,0.0,0.9769187855863338,0,4,4265,3618,2450,TRUE
1049,0.68,164,0.45454545454545475,0.5977695837626393,0,19,2187,1119,2557,FALSE
1050,0.64,170,0.2727272727272729,0.589669810725848,0,22,2216,4365,2040,FALSE
1051,0.58,30,0.0,0.9769187855863338,0,4,3845,1857,2969,TRUE
1052,0.71,245,0.5909090909090907,0.5072009915861121,0,20,3400,2952,302,FALSE
1053,0.58,30,0.0,0.9769187855863338,0,4,541,457,4707,TRUE
1054,0.58,33,0.0,0.9559713305940964,0,7,774,3171,3147,TRUE
1055,0.73,538,0.6818181818181817,0.32932658752660204,0,39,2855,668,1848,FALSE
1056,0.58,32,0.0,0.9627410732110764,0,6,4862,4571,3869,TRUE
1057,0.73,376,0.6818181818181817,0.4103899807010203,0,23,1511,2080,1126,FALSE
1058,0.69,331,0.4999999999999997,0.43921470604342494,0,54,1413,3370,1272,FALSE
1059,0.58,31,0.0,0.9697191479846592,0,5,4959,879,3723,TRUE
1060,0.68,153,0.45454545454545475,0.6134150652524064,0,16,2953,4471,745,FALSE
1061,0.58,28,0.0,0.9920423576707839,0,2,676,1966,4250,TRUE
1062,0.58,32,0.0,0.9627410732110764,0,6,1736,3761,225,TRUE
1063,0.69,243,0.4999999999999997,0.5090521817561626,0,34,3722,4477,904,FALSE
1064,0.64,176,0.2727272727272729,0.5818493965620983,0,24,141,2655,2211,FALSE
1065,0.69,299,0.4999999999999997,0.46219836419122307,0,48,2816,3067,4103,FALSE
1066,0.69,241,0.4999999999999997,0.5109186082306173,0,32,5000,5000,3436,FALSE
1067,0.68,177,0.45454545454545475,0.5805718183293331,0,21,5000,5000,1,TRUE
1068,0.68,116,0.45454545454545475,0.6757264963511992,0,9,3120,5000,1,FALSE
1069,0.67,140,0.4090909090909093,0.6334144856844743,0,15,2440,5000,3533,FALSE
1070,0.69,189,0.4999999999999997,0.5657772554233976,0,21,5000,5000,1,FALSE
1071,0.67,456,0.4090909090909093,0.3667508584982153,0,76,2932,88,971,FALSE
1072,0.69,101,0.4999999999999997,0.7068395310858169,0,3,639,3791,1,FALSE
1073,0.69,189,0.4999999999999997,0.5657772554233976,0,21,4212,5000,1,FALSE
