index,ACCURACY,RUNTIME,transformed_accuracy,transformed_runtime,is_pareto,pareto_layer,recent_samples_size,n_samples,n_permutations,update_interval,n_consecutive_deviations
0,0.44,3585,0.803921568627451,0.2754014129888729,0,4,2578,1032,556,205,5
1,0.23,5510,0.39215686274509803,0.19014679544616986,0,46,306,2805,295,17,8
2,0.37,4103,0.6666666666666666,0.24863221805677838,0,21,2234,2305,834,135,9
3,0.38,5568,0.6862745098039215,0.18806965463086311,0,34,2185,3398,12,190,3
4,0.43,4319,0.7843137254901961,0.23845557980195298,0,22,355,1712,614,88,4
5,0.24,3134,0.4117647058823529,0.3020681275641164,0,25,797,791,737,21,9
6,0.48,5556,0.8823529411764705,0.1884976273621951,0,5,3029,614,107,245,2
7,0.4,5950,0.7254901960784313,0.17490698812598915,0,40,456,3208,869,60,10
8,0.29,3439,0.5098039215686274,0.2836481277248647,0,22,2084,1843,253,160,6
9,0.41,4715,0.7450980392156863,0.22105470946379469,0,27,2328,2625,594,229,4
10,0.03,1913,0.0,0.3999658775550228,0,21,1,651,2,146,2
11,0.48,7975,0.8823529411764705,0.11679976276721682,0,14,1029,2377,106,188,3
12,0.42,4743,0.7647058823529412,0.21988023953173874,0,26,637,2181,336,217,10
13,0.04,2071,0.019607843137254905,0.3842289065030001,0,21,1,763,677,132,1
14,0.39,2632,0.7058823529411764,0.3366901433154049,0,10,417,714,79,211,7
15,0.39,4232,0.7058823529411764,0.24249193613562325,0,22,2289,136,354,9,2
16,0.44,5119,0.803921568627451,0.20474744976362003,0,14,2588,1404,6,94,6
17,0.43,3074,0.7843137254901961,0.3059020816206838,0,6,2484,466,269,47,3
18,0.43,9993,0.7843137254901961,0.07205084940572681,0,53,1735,1821,424,105,10
19,0.36,7344,0.6470588235294117,0.13315141798444852,0,56,4898,2481,705,37,10
20,0.45,4698,0.823529411764706,0.2217711873796433,0,9,212,2427,40,113,1
21,0.44,7164,0.803921568627451,0.1380740923885575,0,31,2628,3896,801,176,8
22,0.45,6230,0.823529411764706,0.16578499643684463,0,20,1421,198,958,194,4
23,0.45,5952,0.823529411764706,0.1748403211400008,0,16,1103,1330,753,241,8
24,0.36,6830,0.6470588235294117,0.14754515559320236,0,50,2728,2248,404,25,4
25,0.35,6645,0.6274509803921567,0.15299243334748802,0,51,157,3913,634,213,6
26,0.37,3054,0.6666666666666666,0.30719670904268115,0,15,2384,980,238,65,9
27,0.42,2341,0.7647058823529412,0.3599265876779404,0,3,517,318,462,142,5
28,0.23,6895,0.39215686274509803,0.1456662078209352,0,59,4186,1827,509,12,7
29,0.43,4317,0.7843137254901961,0.23854745336156402,0,21,2894,853,490,185,10
30,0.42,6183,0.7647058823529412,0.16728719363768785,0,34,2345,3489,944,169,7
31,0.38,5212,0.6862745098039215,0.20117602105065024,0,32,942,76,164,64,6
32,0.34,4811,0.607843137254902,0.21705657016835378,0,34,1097,1,111,161,1
33,0.45,6434,0.823529411764706,0.1593935083977932,0,25,1036,51,59,166,3
34,0.12,356,0.1764705882352941,0.7331236845627198,0,2,3449,1,1000,130,6
35,0.11,353,0.1568627450980392,0.7347979641057744,0,3,1401,1,858,108,6
36,0.45,6125,0.823529411764706,0.16915678586538274,0,17,1109,171,202,150,3
37,0.13,502,0.19607843137254902,0.665101048745045,0,5,1217,1,177,177,3
38,0.43,4115,0.7843137254901961,0.24805294480312268,0,19,2805,325,880,105,5
39,0.52,6727,0.9607843137254901,0.15055949157380122,0,2,2659,923,257,157,1
40,0.25,3537,0.43137254901960786,0.27807502041172527,0,26,49,1716,720,155,6
41,0.47,3900,0.8627450980392156,0.25869693495512536,0,3,2505,729,681,111,2
42,0.03,5590,0.0,0.18728742765601425,0,48,1,2208,616,185,2
43,0.45,6417,0.823529411764706,0.15991833810139378,0,24,3053,437,712,124,5
44,0.1,376,0.13725490196078433,0.722308966779508,0,6,920,1,697,98,5
45,0.5,4999,0.9215686274509803,0.20945283113807,1,1,548,1859,453,188,1
46,0.09,309,0.11764705882352941,0.761130653732262,0,3,2425,1,1000,111,5
47,0.45,6163,0.823529411764706,0.1679298924453676,0,18,3151,301,156,177,4
48,0.39,6654,0.7058823529411764,0.1527239409321175,0,45,1009,228,801,44,4
49,0.04,4165,0.019607843137254905,0.24565734761761726,0,32,4,2081,855,163,4
50,0.37,5036,0.6666666666666666,0.20799006968653933,0,32,1383,398,898,8,3
51,0.03,3698,0.0,0.2692459962503513,0,31,1,1931,468,192,3
52,0.42,3050,0.7647058823529412,0.3074566513640904,0,7,811,391,14,197,7
53,0.4,2279,0.7254901960784313,0.36524964985057284,0,6,777,375,398,250,10
54,0.46,4229,0.8431372549019609,0.24263259615458455,0,5,1031,714,1000,250,4
55,0.47,5094,0.8627450980392156,0.20571857724553433,0,6,2851,1151,91,158,4
56,0.44,5804,0.803921568627451,0.17983519973533146,0,17,933,1944,428,250,10
57,0.41,2327,0.7450980392156863,0.36111614724928,0,5,758,641,655,250,10
58,0.39,1984,0.7058823529411764,0.3927393965816953,0,4,728,427,66,250,10
59,0.42,3262,0.7647058823529412,0.2941285494541912,0,10,1084,392,1000,250,10
60,0.49,4017,0.9019607843137254,0.2528339218913602,0,2,2264,1190,125,80,1
61,0.52,6135,0.9607843137254901,0.16883318287660587,1,1,855,373,139,190,1
62,0.5,6335,0.9215686274509803,0.16246955371123573,0,8,889,1104,918,250,1
63,0.5,5060,0.9215686274509803,0.2070469855652901,0,2,896,491,358,250,1
64,0.05,320,0.03921568627450981,0.7542126456523377,0,17,1,1,1000,250,8
65,0.5,5722,0.9215686274509803,0.18265774521803102,0,4,823,642,935,250,1
66,0.32,7109,0.5686274509803922,0.13960293388207434,0,56,2110,4781,688,250,6
67,0.42,3729,0.7647058823529412,0.2675901973271878,0,15,661,1582,713,250,10
68,0.39,2240,0.7058823529411764,0.3686727106466261,0,6,705,482,272,250,10
69,0.44,4919,0.803921568627451,0.21265291581062307,0,13,847,1763,655,250,9
70,0.42,3860,0.7647058823529412,0.26074179663766495,0,17,661,1615,194,250,10
71,0.32,2697,0.5686274509803922,0.3318517637354026,0,16,784,1,2,218,1
72,0.39,2340,0.7058823529411764,0.3600113200936783,0,8,484,807,424,250,8
73,0.13,510,0.19607843137254902,0.6619703968306703,0,6,1738,1,1000,250,9
74,0.38,2278,0.6862745098039215,0.3653366868988801,0,7,408,727,172,250,10
75,0.43,3390,0.7843137254901961,0.28649450840685897,0,8,672,962,195,250,7
76,0.42,3053,0.7647058823529412,0.3072616627012854,0,8,553,905,705,250,7
77,0.44,6502,0.803921568627451,0.15730796368882594,0,27,1263,894,201,250,8
78,0.45,7171,0.823529411764706,0.1378803549610066,0,30,1047,2526,1000,250,10
79,0.47,3879,0.8627450980392156,0.25976785900940824,0,2,831,96,2,250,1
80,0.5,6184,0.9215686274509803,0.16725511328375986,0,6,696,1553,544,220,1
81,0.43,5300,0.7843137254901961,0.19785479389188898,0,27,2322,3088,1000,250,1
82,0.36,1583,0.6470588235294117,0.4375116697669681,0,3,2362,434,1000,250,10
83,0.42,5147,0.7647058823529412,0.20366540061559835,0,29,3789,484,1000,250,10
84,0.13,2580,0.19607843137254902,0.34064763905368667,0,24,2036,502,967,250,10
85,0.35,1164,0.6274509803921567,0.4984668309013396,0,3,2383,212,1000,250,10
86,0.4,2122,0.7254901960784313,0.3794046171495402,0,3,2745,564,1000,250,10
87,0.43,6550,0.7843137254901961,0.15584890310277777,0,33,4304,350,1000,250,7
88,0.44,1829,0.803921568627451,0.4088699784337315,1,1,2293,441,2,165,1
89,0.4,2339,0.7254901960784313,0.36009608871211574,0,7,742,229,848,180,10
90,0.4,2995,0.7254901960784313,0.31106583048917136,0,11,851,300,832,193,9
91,0.36,1771,0.6470588235294117,0.41525990053068895,0,5,535,122,855,180,10
92,0.41,2855,0.7450980392156863,0.32056051047912093,0,9,3014,360,1000,160,10
93,0.41,3550,0.7450980392156863,0.2773473535416773,0,13,1364,187,1000,158,10
94,0.3,4410,0.5294117647058824,0.23431970988769724,0,27,5000,217,1000,45,10
95,0.41,2480,0.7450980392156863,0.34848749539100476,0,8,866,304,856,200,7
96,0.3,876,0.5294117647058824,0.5548066239554399,1,1,372,56,795,187,10
97,0.36,1287,0.6470588235294117,0.47855341883955727,0,2,579,176,739,189,10
98,0.39,6792,0.7058823529411764,0.14865191654319976,0,47,4819,703,1000,58,10
99,0.49,5630,0.9019607843137254,0.185873050263904,0,5,812,1859,1000,250,1
100,0.45,6391,0.823529411764706,0.16072371386138729,0,23,3020,1629,1000,250,10
101,0.5,6629,0.9215686274509803,0.1534706521953132,0,9,805,2592,2,250,1
102,0.13,414,0.19607843137254902,0.7032558624740868,0,3,2980,1,880,250,7
103,0.19,6852,0.3137254901960784,0.14690720987174233,0,59,2037,2971,2,250,1
104,0.37,2524,0.6666666666666666,0.3449997340874298,0,11,552,399,1000,250,10
105,0.14,574,0.21568627450980393,0.63855899551718,0,2,4037,1,984,250,8
106,0.42,4177,0.7647058823529412,0.24508668294296987,0,20,1399,382,1000,250,10
107,0.38,2627,0.6862745098039215,0.33706725984870534,0,11,491,507,983,250,10
108,0.1,363,0.13725490196078433,0.7292711179118861,0,5,405,1,1000,250,9
109,0.09,372,0.11764705882352941,0.724425263628592,0,6,2159,1,882,250,10
110,0.41,2222,0.7450980392156863,0.37027272696694113,0,4,2843,496,163,250,10
111,0.43,4257,0.7843137254901961,0.24132363133205836,0,20,1366,553,514,191,10
112,0.44,6352,0.803921568627451,0.16193794079589818,0,25,984,1029,585,250,8
113,0.36,6560,0.6470588235294117,0.15554627804649135,0,46,2108,4361,22,196,1
114,0.14,458,0.21568627450980393,0.6832626636364871,1,1,5000,1,1000,250,10
115,0.4,4460,0.7254901960784313,0.23208342664875592,0,25,1490,88,1000,250,10
116,0.39,4023,0.7058823529411764,0.2525378746614464,0,20,1458,43,1000,250,10
117,0.42,4323,0.7647058823529412,0.23827196021602415,0,23,1050,583,420,250,10
118,0.23,3790,0.39215686274509803,0.26437181593096937,0,28,3651,982,59,18,10
119,0.12,408,0.1764705882352941,0.7061452477413639,0,6,1376,1,824,250,8
120,0.41,4016,0.7450980392156863,0.2528833060729303,0,19,1501,201,757,250,10
121,0.03,5916,0.0,0.17604376781952624,0,53,1,3395,368,250,1
122,0.5,5244,0.9215686274509803,0.19996185961172208,0,3,819,730,2,250,1
123,0.36,5406,0.6470588235294117,0.19392666772049116,0,40,1500,56,1000,142,9
124,0.11,487,0.1568627450980392,0.671107590685203,0,8,532,1,164,250,10
125,0.28,2083,0.49019607843137253,0.3830831808063938,0,14,1512,17,1000,250,10
126,0.32,4574,0.5686274509803922,0.22707702818805975,0,30,2890,557,982,31,6
127,0.23,6007,0.39215686274509803,0.17301570295195656,0,52,19,4027,849,79,1
128,0.25,1327,0.43137254901960786,0.47248563863615956,0,6,383,137,64,45,10
129,0.46,4620,0.8431372549019609,0.22509213916043735,0,8,1034,671,784,219,4
130,0.43,6992,0.7843137254901961,0.14289492048560049,0,36,2184,4224,269,60,2
131,0.44,4369,0.803921568627451,0.23617245968840694,0,9,2781,1611,591,182,10
132,0.44,6211,0.803921568627451,0.16639089870318335,0,23,574,2517,706,243,5
133,0.39,2879,0.7058823529411764,0.3189002418077528,0,13,278,1408,492,137,6
134,0.33,1465,0.5882352941176472,0.452871016072358,0,7,2436,324,554,65,8
135,0.49,3456,0.9019607843137254,0.2826700726418273,1,1,664,484,288,236,1
136,0.46,7066,0.8431372549019609,0.14080647016536785,0,20,3034,2051,92,148,7
137,0.38,5696,0.6862745098039215,0.18356114864571038,0,38,163,3640,210,213,2
138,0.43,4630,0.7843137254901961,0.2246632567010901,0,23,531,2237,987,161,8
139,0.4,4890,0.7254901960784313,0.2138258124086143,0,29,3157,54,634,190,5
140,0.27,1693,0.4705882352941177,0.42419116840674453,0,12,2065,823,50,110,6
141,0.16,6715,0.2549019607843137,0.15091367366447284,0,59,2022,3365,660,178,1
142,0.34,3708,0.607843137254902,0.26871035621540507,0,21,2635,744,480,49,9
143,0.37,5125,0.6666666666666666,0.204515084776956,0,33,2267,1972,384,196,10
144,0.44,5885,0.803921568627451,0.17708595091601342,0,18,867,993,190,131,9
145,0.47,6098,0.8627450980392156,0.17003315957789267,0,13,2948,1307,431,222,5
146,0.31,5984,0.5490196078431373,0.17377668475940566,0,50,116,2818,300,170,10
147,0.47,5740,0.8627450980392156,0.18203471311639896,0,12,440,1730,522,204,1
148,0.15,684,0.23529411764705882,0.6038291480778115,0,2,1956,1,460,28,3
149,0.28,6929,0.49019607843137253,0.14469041643592928,0,58,2088,2621,821,189,9
150,0.43,6854,0.7843137254901961,0.14684931639352727,0,35,1318,718,680,228,10
151,0.37,1527,0.6666666666666666,0.4446528346698909,1,1,219,438,910,118,4
152,0.25,5872,0.43137254901960786,0.17752462995001794,0,49,3469,2000,714,19,8
153,0.43,4047,0.7843137254901961,0.2513580835827357,0,17,2378,1543,98,185,3
154,0.44,6200,0.803921568627451,0.1667425318303981,0,22,2496,3685,314,235,6
155,0.47,5137,0.8627450980392156,0.20405116964329006,0,7,591,878,412,88,3
156,0.34,4731,0.607843137254902,0.22038273270478403,0,33,2122,2275,599,144,5
157,0.41,5344,0.7450980392156863,0.19621479925775565,0,30,4182,84,780,240,8
158,0.42,4458,0.7647058823529412,0.23217239568541914,0,24,1120,164,695,168,6
159,0.47,5478,0.8627450980392156,0.1913021818505839,0,11,2579,2352,937,202,2
160,0.4,5574,0.7254901960784313,0.18785601396222829,0,33,332,3337,804,130,7
161,0.27,2679,0.4705882352941177,0.3331798523955283,0,18,4715,645,126,8,5
162,0.27,3334,0.4705882352941177,0.28979831746150764,0,23,71,1917,19,249,3
163,0.42,6165,0.7647058823529412,0.16786552879567607,0,33,3617,355,357,150,9
164,0.48,3913,0.8823529411764705,0.25803686721138763,0,2,2208,1143,956,53,1
165,0.36,4431,0.6470588235294117,0.23337739896395993,0,26,852,73,950,74,7
166,0.26,4917,0.45098039215686275,0.2127335829995508,0,36,42,3148,559,98,6
167,0.35,4224,0.6274509803921567,0.24286725135454046,0,23,339,2070,282,33,5
168,0.43,5661,0.7843137254901961,0.1847838011980868,0,28,3360,504,102,120,8
169,0.42,6900,0.7647058823529412,0.14552240775054315,0,39,2546,3659,398,81,10
170,0.45,6195,0.823529411764706,0.16690257132317277,0,19,1060,1510,623,232,9
171,0.22,6081,0.37254901960784315,0.1705869430625302,0,53,2131,3580,77,16,7
172,0.46,5388,0.8431372549019609,0.19458824985849787,0,11,2746,1201,755,137,5
173,0.34,5549,0.607843137254902,0.18874770511909045,0,44,1341,427,436,39,6
174,0.41,2068,0.7450980392156863,0.3845163747229633,0,2,252,763,167,181,2
175,0.46,5686,0.8431372549019609,0.1839097097832112,0,14,2471,2492,853,114,3
176,0.28,2744,0.49019607843137253,0.3284253164279316,0,19,3844,307,517,23,9
177,0.45,6591,0.823529411764706,0.1546110631465012,0,27,687,2340,121,192,6
178,0.3,5998,0.5294117647058824,0.17331313093068978,0,51,2345,2770,574,33,10
179,0.47,5417,0.8627450980392156,0.19352345087356948,0,10,3001,156,255,163,2
180,0.18,1973,0.29411764705882354,0.39384190532068897,0,15,1596,925,933,10,9
181,0.37,7092,0.6666666666666666,0.14007787829298324,0,53,207,4167,386,231,7
182,0.43,3039,0.7843137254901961,0.30817325382850647,0,5,507,577,672,148,4
183,0.39,2841,0.7058823529411764,0.3215354556765445,0,12,2099,1350,359,92,1
184,0.44,6107,0.803921568627451,0.16974060467341912,0,19,1221,1117,451,99,10
185,0.41,6018,0.7450980392156863,0.1726527843452692,0,35,454,3041,61,76,9
186,0.34,4039,0.607843137254902,0.25175056827736875,0,24,85,1631,774,49,3
187,0.37,1534,0.6666666666666666,0.44374600538039555,0,2,2320,233,213,245,4
188,0.47,6956,0.8627450980392156,0.1439189276539543,0,17,910,1833,406,180,4
189,0.45,6526,0.823529411764706,0.15657709213898507,0,26,2298,3279,921,84,2
190,0.43,3488,0.7843137254901961,0.280842006051944,0,10,2896,897,227,206,10
191,0.41,2426,0.7450980392156863,0.3528534626103418,0,6,398,1086,823,222,6
192,0.08,7019,0.09803921568627451,0.1421303686784493,0,61,2008,2169,137,42,9
193,0.47,7179,0.8627450980392156,0.13765917216392398,0,18,1284,1480,978,215,5
194,0.36,5054,0.6470588235294117,0.20728233665864682,0,36,196,2371,748,69,9
195,0.4,1949,0.7254901960784313,0.39626885850011007,0,2,2410,664,310,140,8
196,0.44,4213,0.803921568627451,0.24338447179980216,0,8,746,814,547,62,5
197,0.33,5308,0.5882352941176472,0.19755560296101904,0,41,303,2720,968,24,4
198,0.43,3734,0.7843137254901961,0.26732442240675436,0,14,565,1327,247,106,7
199,0.31,1416,0.5490196078431373,0.4596157838377758,0,7,2158,537,808,157,10
200,0.39,1808,0.7058823529411764,0.4111598746516666,0,2,2523,458,720,250,7
201,0.1,1103,0.13725490196078433,0.5091370599191247,0,12,25,257,326,200,8
202,0.39,2687,0.7058823529411764,0.3325884929459908,0,11,334,1305,132,233,7
203,0.46,13160,0.8431372549019609,0.017436425537943112,0,65,3361,2809,844,40,3
204,0.46,12306,0.8431372549019609,0.030747086573078786,0,57,1449,3875,614,123,8
205,0.43,9500,0.7843137254901961,0.08208752815376474,0,49,1893,678,958,83,9
206,0.23,4888,0.39215686274509803,0.21390695799192738,0,36,2633,2090,743,10,5
207,0.47,8530,0.8627450980392156,0.103453419201466,0,23,1170,3243,285,189,6
208,0.46,4123,0.8431372549019609,0.24766770012201222,0,4,885,596,628,141,4
209,0.44,10838,0.803921568627451,0.05594747216758511,0,56,2820,4132,341,70,8
210,0.46,12192,0.8431372549019609,0.03259344341842585,0,56,3973,1703,920,208,9
211,0.44,6235,0.803921568627451,0.16562585553761278,0,24,2315,3012,118,30,2
212,0.46,11542,0.8431372549019609,0.04346240764711018,0,53,3645,1081,248,104,6
213,0.37,6963,0.6666666666666666,0.14371940078719303,0,50,148,4889,789,158,5
214,0.15,1976,0.23529411764705882,0.39354061301003873,0,16,264,1122,369,9,8
215,0.42,3423,0.7647058823529412,0.28457307554667266,0,12,2433,1740,541,183,6
216,0.5,6004,0.9215686274509803,0.17311479607735047,0,5,3021,325,756,221,1
217,0.39,10718,0.7058823529411764,0.05815624475423464,0,63,776,4329,220,40,10
218,0.49,9104,0.9019607843137254,0.09053411979193293,0,13,961,1976,872,101,3
219,0.43,6297,0.7843137254901961,0.16366304093229944,0,30,2739,3284,164,172,9
220,0.43,10344,0.7843137254901961,0.06520236644942523,0,56,4201,871,580,62,7
221,0.28,6215,0.49019607843137253,0.16626318646933402,0,53,2072,4406,387,239,4
222,0.43,3940,0.7843137254901961,0.2566729342502372,0,15,1267,103,46,215,5
223,0.32,10452,0.5686274509803922,0.06314183226041326,0,66,4957,3912,992,20,7
224,0.44,6599,0.803921568627451,0.1543704312814247,0,28,3262,1503,253,126,10
225,0.52,9385,0.9607843137254901,0.08450362293196234,0,4,545,2538,715,73,1
226,0.34,1976,0.607843137254902,0.39354061301003873,0,7,575,310,925,47,6
227,0.47,9448,0.8627450980392156,0.08317638041905318,0,27,3134,3806,103,226,5
228,0.46,9584,0.8431372549019609,0.08034113946317745,0,36,1374,2725,318,186,9
229,0.32,3526,0.5686274509803922,0.2786928299506597,0,22,2122,2182,224,144,9
230,0.46,3671,0.8431372549019609,0.2706994895528885,0,2,2710,745,454,198,3
231,0.45,4499,0.823529411764706,0.23035645737214194,0,8,649,1633,430,78,5
232,0.46,9774,0.8431372549019609,0.07644678093884516,0,38,3050,3098,607,133,6
233,0.26,2733,0.45098039215686275,0.32922196302950757,0,20,3889,512,152,23,10
234,0.45,6291,0.823529411764706,0.16385214431287576,0,22,2383,4204,813,216,2
235,0.49,9303,0.9019607843137254,0.08624455200201142,0,14,1579,1016,726,238,3
236,0.46,9878,0.8431372549019609,0.07434706676110892,0,40,3573,2390,950,165,8
237,0.4,5572,0.7254901960784313,0.18792720196027746,0,32,234,3581,19,97,4
238,0.11,4560,0.1568627450980392,0.2276850876128108,0,34,21,2275,579,194,10
239,0.34,1380,0.607843137254902,0.46472145096310125,0,4,2207,393,281,122,7
240,0.49,10570,0.9019607843137254,0.06091470538145671,0,15,2946,1831,51,33,2
241,0.45,6261,0.823529411764706,0.1648003743244848,0,21,856,2827,978,228,8
242,0.52,10264,0.9607843137254901,0.06674260474052984,0,5,1198,786,75,165,1
243,0.43,9663,0.7843137254901961,0.07871261196271673,0,50,2506,4477,892,109,10
244,0.47,11442,0.8627450980392156,0.04518869495360678,0,33,4287,1907,352,247,7
245,0.03,5307,0.0,0.19759297716258628,0,43,2001,3371,686,53,5
246,0.4,8328,0.7254901960784313,0.10820773822449525,0,54,1497,1414,777,27,4
247,0.46,12942,0.8431372549019609,0.020750278762815544,0,63,4722,2605,189,207,8
248,0.33,3753,0.5882352941176472,0.2663177122697038,0,24,3331,39,554,65,9
249,0.47,7255,0.8627450980392156,0.13557014315460691,0,19,462,4003,482,134,3
250,0.42,2385,0.7647058823529412,0.3562337392182322,0,4,391,719,502,107,5
251,0.4,9837,0.7254901960784313,0.07517218727744468,0,57,4730,2137,794,55,10
252,0.51,13107,0.9411764705882353,0.018237009080146138,0,8,1548,3134,242,249,1
253,0.29,6698,0.5098039215686274,0.15141651644178922,0,56,4237,2689,637,25,9
254,0.39,1907,0.7058823529411764,0.4005888009817681,0,3,2575,255,124,136,7
255,0.25,4910,0.43137254901960786,0.21301617672705953,0,36,788,2355,6,15,6
256,0.47,8678,0.8627450980392156,0.10004097710431648,0,24,2917,3546,967,192,5
257,0.39,7624,0.7058823529411764,0.125728739948188,0,55,2255,4925,738,156,10
258,0.43,7894,0.7843137254901961,0.11882491762271707,0,42,1751,487,835,173,9
259,0.48,10111,0.8823529411764705,0.06972203405574717,0,22,3741,1588,619,230,4
260,0.24,4550,0.4117647058823529,0.22812055957963773,0,31,51,3053,410,35,8
261,0.42,3688,0.7647058823529412,0.2697830863142313,0,14,165,1864,998,131,1
262,0.44,10050,0.803921568627451,0.07092249973824627,0,53,3544,2860,40,76,10
263,0.45,7941,0.823529411764706,0.11764731176900933,0,35,4655,446,706,218,6
264,0.43,3476,0.7843137254901961,0.28152555866069073,0,9,2376,1232,170,57,4
265,0.47,14237,0.8627450980392156,0.0018308942287906804,0,46,3839,4727,867,236,7
266,0.44,8350,0.803921568627451,0.10768437810499842,0,40,3120,2318,376,98,8
267,0.5,8137,0.9215686274509803,0.11281043217972653,0,11,677,3666,589,167,2
268,0.37,1765,0.6666666666666666,0.41593282694776457,0,4,1021,62,495,224,10
269,0.36,4867,0.6470588235294117,0.2147609963952587,0,33,2169,2647,766,116,7
270,0.44,8695,0.803921568627451,0.0996527391532771,0,43,1363,1940,665,88,8
271,0.42,3799,0.7647058823529412,0.2639013616107009,0,16,3202,838,880,4,3
272,0.44,7598,0.803921568627451,0.1264064106883971,0,34,605,4530,94,200,9
273,0.46,5524,0.8431372549019609,0.1896434219833073,0,13,479,2068,306,170,3
274,0.46,10533,0.8431372549019609,0.0616103550012409,0,49,3231,3221,733,99,7
275,0.44,8217,0.803921568627451,0.11086959059880674,0,39,4968,634,28,241,8
276,0.34,3018,0.607843137254902,0.3095485423581029,0,16,2062,191,601,18,1
277,0.45,5952,0.823529411764706,0.1748403211400008,0,16,2806,1252,823,75,6
278,0.47,9251,0.8627450980392156,0.08735652401375371,0,26,991,2756,143,128,5
279,0.43,3354,0.7843137254901961,0.2886120601252088,0,7,707,1047,801,201,8
280,0.3,9454,0.5294117647058824,0.08305043821310965,0,64,2993,4856,229,6,4
281,0.42,6755,0.7647058823529412,0.14973551730193846,0,38,2482,3462,444,93,9
282,0.45,8928,0.823529411764706,0.09440676874298604,0,42,1677,1679,98,111,10
283,0.41,8736,0.7450980392156863,0.0987195143630809,0,48,3516,555,327,43,5
284,0.4,5864,0.7254901960784313,0.1777950691787169,0,38,291,4090,646,223,6
285,0.33,1472,0.5882352941176472,0.4519259264056764,0,8,80,362,199,68,2
286,0.35,7522,0.6274509803921567,0.12840067057948146,0,58,4419,1794,476,32,7
287,0.39,3818,0.7058823529411764,0.26291182864455387,0,17,2303,2229,903,244,4
288,0.44,4415,0.803921568627451,0.23409494386339225,0,10,2886,1166,680,160,10
289,0.35,4557,0.6274509803921567,0.2278156288710138,0,28,1099,1528,702,38,9
290,0.46,5326,0.8431372549019609,0.19688406845908735,0,10,2605,2563,271,231,3
291,0.45,11340,0.823529411764706,0.04696511980768969,0,53,4344,149,972,125,4
292,0.45,7470,0.823529411764706,0.12977680645790135,0,33,1440,905,407,150,6
293,0.52,13182,0.9607843137254901,0.01710505430500653,0,6,3430,2032,177,191,1
294,0.2,5860,0.33333333333333337,0.17793042715663276,0,51,363,3340,854,12,10
295,0.46,2154,0.8431372549019609,0.37643643165886265,1,1,384,543,383,209,1
296,0.35,9023,0.6274509803921567,0.09230703432245735,0,63,3409,4195,592,29,10
297,0.47,13323,0.8627450980392156,0.014994306382969724,0,39,4800,1610,169,140,6
298,0.46,12577,0.8431372549019609,0.026425705608844607,0,59,1419,3114,862,71,5
299,0.38,3610,0.6862745098039215,0.27402304876465333,0,16,2584,978,995,52,8
300,0.5,11535,0.9215686274509803,0.04358276006113393,0,15,1120,4982,33,245,2
301,0.44,4648,0.803921568627451,0.22389359688418242,0,12,934,1398,879,178,10
302,0.5,10347,0.9215686274509803,0.0651448394741706,0,13,2869,2707,89,123,2
303,0.43,8428,0.7843137254901961,0.10583987447684562,0,45,3944,277,672,235,5
304,0.38,7302,0.6862745098039215,0.13428916548172243,0,55,2285,3812,365,39,6
305,0.2,2024,0.33333333333333337,0.3887811416340803,0,14,1841,780,206,10,8
306,0.3,4778,0.5294117647058824,0.21842186203264202,0,34,98,3189,537,153,9
307,0.41,3968,0.7450980392156863,0.2552683198989566,0,18,312,1883,121,60,4
308,0.47,10416,0.8627450980392156,0.06382630195162231,0,30,3495,3387,908,240,6
309,0.44,9280,0.803921568627451,0.086735617285153,0,47,4567,817,335,102,10
310,0.15,474,0.23529411764705882,0.6764645356942998,1,1,2462,1,793,128,2
311,0.35,5522,0.6274509803921567,0.18971525433327185,0,43,2081,3184,686,61,3
312,0.46,8857,0.8431372549019609,0.0959906830798799,0,31,3410,2138,352,165,8
313,0.47,5243,0.8627450980392156,0.1999996899004124,0,9,996,821,141,204,3
314,0.48,7130,0.8823529411764705,0.13901780321188595,0,12,584,3875,478,224,2
315,0.43,11135,0.7843137254901961,0.05058422575788013,0,59,4254,193,550,112,7
316,0.26,5642,0.45098039215686275,0.18545069577032214,0,47,1362,1511,965,11,5
317,0.47,5221,0.8627450980392156,0.20083378645962613,0,8,3010,1165,884,242,4
318,0.33,3773,0.5882352941176472,0.2652635070878312,0,25,127,2485,595,142,7
319,0.46,7007,0.8431372549019609,0.14246980579877266,0,19,808,2824,757,183,6
320,0.32,1424,0.5686274509803922,0.45849881566063355,0,6,2211,538,304,86,10
321,0.47,8933,0.8627450980392156,0.09429570063929904,0,25,2491,4307,934,142,3
322,0.46,14306,0.8431372549019609,0.0008717285531819607,0,70,4451,2970,584,227,8
323,0.47,7706,0.8627450980392156,0.12360650763748993,0,20,781,1710,391,123,3
324,0.38,8866,0.6862745098039215,0.09578920396119273,0,61,174,3597,230,73,4
325,0.45,14369,0.823529411764706,0.0,0,72,2905,4935,252,50,6
326,0.46,10032,0.8431372549019609,0.07127812790275545,0,42,1466,2702,332,204,7
327,0.51,8777,0.9411764705882353,0.09779065866868852,0,5,2795,1365,635,90,2
328,0.24,1070,0.4117647058823529,0.5151579645290536,0,3,381,27,846,35,9
329,0.31,10316,0.5490196078431373,0.0657400907700858,0,65,1179,4668,508,23,10
330,0.38,4625,0.6862745098039215,0.22487758204162,0,28,3255,911,619,53,10
331,0.46,5477,0.8431372549019609,0.1913383963160371,0,12,427,2612,742,118,3
332,0.46,9630,0.8431372549019609,0.07939125800387614,0,37,4098,1450,295,232,8
333,0.46,8770,0.8431372549019609,0.09794893625860213,0,29,1517,288,193,147,4
334,0.46,11059,0.8431372549019609,0.05194289678044073,0,51,1680,3590,825,249,10
335,0.46,8042,0.8431372549019609,0.11514011596539286,0,23,2854,2350,148,106,5
336,0.24,2675,0.4117647058823529,0.3334761944199056,0,19,283,1187,376,20,6
337,0.41,10328,0.7450980392156863,0.06550945901097371,0,56,652,4129,27,40,7
338,0.5,13741,0.9215686274509803,0.008865717696457942,0,17,4479,565,942,175,2
339,0.39,3260,0.7058823529411764,0.29425019320321,0,15,2367,1727,543,199,9
340,0.53,8775,0.9803921568627451,0.09783586795416022,0,3,2335,3114,161,14,1
341,0.47,10500,0.8627450980392156,0.06223286383600635,0,31,3509,1581,869,151,6
342,0.35,8553,0.6274509803921567,0.10291924014725284,0,62,4433,1713,211,28,6
343,0.46,4411,0.8431372549019609,0.2342747363074449,0,6,728,930,334,78,5
344,0.45,10280,0.823529411764706,0.06643359901516732,0,45,2847,4855,729,139,9
345,0.41,4820,0.7450980392156863,0.2166858426576176,0,28,3463,323,916,177,10
346,0.36,5694,0.6470588235294117,0.1836308119007919,0,43,113,3898,22,118,4
347,0.43,4079,0.7843137254901961,0.24979586331881642,0,18,2324,2046,542,220,2
348,0.29,6278,0.5098039215686274,0.16426248768238794,0,54,2066,4436,454,160,6
349,0.37,3334,0.6666666666666666,0.28979831746150764,0,16,519,1488,987,53,9
350,0.47,13808,0.8627450980392156,0.00790075165170534,0,42,3408,3031,76,241,5
351,0.47,6800,0.8627450980392156,0.14841840061400957,0,15,2784,2250,264,203,3
352,0.23,6674,0.39215686274509803,0.15212858880215518,0,58,1142,3208,674,14,9
353,0.42,4963,0.7647058823529412,0.2108864853377026,0,28,1431,216,142,153,7
354,0.36,4432,0.6470588235294117,0.23333263845650876,0,27,4749,32,478,231,9
355,0.43,6404,0.7843137254901961,0.16032061732049807,0,31,2507,3412,960,123,7
356,0.44,7286,0.803921568627451,0.13472431509755456,0,32,3139,1382,647,69,7
357,0.49,6359,0.9019607843137254,0.16171945471403004,0,9,398,2846,294,133,1
358,0.11,2796,0.1568627450980392,0.32470205692043375,0,25,2015,1222,772,18,4
359,0.4,5840,0.7254901960784313,0.17860860572991932,0,37,2347,3539,236,83,8
360,0.34,1552,0.607843137254902,0.44143301475891605,0,5,223,510,703,193,6
361,0.46,9020,0.8431372549019609,0.09237300305072427,0,33,852,4728,890,248,7
362,0.45,9840,0.823529411764706,0.07511169610920321,0,44,4594,797,985,209,8
363,0.47,8198,0.8627450980392156,0.11132882428380442,0,22,872,1582,607,128,4
364,0.41,7520,0.7450980392156863,0.12845342275964744,0,44,2977,2657,455,66,10
365,0.44,10903,0.803921568627451,0.05476124211051214,0,57,3606,2186,144,122,9
366,0.4,5334,0.7254901960784313,0.196586336722952,0,31,242,3611,794,181,5
367,0.38,2561,0.6862745098039215,0.34211356756616973,0,10,378,1002,198,245,9
368,0.46,10505,0.8431372549019609,0.0621384186738313,0,48,1010,4285,386,192,8
369,0.45,9324,0.823529411764706,0.08579724708151626,0,43,1268,2274,929,83,6
370,0.48,11039,0.8823529411764705,0.052301993617720366,0,24,1528,3321,358,227,4
371,0.52,13215,0.9607843137254901,0.016609032886875652,0,7,1201,133,832,110,1
372,0.45,7390,0.823529411764706,0.13191275440245054,0,31,2687,4097,234,176,8
373,0.46,8535,0.8431372549019609,0.10333717091289096,0,26,3310,1130,422,136,7
374,0.47,10357,0.8627450980392156,0.06495320326837539,0,29,578,4666,520,73,3
375,0.35,2611,0.6274509803921567,0.3382788724595931,0,12,2164,1288,46,218,5
376,0.34,8461,0.607843137254902,0.10506464037246765,0,62,4263,2947,892,30,9
377,0.38,6950,0.6862745098039215,0.14409011053638998,0,48,2226,3951,946,154,10
378,0.17,3032,0.27450980392156865,0.30863062489851856,0,25,54,1983,491,12,7
379,0.49,5997,0.9019607843137254,0.17334620602427897,0,6,2945,1766,762,236,2
380,0.41,8367,0.7450980392156863,0.1072809069301951,0,47,670,2762,180,50,6
381,0.44,7044,0.803921568627451,0.14142506772794938,0,30,1584,672,634,163,8
382,0.45,14090,0.823529411764706,0.0038899292239806815,0,70,1635,3795,253,92,8
383,0.42,4225,0.7647058823529412,0.24282029810655514,0,21,644,2139,812,199,10
384,0.29,11963,0.5098039215686274,0.036355100761417014,0,68,2891,3643,129,9,4
385,0.45,10846,0.823529411764706,0.05580109130809274,0,51,3535,1610,441,50,5
386,0.03,4288,0.0,0.2398844231018873,0,33,1,2606,625,237,9
387,0.39,2398,0.7058823529411764,0.355155695884685,0,9,2252,828,65,100,6
388,0.46,14213,0.8431372549019609,0.0021656070006018657,0,69,4230,2324,27,224,7
389,0.44,5600,0.803921568627451,0.18693288691042587,0,15,2119,3164,911,40,1
390,0.43,2456,0.7843137254901961,0.3504160738666202,0,2,610,289,402,173,3
391,0.42,4560,0.7647058823529412,0.2276850876128108,0,25,2719,974,852,74,8
392,0.44,9202,0.803921568627451,0.08841007799023082,0,46,1296,2900,63,170,10
393,0.41,4644,0.7450980392156863,0.22406437455638795,0,26,959,1158,501,58,8
394,0.48,8561,0.8823529411764705,0.10273377535371975,0,18,2616,4615,437,244,1
395,0.45,4853,0.823529411764706,0.21533240458247527,0,10,3224,86,249,189,3
396,0.26,3804,0.45098039215686275,0.26364047932664936,0,28,3935,641,289,22,10
397,0.46,8475,0.8431372549019609,0.10473666612395915,0,24,2453,4840,652,210,3
398,0.49,5306,0.9019607843137254,0.19763035840592547,0,4,291,1738,163,65,1
399,0.46,7924,0.8431372549019609,0.11807244788975724,0,22,3025,2030,588,184,6
400,0.51,12272,0.9411764705882353,0.03129595854614853,0,7,902,3455,475,119,2
401,0.46,10363,0.8431372549019609,0.06483831033102616,0,45,1825,623,965,234,4
402,0.47,11465,0.8627450980392156,0.04479031673132017,0,34,3084,3850,932,196,5
403,0.38,11927,0.6862745098039215,0.036952994579348974,0,64,1843,378,142,32,4
404,0.5,6725,0.9215686274509803,0.15061847803132922,0,10,559,3484,546,195,1
405,0.43,9071,0.7843137254901961,0.09125450692859127,0,46,3433,2246,497,74,10
406,0.44,8133,0.803921568627451,0.11290797443755873,0,38,3090,2667,81,119,8
407,0.48,5605,0.8823529411764705,0.1867558538403815,0,6,880,1410,880,240,2
408,0.38,7224,0.6862745098039215,0.1364195926120746,0,52,2183,4554,308,45,5
409,0.44,11984,0.803921568627451,0.036007159637782005,0,59,4315,812,735,157,7
410,0.42,5631,0.7647058823529412,0.18583781969496938,0,31,2482,2182,634,104,7
411,0.46,12360,0.8431372549019609,0.02987845771553843,0,58,1207,4038,58,174,10
412,0.48,11852,0.8823529411764705,0.038204423910904395,0,25,2791,276,981,60,2
413,0.36,2395,0.6470588235294117,0.3554039557065687,0,9,242,1032,395,129,9
414,0.36,12330,0.6470588235294117,0.030360559722806824,0,65,4738,2984,676,34,9
415,0.31,11164,0.5490196078431373,0.050068228201917475,0,67,67,4866,962,115,4
416,0.46,6813,0.8431372549019609,0.1480395224482406,0,17,3444,1127,15,244,8
417,0.44,9624,0.803921568627451,0.07951489798405209,0,49,2537,3824,415,200,6
418,0.4,6331,0.7254901960784313,0.16259484638886634,0,42,996,67,613,70,5
419,0.41,6124,0.7450980392156863,0.16918917521300736,0,36,2192,3173,201,156,2
420,0.28,9798,0.49019607843137253,0.07596025543066298,0,66,3811,1930,776,21,8
421,0.44,8527,0.803921568627451,0.10352320088285882,0,41,1895,723,862,214,10
422,0.48,10411,0.8823529411764705,0.06392155422117218,0,23,2834,1355,527,141,3
423,0.48,12847,0.8823529411764705,0.022211887490249826,0,28,3136,3734,922,186,5
424,0.4,6483,0.7254901960784313,0.1578884858586459,0,43,385,2491,101,49,6
425,0.35,11639,0.6274509803921567,0.04180213897574181,0,65,4474,3576,35,22,6
426,0.48,8250,0.8823529411764705,0.11007449192118235,0,16,408,4193,323,65,2
427,0.43,4657,0.7843137254901961,0.22350988374514824,0,24,3277,431,654,201,8
428,0.45,8866,0.823529411764706,0.09578920396119273,0,41,2937,4619,804,249,10
429,0.54,6787,1.0,0.14879800369245155,0,2,732,876,224,114,1
430,0.16,4231,0.2549019607843137,0.24253881172909242,0,32,2026,2771,592,169,4
431,0.38,8586,0.6862745098039215,0.10215531279327039,0,60,4153,1514,384,39,8
432,0.36,1097,0.6470588235294117,0.5102182666736033,1,1,2334,221,470,235,6
433,0.42,9637,0.7647058823529412,0.07924710867592599,0,50,1050,3326,843,56,9
434,0.47,4990,0.8627450980392156,0.20981027464100188,0,5,2629,2088,138,183,3
435,0.47,13972,0.8627450980392156,0.005558362083294521,0,44,1386,4712,74,217,7
436,0.37,5177,0.6666666666666666,0.20251257373209208,0,34,217,3085,189,237,5
437,0.46,12148,0.8431372549019609,0.033310693540739456,0,55,3599,1823,855,125,6
438,0.43,10142,0.7843137254901961,0.06911473371472432,0,54,2690,3267,689,77,8
439,0.48,8499,0.8823529411764705,0.1041756828611391,0,17,1144,2024,273,188,4
440,0.53,10262,0.9803921568627451,0.06678126431750997,0,4,2349,3879,918,25,1
441,0.4,7994,0.7254901960784313,0.11632770468711973,0,52,3974,122,125,147,9
442,0.23,2293,0.39215686274509803,0.36403512341767796,0,18,2043,1251,23,91,9
443,0.47,13936,0.8627450980392156,0.006070181367042182,0,43,826,4396,665,130,6
444,0.3,2463,0.5294117647058824,0.3498516326653345,0,16,2996,658,374,10,4
445,0.41,2171,0.7450980392156863,0.37487746078879836,0,3,545,538,753,179,7
446,0.46,11083,0.8431372549019609,0.05151283675272644,0,52,1778,1542,579,207,7
447,0.24,10772,0.4117647058823529,0.05715925296561142,0,67,474,4686,237,13,8
448,0.32,2745,0.5686274509803922,0.32835305237743884,0,17,815,422,341,57,10
449,0.29,5216,0.5098039215686274,0.20102384390153316,0,41,2099,3528,975,221,8
450,0.42,3288,0.7647058823529412,0.29255393048709866,0,11,2416,978,88,162,5
451,0.5,11269,0.9215686274509803,0.04821110748065227,0,14,1121,2872,725,123,3
452,0.43,4681,0.7843137254901961,0.22249026206581202,0,25,2701,1634,302,235,9
453,0.45,13416,0.823529411764706,0.013614300953463498,0,67,3670,3317,151,191,10
454,0.45,4442,0.823529411764706,0.23288558791036584,0,7,175,2060,825,79,1
455,0.3,6821,0.5294117647058824,0.14780672576745724,0,56,4866,174,540,27,7
456,0.36,5043,0.6470588235294117,0.20771454010371015,0,34,1349,111,932,96,9
457,0.36,5046,0.6470588235294117,0.20759657303149925,0,35,152,3217,259,181,6
458,0.44,13777,0.803921568627451,0.008346645151562249,0,68,3533,1955,706,54,5
459,0.26,7436,0.45098039215686275,0.13068177613087695,0,60,2607,3096,868,9,4
460,0.45,8257,0.823529411764706,0.10990624348429678,0,37,1062,1853,171,137,8
461,0.4,7522,0.7254901960784313,0.12840067057948146,0,49,2278,4997,520,82,9
462,0.47,8161,0.8627450980392156,0.11222618356581182,0,21,754,4225,767,203,4
463,0.43,4893,0.7843137254901961,0.21370415622793915,0,26,2925,487,194,68,6
464,0.47,12974,0.8627450980392156,0.020260361826636264,0,37,3207,4426,360,112,7
465,0.42,2100,0.7647058823529412,0.3814713123834347,0,2,450,669,682,247,3
466,0.45,12058,0.823529411764706,0.03478592219474119,0,56,4511,1320,956,167,10
467,0.45,8767,0.823529411764706,0.09801680818415204,0,39,1613,822,290,85,7
468,0.38,7300,0.6862745098039215,0.13434350701819886,0,54,319,2718,897,140,10
469,0.43,5840,0.7843137254901961,0.17860860572991932,0,29,662,2216,560,188,8
470,0.45,7663,0.823529411764706,0.12471655422360528,0,34,4067,328,836,230,5
471,0.46,12113,0.8431372549019609,0.033883090854491815,0,54,3770,2936,230,172,7
472,0.4,3492,0.7254901960784313,0.28061467752700486,0,13,2263,1699,813,36,3
473,0.41,3232,0.7450980392156863,0.29596108355781403,0,11,2544,1082,583,117,10
474,0.43,13600,0.7843137254901961,0.01091192928235496,0,68,3510,4008,999,69,9
475,0.07,1039,0.07843137254901962,0.5209854127237155,0,14,11,265,44,198,2
476,0.34,10410,0.607843137254902,0.06394061016398422,0,65,1294,3370,647,19,5
477,0.46,9867,0.8431372549019609,0.07456810394736657,0,39,1514,1902,218,226,10
478,0.39,6534,0.7058823529411764,0.15633406537647732,0,44,308,3757,595,62,8
479,0.41,7992,0.7450980392156863,0.116377342152586,0,46,3684,19,429,176,4
480,0.47,12138,0.8627450980392156,0.033474067189986356,0,35,2755,4893,33,127,5
481,0.25,3272,0.43137254901960786,0.29352144693508286,0,25,1215,1136,948,14,6
482,0.41,6621,0.7450980392156863,0.15371019457084678,0,38,2440,3031,365,208,8
483,0.36,12745,0.6470588235294117,0.02379327405586118,0,66,4357,4319,279,30,10
484,0.37,1741,0.6666666666666666,0.4186475915176965,0,3,2113,581,698,142,1
485,0.48,12630,0.8823529411764705,0.0255914586525835,0,27,916,3686,118,72,3
486,0.46,8537,0.8431372549019609,0.10329069066237151,0,27,3082,2424,909,193,7
487,0.46,13817,0.8431372549019609,0.0077714861795892265,0,68,3367,2625,509,242,6
488,0.46,5857,0.8431372549019609,0.178032006277429,0,15,615,1382,467,120,4
489,0.37,8087,0.6666666666666666,0.11403317084858611,0,60,4661,770,180,48,9
490,0.42,12809,0.7647058823529412,0.022799559292631777,0,62,1802,2104,439,62,8
491,0.44,9357,0.803921568627451,0.08509637055128427,0,48,597,3960,874,225,7
492,0.43,7702,0.7843137254901961,0.12370950618538934,0,41,3393,198,168,103,5
493,0.44,4153,0.803921568627451,0.24622965844264433,0,7,920,954,708,211,8
494,0.2,5430,0.33333333333333337,0.19304797597927514,0,45,2146,2847,106,17,10
495,0.45,3452,0.823529411764706,0.28289976985814613,0,3,2444,456,961,75,3
496,0.48,13169,0.8823529411764705,0.017300797676832458,0,29,1248,3562,354,145,5
497,0.36,5125,0.6470588235294117,0.204515084776956,0,37,2754,2324,685,31,6
498,0.41,13740,0.7450980392156863,0.008880155781712196,0,70,3700,2746,773,45,7
499,0.42,2968,0.7647058823529412,0.31286192845809924,0,6,280,1488,192,159,3
500,0.44,10275,0.803921568627451,0.06653011161542377,0,54,4994,889,416,239,10
501,0.46,6404,0.8431372549019609,0.16032061732049807,0,16,1323,644,55,140,6
502,0.2,4092,0.33333333333333337,0.24916470841735916,0,31,29,2539,634,85,9
503,0.5,9857,0.9215686274509803,0.0747692607611461,0,12,3484,1276,342,215,2
504,0.49,8669,0.9019607843137254,0.10024682282408004,0,12,2574,3655,243,228,1
505,0.43,7017,0.7843137254901961,0.14218690121863398,0,37,955,2413,785,99,9
506,0.06,103,0.058823529411764705,0.9778204790251197,0,9,2230,4269,404,185,8
507,0.06,102,0.058823529411764705,0.9797374113136988,0,8,4097,3061,490,115,6
508,0.06,116,0.058823529411764705,0.954452213041386,0,13,1932,1800,533,243,4
509,0.06,120,0.058823529411764705,0.9477826455757105,0,15,629,4943,157,33,3
510,0.06,102,0.058823529411764705,0.9797374113136988,0,8,2872,1206,824,170,9
511,0.06,95,0.058823529411764705,0.9937010281428231,0,4,3176,3902,720,156,10
512,0.06,102,0.058823529411764705,0.9797374113136988,0,8,1631,3251,886,198,4
513,0.06,92,0.058823529411764705,1.0,1,1,4382,2008,94,71,7
514,0.06,102,0.058823529411764705,0.9797374113136988,0,8,4514,4061,363,54,1
515,0.06,103,0.058823529411764705,0.9778204790251197,0,9,449,3404,26,98,8
516,0.06,103,0.058823529411764705,0.9778204790251197,0,9,3240,2166,950,233,4
517,0.06,99,0.058823529411764705,0.9856019057130122,0,5,2897,2902,601,216,5
518,0.06,104,0.058823529411764705,0.9759218908675169,0,10,770,1645,426,81,7
519,0.06,95,0.058823529411764705,0.9937010281428231,0,4,1986,4790,764,135,8
520,0.06,104,0.058823529411764705,0.9759218908675169,0,10,4191,1047,213,6,2
521,0.06,118,0.058823529411764705,0.9510894045963858,0,14,3873,3498,849,64,10
522,0.06,100,0.058823529411764705,0.9836277506345056,0,6,2294,2260,174,201,2
523,0.06,105,0.058823529411764705,0.9740412990769666,0,11,1088,4115,516,22,3
524,0.06,120,0.058823529411764705,0.9477826455757105,0,15,3537,4540,112,167,6
525,0.06,113,0.058823529411764705,0.9596057741798432,0,12,1348,2693,277,250,2
526,0.06,94,0.058823529411764705,0.9957785439678377,0,3,4841,1436,703,113,9
527,0.06,122,0.058823529411764705,0.9445300981677598,0,16,4862,2591,131,132,4
528,0.06,101,0.058823529411764705,0.9816730456759533,0,7,1480,1329,830,10,8
529,0.06,93,0.058823529411764705,0.9978780444954549,0,2,177,4474,484,205,9
530,0.51,10914,0.9411764705882353,0.05456119530564674,0,6,2729,4373,892,110,2
531,0.43,3655,0.7843137254901961,0.27156587061713255,0,13,1106,615,69,222,8
532,0.42,6510,0.7647058823529412,0.15706404056182388,0,37,2390,3720,746,59,6
533,0.47,13613,0.8627450980392156,0.010722385830154169,0,40,3936,2477,297,180,5
534,0.31,2050,0.5490196078431373,0.3862499862734642,0,12,2083,1111,320,125,3
535,0.51,8252,0.9411764705882353,0.11002640637842742,0,4,789,3007,993,164,1
536,0.36,4729,0.6470588235294117,0.22046660543840846,0,32,3037,1744,46,44,10
537,0.31,7086,0.5490196078431373,0.14024577755414724,0,56,3338,3188,383,26,9
538,0.46,4601,0.8431372549019609,0.22590957889867203,0,7,504,1946,582,146,3
539,0.41,6983,0.7450980392156863,0.14315042721561355,0,41,4535,44,806,190,6
540,0.5,11618,0.9215686274509803,0.04216040210393002,0,16,1737,1056,781,237,1
541,0.42,6330,0.7647058823529412,0.1626261819252871,0,35,512,2950,408,42,4
542,0.46,8610,0.8431372549019609,0.10160157097986833,0,28,3302,1713,615,162,7
543,0.46,8920,0.8431372549019609,0.09458460714004457,0,32,2981,3396,968,148,7
544,0.37,5535,0.6666666666666666,0.1892488082680468,0,36,854,2138,12,29,5
545,0.28,5779,0.49019607843137253,0.18069148482988018,0,48,2061,3995,678,192,2
546,0.38,6530,0.6862745098039215,0.15645554154646524,0,45,4265,252,346,78,8
547,0.4,2941,0.7254901960784313,0.3146744349253051,0,10,2377,1464,260,133,10
548,0.46,12824,0.8431372549019609,0.022567375593301353,0,61,1162,4608,929,95,7
549,0.46,3779,0.8431372549019609,0.264948334744452,0,3,2664,845,98,207,3
550,0.47,13737,0.8627450980392156,0.008923476342698189,0,41,3629,4086,448,220,5
551,0.35,1148,0.6274509803921567,0.5012105351064927,0,2,213,344,529,108,6
552,0.46,10411,0.8431372549019609,0.06392155422117218,0,47,1410,3450,160,178,9
553,0.46,12888,0.8431372549019609,0.021579766748365814,0,62,1389,2447,729,66,4
554,0.39,6299,0.7058823529411764,0.16360004650458027,0,42,115,4303,87,152,1
555,0.27,2471,0.4705882352941177,0.349208517196434,0,17,3574,566,878,24,9
556,0.4,8718,0.7254901960784313,0.0991286823669284,0,55,2645,4505,541,38,8
557,0.5,6278,0.9215686274509803,0.16426248768238794,0,7,1022,747,498,165,2
558,0.42,4758,0.7647058823529412,0.21925390748962514,0,27,2316,2641,816,111,5
559,0.47,9569,0.8627450980392156,0.08065186928148493,0,28,3861,1398,149,248,6
560,0.35,9807,0.6274509803921567,0.07577811551519187,0,64,1998,33,250,53,7
561,0.44,5740,0.803921568627451,0.18203471311639896,0,16,714,3139,564,231,10
562,0.54,11517,1.0,0.043892573351453135,0,3,2963,1876,397,96,1
563,0.49,13418,0.9019607843137254,0.01358472859561577,0,18,3247,3018,63,83,3
564,0.4,3266,0.7254901960784313,0.29388548547471194,0,12,412,1775,980,218,9
565,0.24,8118,0.4117647058823529,0.11327418560736946,0,62,1716,4919,334,7,6
566,0.46,13632,0.8431372549019609,0.010445686110459373,0,67,4473,1162,627,137,5
567,0.46,12782,0.8431372549019609,0.023218175913979233,0,60,4448,2859,920,245,8
568,0.43,7019,0.7843137254901961,0.1421303686784493,0,38,359,4766,695,172,5
569,0.34,3885,0.607843137254902,0.2594612903955885,0,22,3154,1003,270,35,7
570,0.27,7565,0.4705882352941177,0.12726987809791002,0,60,2830,3930,182,17,8
571,0.42,2758,0.7647058823529412,0.3274160071007427,0,5,699,187,857,155,4
572,0.45,11492,0.823529411764706,0.04432367375233781,0,54,4105,2035,508,196,10
573,0.47,6813,0.8627450980392156,0.1480395224482406,0,16,997,2795,206,213,6
574,0.44,4095,0.803921568627451,0.2490193419814256,0,6,2504,1558,756,84,5
575,0.21,3595,0.3529411764705882,0.2748489176487233,0,28,51,2294,372,230,7
576,0.42,10467,0.7647058823529412,0.06285733202271215,0,57,1257,4149,943,51,10
577,0.49,13013,0.9019607843137254,0.019664906611191246,0,17,4756,406,18,187,2
578,0.45,6998,0.823529411764706,0.14272476528783418,0,29,1552,503,391,193,5
579,0.43,6544,0.7843137254901961,0.15603069995279273,0,32,268,3608,798,30,2
580,0.45,12319,0.823529411764706,0.030537624391796525,0,58,3722,2346,225,143,9
581,0.44,6136,0.803921568627451,0.16880085158859548,0,20,2795,2547,329,161,9
582,0.45,8021,0.823529411764706,0.11565881155085767,0,36,2481,4450,37,242,4
583,0.44,11124,0.803921568627451,0.05078030056228344,0,58,4021,693,986,122,8
584,0.34,3570,0.607843137254902,0.276233051548045,0,20,2153,1980,900,176,6
585,0.44,9968,0.803921568627451,0.07254777134168788,0,52,879,3835,290,105,9
586,0.44,3737,0.803921568627451,0.26716512818026505,0,5,3123,97,738,227,3
587,0.42,3193,0.7647058823529412,0.2983689665402165,0,9,575,1214,139,88,10
588,0.31,6719,0.5490196078431373,0.15079554270031936,0,55,4621,1867,476,15,4
589,0.42,9717,0.7647058823529412,0.07760708323126986,0,51,1861,1859,921,69,10
590,0.44,8546,0.803921568627451,0.10308166418287779,0,42,578,4964,267,155,8
591,0.34,6396,0.607843137254902,0.16056857979418648,0,52,3412,1221,693,18,4
592,0.42,10636,0.7647058823529412,0.05967984072009014,0,59,3110,3847,859,35,5
593,0.4,2227,0.7254901960784313,0.36982698211884246,0,5,862,85,184,173,7
594,0.35,5862,0.6274509803921567,0.17786273662426844,0,46,2166,3230,506,118,8
595,0.54,6367,1.0,0.16147005059767394,1,1,2463,700,432,52,1
596,0.48,8052,0.8823529411764705,0.11489359388045162,0,15,1189,2554,758,231,3
597,0.45,5807,0.823529411764706,0.1797326934305793,0,15,2813,1297,207,101,7
598,0.39,3756,0.7058823529411764,0.2661592239520484,0,16,259,2358,670,213,5
599,0.43,8209,0.7843137254901961,0.11106282260671296,0,44,4936,491,944,139,9
600,0.43,3517,0.7843137254901961,0.2791997453537227,0,11,1265,399,588,241,8
601,0.27,5375,0.4705882352941177,0.1950674349181245,0,44,49,3544,227,47,9
602,0.48,6430,0.8823529411764705,0.1595168728963643,0,10,2515,2808,650,143,2
603,0.27,3734,0.4705882352941177,0.26732442240675436,0,26,1015,1546,326,29,9
604,0.38,8015,0.6862745098039215,0.11580725970476025,0,57,2211,4650,988,192,6
605,0.46,13279,0.8431372549019609,0.01565057233475531,0,66,3790,913,40,73,5
606,0.25,9174,0.43137254901960786,0.0890146302651802,0,65,4117,3284,901,14,7
607,0.53,11841,0.9803921568627451,0.03838863244346924,0,5,687,3937,737,87,1
608,0.39,1591,0.7058823529411764,0.4365121666534064,1,1,2814,180,287,209,10
609,0.46,9967,0.8431372549019609,0.07256767413033227,0,41,3157,4754,141,226,9
610,0.45,3153,0.823529411764706,0.3008693266453133,0,2,366,1016,840,105,3
611,0.48,13214,0.8823529411764705,0.016624045633160445,0,30,1572,2871,475,175,4
612,0.44,14162,0.803921568627451,0.002878752101528992,0,72,4441,1608,548,63,6
613,0.46,9221,0.8431372549019609,0.08800089271408984,0,34,1704,1169,198,192,8
614,0.32,6846,0.5686274509803922,0.14708099173549638,0,54,430,3025,617,28,7
615,0.48,8831,0.8823529411764705,0.09657388583552595,0,21,3259,1768,410,148,5
616,0.48,8622,0.8823529411764705,0.10132527856186002,0,19,2955,3127,10,161,4
617,0.37,4754,0.6666666666666666,0.21942073612962898,0,30,712,1888,967,42,8
618,0.04,5647,0.019607843137254905,0.1852749797474691,0,48,2006,3783,348,236,10
619,0.42,12892,0.7647058823529412,0.021518204123270435,0,63,3854,2649,262,56,9
620,0.43,2845,0.7843137254901961,0.3212564106960377,0,4,2313,1391,718,178,2
621,0.48,12545,0.8823529411764705,0.026931105527892463,0,26,1029,4498,96,108,5
622,0.43,2644,0.7843137254901961,0.33578797753915324,0,3,2648,754,928,220,6
623,0.47,13297,0.8627450980392156,0.015381837469992887,0,38,3557,4315,532,206,7
624,0.33,1353,0.5882352941176472,0.468638818157173,0,5,102,553,449,94,3
625,0.21,4663,0.3529411764705882,0.22325448665117908,0,34,4783,2460,159,12,10
626,0.46,10830,0.8431372549019609,0.056093961107094525,0,50,1422,2200,313,111,6
627,0.36,5733,0.6470588235294117,0.1822767709484362,0,45,197,4094,877,166,8
628,0.44,4544,0.803921568627451,0.22838230229363554,0,11,1165,858,543,152,10
629,0.4,5163,0.7254901960784313,0.20304972611552996,0,30,2371,2714,147,67,8
630,0.14,1056,0.21568627450980393,0.5177685409888144,0,6,2062,244,790,8,4
631,0.48,8756,0.8823529411764705,0.09826587074841853,0,20,847,3388,399,218,3
632,0.43,7320,0.7843137254901961,0.1338007602744894,0,39,2979,2146,567,83,9
633,0.44,9061,0.803921568627451,0.09147332348152581,0,45,3319,2962,979,97,10
634,0.48,4493,0.8823529411764705,0.23062116848337155,0,3,523,1700,61,232,1
635,0.46,10232,0.8431372549019609,0.06736206376165754,0,44,4594,1068,336,182,7
636,0.47,14098,0.8627450980392156,0.0037773213750923462,0,45,1795,51,362,135,2
637,0.44,6382,0.803921568627451,0.1610032612322403,0,26,492,3196,953,81,5
638,0.46,8500,0.8431372549019609,0.10415234294599729,0,25,3322,1939,27,216,7
639,0.46,7203,0.8431372549019609,0.13699709941904603,0,21,3040,2995,424,233,7
640,0.47,6128,0.8627450980392156,0.16905964953617947,0,14,795,1757,600,98,4
641,0.35,6856,0.6274509803921567,0.14679143980372533,0,53,2080,4862,215,184,1
642,0.4,7326,0.7254901960784313,0.13363822535406544,0,46,4246,1099,765,55,10
643,0.4,5614,0.7254901960784313,0.18643759184611852,0,34,2397,2470,851,250,9
644,0.43,11292,0.7843137254901961,0.047806620187777815,0,60,1104,4365,463,40,6
645,0.44,3107,0.803921568627451,0.3037842444972003,0,3,2722,623,514,167,5
646,0.23,1673,0.39215686274509803,0.4265475019048015,0,11,194,724,113,23,7
647,0.45,8284,0.823529411764706,0.10925861846293206,0,38,1469,2579,701,201,10
648,0.45,11074,0.823529411764706,0.051674000039345636,0,52,1330,1443,133,58,5
649,0.37,7598,0.6666666666666666,0.1264064106883971,0,59,134,4548,557,221,2
650,0.45,7404,0.823529411764706,0.1315372996704941,0,32,3555,791,482,109,8
651,0.44,9829,0.803921568627451,0.07533358728507256,0,50,2587,4103,70,92,9
652,0.51,7820,0.9411764705882353,0.12069330381342369,0,3,1080,364,894,204,1
653,0.25,6084,0.43137254901960786,0.1704891041774531,0,52,2296,3510,296,9,4
654,0.45,12217,0.823529411764706,0.03218706715813724,0,57,3881,2247,744,131,8
655,0.46,12953,0.8431372549019609,0.0205817333278977,0,64,1979,1040,642,75,6
656,0.44,6177,0.803921568627451,0.16747978476923342,0,21,773,2895,47,146,9
657,0.42,6350,0.7647058823529412,0.16200040960889361,0,36,2904,1652,996,26,3
658,0.41,3859,0.7450980392156863,0.260793189190325,0,17,432,2154,381,163,10
659,0.36,2256,0.6470588235294117,0.3672612261806799,0,7,1061,637,808,180,50
660,0.37,8193,0.6666666666666666,0.11144985213385439,0,61,4192,2064,824,41,10
661,0.3,5334,0.5294117647058824,0.196586336722952,0,42,3587,2890,275,163,118
662,0.35,4355,0.6274509803921567,0.23680908945264578,0,25,4691,1891,475,190,107
663,0.37,6788,0.6666666666666666,0.14876877765594942,0,48,2835,3019,929,76,28
664,0.41,5759,0.7450980392156863,0.1813791837798865,0,33,1901,1130,295,219,30
665,0.29,3290,0.5098039215686274,0.292433322004093,0,21,717,1933,570,121,79
666,0.37,4235,0.6666666666666666,0.24235137576953558,0,23,364,2538,505,155,18
667,0.21,6070,0.3529411764705882,0.17094609899584123,0,53,985,4198,632,231,202
668,0.37,7548,0.6666666666666666,0.12771616556672472,0,58,489,4920,263,122,52
669,0.37,5891,0.6666666666666666,0.17688381034994383,0,41,1815,3142,602,212,99
670,0.37,3670,0.6666666666666666,0.2707535276707316,0,19,4318,384,68,198,46
671,0.36,3151,0.6470588235294117,0.30099517564949174,0,16,2324,1504,919,175,19
672,0.21,4283,0.3529411764705882,0.24011584847332101,0,32,4036,2832,869,250,219
673,0.29,1945,0.5098039215686274,0.39667625278788465,0,11,1553,695,341,234,147
674,0.37,9844,0.6666666666666666,0.07503106989720887,0,63,4827,4991,391,161,88
675,0.29,6315,0.5098039215686274,0.16309680984052266,0,55,233,3626,112,173,71
676,0.35,3538,0.6274509803921567,0.2780189511875468,0,19,3507,1984,163,248,129
677,0.36,7018,0.6470588235294117,0.14215863293498754,0,51,555,3999,736,217,69
678,0.43,11543,0.7843137254901961,0.04344522040333132,0,61,1753,2960,403,120,20
679,0.35,3968,0.6274509803921567,0.2552683198989566,0,22,1104,2145,946,242,100
680,0.41,9005,0.7450980392156863,0.09270317611483359,0,49,3622,4350,481,226,47
681,0.43,6616,0.7843137254901961,0.15386005555571558,0,34,3080,2497,208,200,16
682,0.35,2977,0.6274509803921567,0.31226142067296503,0,15,664,1675,433,214,62
683,0.35,6824,0.6274509803921567,0.14771949738687673,0,52,3127,4508,900,199,115
684,0.35,6350,0.6274509803921567,0.16200040960889361,0,49,782,2650,286,247,91
685,0.35,6955,0.6274509803921567,0.14394744787946656,0,54,1472,4179,227,178,104
686,0.41,7880,0.7450980392156863,0.11917704921592565,0,45,3959,2003,694,162,35
687,0.42,9060,0.7647058823529412,0.09149521841598862,0,49,4262,2753,47,165,27
688,0.31,6260,0.5490196078431373,0.16483206017433816,0,52,1151,3864,94,55,33
689,0.36,3460,0.6470588235294117,0.28244064104825195,0,18,1794,1242,514,182,79
690,0.37,5007,0.6666666666666666,0.2091356433032301,0,31,2758,2924,556,189,54
691,0.41,4332,0.7450980392156863,0.23785943643660534,0,24,3319,1032,751,229,23
692,0.29,1329,0.5098039215686274,0.4721870667988717,0,5,3450,247,363,196,75
693,0.3,7436,0.5294117647058824,0.13068177613087695,0,59,2630,4681,306,34,18
694,0.24,3308,0.4117647058823529,0.29135113232951104,0,26,2405,2043,635,197,138
695,0.3,9546,0.5294117647058824,0.08112926887511773,0,65,1875,3944,922,221,169
696,0.03,5817,0.0,0.1793913877409815,0,51,2001,3255,321,187,42
697,0.09,2473,0.11764705882352941,0.34904806352943174,0,22,30,1306,333,214,66
698,0.29,1234,0.5098039215686274,0.4868901587607354,0,4,185,348,440,157,16
699,0.37,3030,0.6666666666666666,0.30876149624128146,0,14,3562,859,177,135,47
700,0.12,2442,0.1764705882352941,0.35154979665692754,0,20,2657,1482,506,208,186
701,0.18,3375,0.29411764705882354,0.2873740766352437,0,28,3205,2304,460,90,81
702,0.24,3431,0.4117647058823529,0.2841100626213985,0,27,142,1931,722,110,54
703,0.42,7780,0.7647058823529412,0.12171061637913871,0,42,3895,1883,272,195,24
704,0.24,1409,0.4117647058823529,0.46059831618825076,0,7,3674,568,396,243,172
705,0.49,7851,0.9019607843137254,0.11990845886707935,0,11,1200,1389,579,176,3
706,0.36,5517,0.6470588235294117,0.1898949490728763,0,42,3314,3084,309,112,57
707,0.37,7033,0.6666666666666666,0.1417350912916765,0,51,4977,4351,603,190,108
708,0.42,5875,0.7647058823529412,0.1774233102022541,0,32,441,3280,72,102,7
709,0.36,4568,0.6470588235294117,0.22733739692416066,0,28,1959,2333,534,238,113
710,0.06,6791,0.058823529411764705,0.1486811253689332,0,60,68,4829,821,200,184
711,0.36,4368,0.6470588235294117,0.23621786555848345,0,25,3087,2503,694,161,74
712,0.31,3097,0.5490196078431373,0.30442362935103906,0,20,3008,1854,765,249,158
713,0.12,2094,0.1764705882352941,0.3820387130040034,0,17,89,820,638,148,86
714,0.37,7501,0.6666666666666666,0.1289552692656899,0,57,1954,3271,377,205,93
715,0.37,6475,0.6666666666666666,0.15813342533226804,0,44,2740,4341,907,118,54
716,0.37,6816,0.6666666666666666,0.14795219167941753,0,49,4280,3074,238,196,95
717,0.24,1547,0.4117647058823529,0.44207281198680304,0,10,681,650,119,104,55
718,0.42,10519,0.7647058823529412,0.06187421115090108,0,58,4750,4503,288,197,41
719,0.37,3337,0.6666666666666666,0.2896199260677107,0,17,3275,1226,431,160,50
720,0.31,6297,0.5490196078431373,0.16366304093229944,0,54,648,3635,930,175,114
721,0.18,1807,0.29411764705882354,0.41126957935362385,0,14,367,977,483,193,138
722,0.36,4200,0.6470588235294117,0.24399747581204123,0,22,949,2484,280,183,69
723,0.06,1520,0.058823529411764705,0.44556382783428394,0,18,289,606,918,227,211
724,0.15,1209,0.23529411764705882,0.4909475792743063,0,5,4547,416,665,175,150
725,0.31,4955,0.5490196078431373,0.21120648693680844,0,36,147,3494,317,77,27
726,0.37,4681,0.6666666666666666,0.22249026206581202,0,29,3957,1728,588,203,79
727,0.43,4025,0.7843137254901961,0.25243929033721424,0,16,3085,529,262,126,8
728,0.37,7088,0.6666666666666666,0.14018979534484943,0,52,4673,3976,848,231,113
729,0.06,1525,0.058823529411764705,0.4449126918759121,0,19,3476,727,714,236,227
730,0.31,8677,0.5490196078431373,0.10006383830713439,0,63,4250,4858,321,238,176
731,0.42,8991,0.7647058823529412,0.0930118341699846,0,48,4528,2980,987,171,34
732,0.31,6128,0.5490196078431373,0.16905964953617947,0,51,4796,3878,646,124,91
733,0.31,2368,0.5490196078431373,0.35765238506213415,0,14,3033,1154,684,199,112
734,0.42,9811,0.7647058823529412,0.0756972180835166,0,52,1737,3177,629,181,30
735,0.15,2893,0.23529411764705882,0.3179381293306873,0,25,1311,1590,265,190,172
736,0.29,7928,0.5098039215686274,0.11797233387303252,0,60,3372,4824,725,61,44
737,0.31,2002,0.5490196078431373,0.39094840293920663,0,11,1901,553,500,188,102
738,0.31,5155,0.5490196078431373,0.20335732454681021,0,38,4640,3406,710,219,158
739,0.42,7487,0.7647058823529412,0.1293258648741884,0,41,2949,4126,586,221,26
740,0.06,4054,0.058823529411764705,0.25101529523656185,0,31,3781,2820,256,81,77
741,0.37,6519,0.6666666666666666,0.15678998502965724,0,45,1929,2646,550,99,43
742,0.36,4025,0.6470588235294117,0.25243929033721424,0,21,3425,2146,293,226,95
743,0.42,13453,0.7647058823529412,0.013067924582545687,0,68,4329,3699,816,113,21
744,0.06,3451,0.058823529411764705,0.2829572357378919,0,30,2194,2464,584,58,57
745,0.18,2141,0.29411764705882354,0.3776369065011873,0,16,766,1201,259,135,108
746,0.43,10267,0.7843137254901961,0.06668462949584664,0,55,4815,1829,341,163,17
747,0.06,977,0.058823529411764705,0.5331803893252616,0,17,44,195,312,37,34
748,0.06,3114,0.058823529411764705,0.3033378979682596,0,27,1256,2132,939,146,138
749,0.06,6817,0.058823529411764705,0.14792308996342318,0,61,1991,4977,746,173,172
750,0.37,5674,0.6666666666666666,0.18432879309010197,0,38,4856,2692,869,212,87
751,0.36,2823,0.6470588235294117,0.3227960377753354,0,12,1916,626,798,229,67
752,0.36,5731,0.6470588235294117,0.18234598460636275,0,44,1402,3514,512,202,101
753,0.24,5804,0.4117647058823529,0.17983519973533146,0,50,4274,3847,885,164,141
754,0.29,5627,0.5098039215686274,0.18597877952216646,0,46,2182,3911,966,189,47
755,0.31,6263,0.5490196078431373,0.1647370178020129,0,53,641,4449,201,207,131
756,0.12,3407,0.1764705882352941,0.2855023556925824,0,29,106,2195,493,243,163
757,0.31,1051,0.5490196078431373,0.5187092774523052,0,2,2464,255,367,197,30
758,0.37,3645,0.6666666666666666,0.2721092863182234,0,18,3361,1594,973,176,67
759,0.36,5466,0.6470588235294117,0.19173719232655906,0,41,3046,3055,932,69,29
760,0.37,5525,0.6666666666666666,0.18960751555873478,0,35,719,3249,697,81,34
761,0.36,4662,0.6470588235294117,0.22329703000899925,0,31,1681,2321,159,194,85
762,0.21,2149,0.3529411764705882,0.37689729353492585,0,16,29,1049,988,117,2
763,0.31,7151,0.5490196078431373,0.13843439315526684,0,58,1065,4850,920,128,93
764,0.42,13689,0.7647058823529412,0.009617894838172325,0,69,1912,3656,251,50,9
765,0.36,5271,0.6470588235294117,0.19894315896010606,0,38,2409,3559,259,165,39
766,0.36,2962,0.6470588235294117,0.3132632791312481,0,14,3613,928,299,209,74
767,0.06,6940,0.058823529411764705,0.14437574396959307,0,62,3950,4981,838,65,62
768,0.43,7663,0.7843137254901961,0.12471655422360528,0,40,1220,3347,813,193,14
769,0.09,6704,0.11764705882352941,0.15123889695952786,0,59,2053,4536,109,115,89
770,0.48,6892,0.8823529411764705,0.1457525379180702,0,11,2288,3852,544,86,1
771,0.42,8731,0.7647058823529412,0.09883308752345199,0,47,3837,2737,121,174,24
772,0.29,6957,0.5098039215686274,0.14389041152764814,0,57,2796,4424,359,35,21
773,0.24,1490,0.4117647058823529,0.44951616866294797,0,9,656,576,679,61,28
774,0.36,4639,0.6470588235294117,0.22427805357374098,0,29,2527,2840,576,206,50
775,0.36,6709,0.6470588235294117,0.1510910020973425,0,47,3307,4585,901,217,120
776,0.09,233,0.11764705882352941,0.8169311550135198,1,1,1967,1,127,94,49
777,0.42,7173,0.7647058823529412,0.13782503614050734,0,40,1270,2889,434,121,19
778,0.18,1295,0.29411764705882354,0.477324926069691,0,7,3897,454,928,105,83
779,0.42,8179,0.7647058823529412,0.11178912341209335,0,44,3541,3901,466,249,32
780,0.31,1377,0.5490196078431373,0.46515291386986424,0,6,4743,151,651,246,63
781,0.18,1517,0.29411764705882354,0.4459555376326685,0,10,3099,768,942,43,36
782,0.24,5780,0.4117647058823529,0.18065716237526042,0,49,1818,3729,998,87,71
783,0.37,3899,0.6666666666666666,0.258747800472244,0,20,933,2157,397,200,60
784,0.37,2448,0.6666666666666666,0.35106312196865663,0,10,1485,568,275,194,50
785,0.06,4554,0.058823529411764705,0.2279462560775991,0,36,4119,3250,250,177,166
786,0.21,4662,0.3529411764705882,0.22329703000899925,0,33,1147,2962,509,28,23
787,0.36,3857,0.6470588235294117,0.26089601425012054,0,20,4212,1262,416,219,90
788,0.43,9993,0.7843137254901961,0.07205084940572681,0,53,1603,4606,909,203,30
789,0.43,7981,0.7843137254901961,0.1166505704189651,0,43,1450,2693,332,143,18
790,0.31,4861,0.5490196078431373,0.2150056841324619,0,35,4448,2981,937,123,89
791,0.29,4542,0.5098039215686274,0.2284696266561519,0,29,1824,2544,51,65,40
792,0.42,8615,0.7647058823529412,0.10148640237592943,0,46,3522,2455,134,124,16
793,0.21,2524,0.3529411764705882,0.3449997340874298,0,22,1798,1491,611,205,173
794,0.37,5554,0.6666666666666666,0.1885690459909125,0,37,4314,37,297,167,8
795,0.29,3731,0.5098039215686274,0.2674838446318325,0,24,4719,2300,885,196,148
796,0.36,2018,0.6470588235294117,0.3893698689160241,0,6,3656,397,770,235,56
797,0.42,5612,0.7647058823529412,0.1865082726265006,0,30,2509,3236,643,217,9
798,0.18,3878,0.29411764705882354,0.2598189998650683,0,30,4681,2568,313,202,183
799,0.31,2402,0.5490196078431373,0.35482516528189867,0,15,4158,989,184,223,136
800,0.36,5285,0.6470588235294117,0.19841699587883233,0,39,153,3487,948,96,6
801,0.06,1538,0.058823529411764705,0.44322967210671105,0,20,3498,763,626,182,177
802,0.24,2144,0.4117647058823529,0.3773592284314592,0,15,1785,449,117,24,12
803,0.15,4341,0.23529411764705882,0.23744776861492256,0,33,2663,2948,756,145,130
804,0.12,1485,0.1764705882352941,0.45018261520305214,0,9,597,604,868,173,144
805,0.36,4652,0.6470588235294117,0.2237229660859339,0,30,4588,1987,104,162,78
806,0.33,3030,0.5882352941176472,0.30876149624128146,0,19,3838,857,555,224,114
807,0.27,3615,0.4705882352941177,0.27374852132575733,0,25,2532,2206,342,64,37
808,0.38,6634,0.6862745098039215,0.15332108494478103,0,46,4388,2709,764,203,83
809,0.28,6652,0.49019607843137253,0.15278357452091473,0,57,842,4661,240,190,146
810,0.17,3145,0.27450980392156865,0.30137320234074205,0,26,309,1561,451,230,177
811,0.1,609,0.13725490196078433,0.6268356984673976,0,10,1165,98,532,201,170
812,0.48,7253,0.8823529411764705,0.1356248367313655,0,13,1016,2081,469,191,3
813,0.28,5663,0.49019607843137253,0.1847137319943094,0,47,2957,3847,405,211,161
814,0.08,2529,0.09803921568627451,0.34460724939279663,0,23,2088,1326,535,62,56
815,0.2,1684,0.33333333333333337,0.425248056692313,0,13,923,486,323,151,103
816,0.4,7425,0.7254901960784313,0.13097544643044534,0,47,3415,3352,855,137,35
817,0.44,2957,0.803921568627451,0.31359835934674274,0,2,2697,213,582,158,3
818,0.1,745,0.13725490196078433,0.5869042056007259,0,11,2349,33,844,238,68
819,0.33,6233,0.5882352941176472,0.1656894965801583,0,51,3758,4330,887,188,133
820,0.39,4911,0.7058823529411764,0.21297578154246832,0,30,1209,1770,53,86,21
821,0.45,13829,0.823529411764706,0.007599263123258759,0,69,4880,3494,373,222,15
822,0.26,9638,0.45098039215686275,0.07922652446172107,0,66,101,4781,129,235,31
823,0.14,1042,0.21568627450980393,0.5204139261592984,0,5,1955,284,706,125,109
824,0.17,4966,0.27450980392156865,0.21076661767816995,0,37,1266,3437,978,84,77
825,0.17,5733,0.27450980392156865,0.1822767709484362,0,49,1185,3041,615,169,151
826,0.45,13787,0.823529411764706,0.008202699017094028,0,68,3773,557,449,69,5
827,0.33,2851,0.5882352941176472,0.3208385777263689,0,18,2594,1402,659,221,84
828,0.4,11109,0.7254901960784313,0.051047987963046215,0,60,4492,3711,238,110,37
829,0.4,8876,0.7254901960784313,0.09556557798121124,0,56,1605,4640,646,150,50
830,0.19,3108,0.3137254901960784,0.3037204191955609,0,25,4137,1855,181,135,119
831,0.11,641,0.1568627450980392,0.6166915876244714,0,9,2933,113,966,46,40
832,0.34,6081,0.607843137254902,0.1705869430625302,0,50,2147,4309,572,95,14
833,0.22,2843,0.37254901960784315,0.3213958841277462,0,23,2821,1790,493,179,141
834,0.26,3705,0.45098039215686275,0.26887089643867657,0,27,2178,2277,468,157,73
835,0.34,5605,0.607843137254902,0.1867558538403815,0,45,4217,3292,262,207,131
836,0.28,2372,0.49019607843137253,0.35731767229032296,0,16,828,932,678,60,24
837,0.13,5572,0.19607843137254902,0.18792720196027746,0,47,2518,3472,779,182,166
838,0.22,2446,0.37254901960784315,0.35122521425580555,0,20,2449,1074,161,82,52
839,0.07,986,0.07843137254901962,0.5313629633485553,0,13,3208,328,536,142,135
840,0.16,1979,0.2549019607843137,0.39323977754916273,0,16,4226,722,931,103,92
841,0.4,4051,0.7254901960784313,0.2511621320127979,0,20,1303,155,126,146,10
842,0.34,3137,0.607843137254902,0.30187836098012755,0,17,4979,891,273,129,58
843,0.08,2982,0.09803921568627451,0.311928588941773,0,26,1921,1580,246,225,210
844,0.2,2458,0.33333333333333337,0.350254641027417,0,21,3895,1307,971,218,184
845,0.23,4823,0.39215686274509803,0.21656242060173392,0,35,2481,3105,803,145,111
846,0.34,7207,0.607843137254902,0.13688696844289894,0,57,4448,4446,713,240,153
847,0.46,6888,0.8431372549019609,0.14586770317942843,0,18,591,1966,351,30,2
848,0.19,3764,0.3137254901960784,0.26573720635408915,0,29,4611,2187,106,78,70
849,0.38,5525,0.6862745098039215,0.18960751555873478,0,33,1431,2460,861,116,45
850,0.33,1449,0.5882352941176472,0.4550482774116682,0,6,1491,249,991,247,57
851,0.2,911,0.33333333333333337,0.5470426000962445,0,2,1698,34,503,105,21
852,0.23,1680,0.39215686274509803,0.4257195980870311,0,12,4255,796,726,205,157
853,0.08,5869,0.09803921568627451,0.17762600146636875,0,52,176,4076,413,137,126
854,0.39,7514,0.7058823529411764,0.12861176350902115,0,54,4795,1712,526,99,30
855,0.25,8771,0.43137254901960786,0.0979263174421342,0,64,4095,4823,784,73,61
856,0.46,10074,0.8431372549019609,0.07044931827948797,0,43,966,3748,831,210,7
857,0.33,1609,0.5882352941176472,0.4342815266217519,0,9,424,599,604,247,38
858,0.28,1853,0.49019607843137253,0.40628491321850035,0,11,4524,428,849,172,95
859,0.38,7347,0.6862745098039215,0.1330703994241037,0,56,3814,3528,591,132,63
860,0.07,4477,0.07843137254901962,0.23132879633448755,0,35,4338,2395,395,239,226
861,0.22,4269,0.37254901960784315,0.24076527932629777,0,31,4309,2884,649,188,163
862,0.27,1692,0.4705882352941177,0.4243083227936352,0,11,2814,689,570,117,63
863,0.22,1735,0.37254901960784315,0.4193321268089676,0,13,2306,810,817,33,15
864,0.05,925,0.03921568627450981,0.544020111524505,0,20,611,200,658,202,198
865,0.33,2248,0.5882352941176472,0.36796571320027593,0,10,1570,659,424,219,95
866,0.05,2823,0.03921568627450981,0.3227960377753354,0,26,843,1815,300,221,212
867,0.3,2151,0.5294117647058824,0.3767128203013337,0,14,420,1187,882,185,74
868,0.16,906,0.2549019607843137,0.5481333172382059,0,2,3328,136,741,167,115
869,0.32,2326,0.5686274509803922,0.3612013893336994,0,12,4678,538,191,198,94
870,0.16,1009,0.2549019607843137,0.5267926843331014,0,4,3929,377,554,54,48
871,0.17,5117,0.27450980392156865,0.2048249652748363,0,38,754,3532,467,199,175
872,0.38,7264,0.6862745098039215,0.13532420847179538,0,53,3671,3824,94,159,67
873,0.22,2644,0.37254901960784315,0.33578797753915324,0,22,3092,1566,350,132,102
874,0.08,1658,0.09803921568627451,0.42833330107604517,0,13,63,766,227,234,142
875,0.33,3612,0.5882352941176472,0.27391319220125154,0,22,2350,1767,102,204,40
876,0.45,11925,0.823529411764706,0.036986263791875196,0,55,1834,3937,341,239,12
877,0.38,4408,0.6862745098039215,0.23440968764363168,0,25,4285,1511,832,225,76
878,0.19,4791,0.3137254901960784,0.2178828976787025,0,36,1949,3314,980,166,150
879,0.07,269,0.07843137254901962,0.7885398119134179,0,2,4868,10,911,153,131
880,0.39,7091,0.7058823529411764,0.1401058516378918,0,48,1288,4464,776,211,80
881,0.26,2245,0.45098039215686275,0.3682305420917902,0,16,999,1017,364,67,37
882,0.34,2146,0.607843137254902,0.3771743253906439,0,8,4972,288,448,223,65
883,0.39,4840,0.7058823529411764,0.21586447552119925,0,29,3319,1521,653,83,22
884,0.25,6501,0.43137254901960786,0.15733847517653454,0,57,1374,4576,361,172,147
885,0.38,3203,0.6862745098039215,0.2977487692598322,0,14,1829,499,748,210,39
886,0.41,5045,0.7450980392156863,0.20763588759586737,0,29,2345,2704,945,237,5
887,0.17,1112,0.27450980392156865,0.5075262179300668,0,4,3666,387,999,126,103
888,0.28,3197,0.49019607843137253,0.2981206549327913,0,22,759,1970,622,228,156
889,0.39,5679,0.7058823529411764,0.18415406745271068,0,37,1195,2951,487,143,46
890,0.32,957,0.5686274509803922,0.5372797283072042,1,1,479,97,199,178,13
891,0.38,6278,0.6862745098039215,0.16426248768238794,0,43,484,4160,856,149,33
892,0.2,4735,0.33333333333333337,0.2202150935326347,0,35,2612,3201,729,250,210
893,0.05,5931,0.03921568627450981,0.17554144427892604,0,53,616,4262,253,235,226
894,0.4,5637,0.7254901960784313,0.18562656755600282,0,35,2541,3382,130,133,18
895,0.35,6261,0.6274509803921567,0.1648003743244848,0,48,3679,4005,553,214,129
896,0.4,5891,0.7254901960784313,0.17688381034994383,0,39,4425,698,891,189,25
897,0.27,3879,0.4705882352941177,0.25976785900940824,0,27,3553,1892,218,111,78
898,0.4,7797,0.7254901960784313,0.1212776210056089,0,51,3890,3445,677,224,59
899,0.19,2302,0.3137254901960784,0.3632582642411216,0,19,4314,1321,307,155,136
900,0.45,10624,0.823529411764706,0.059903790643333954,0,50,1004,4455,706,96,10
901,0.33,2253,0.5882352941176472,0.3675251157541901,0,11,1283,1027,184,240,123
902,0.26,3527,0.45098039215686275,0.27863658588269014,0,25,446,2343,979,69,42
903,0.4,3578,0.7254901960784313,0.2757890772124322,0,15,872,1605,840,151,31
904,0.27,4544,0.4705882352941177,0.22838230229363554,0,30,1083,3162,211,220,171
905,0.34,6369,0.607843137254902,0.16140774852511486,0,51,3323,4199,334,134,88
906,0.39,9199,0.7058823529411764,0.08847476340571492,0,61,4951,2922,508,56,15
907,0.3,4511,0.5294117647058824,0.22982809235032364,0,28,2662,3044,411,241,143
908,0.39,4169,0.7058823529411764,0.24546694362178023,0,21,2886,2033,541,141,32
909,0.26,3041,0.45098039215686275,0.30804276980641765,0,23,2299,1922,792,213,110
910,0.4,8117,0.7254901960784313,0.11329862373617228,0,53,1565,4722,518,248,75
911,0.46,10389,0.8431372549019609,0.06434120834028656,0,46,4192,2294,32,232,11
912,0.08,5067,0.09803921568627451,0.20677276168136471,0,38,35,2869,738,243,109
913,0.33,2380,0.5882352941176472,0.3566499360321428,0,12,2247,1297,153,107,26
914,0.25,6142,0.43137254901960786,0.16860697442486006,0,53,1693,4097,408,72,57
915,0.1,602,0.13725490196078433,0.6291255946853327,0,9,712,25,947,216,76
916,0.45,6850,0.823529411764706,0.14696512024822905,0,28,3183,2616,445,202,12
917,0.35,1428,0.6274509803921567,0.4579426808930307,0,4,2642,431,249,229,40
918,0.32,4719,0.5686274509803922,0.2208865017823035,0,32,537,3123,756,109,64
919,0.16,2550,0.2549019607843137,0.3429672400871302,0,23,2065,1550,357,245,52
920,0.44,9839,0.803921568627451,0.07513185778275677,0,51,1486,4312,87,218,22
921,0.38,6243,0.6862745098039215,0.16537149531247186,0,42,3601,2675,50,91,36
922,0.28,5358,0.49019607843137253,0.19569581292331262,0,43,180,3785,595,186,60
923,0.05,5114,0.03921568627450981,0.20494129535640715,0,39,2896,3572,971,209,199
924,0.08,2623,0.09803921568627451,0.33736947003422835,0,25,122,1487,807,159,131
925,0.22,2445,0.37254901960784315,0.35130631008707347,0,19,4379,1374,558,239,198
926,0.32,2180,0.5686274509803922,0.37405705597361627,0,11,2447,962,931,154,60
927,0.32,2645,0.5686274509803922,0.3357129819047563,0,15,4345,752,138,166,87
928,0.23,3993,0.39215686274509803,0.25402254820304704,0,30,2677,1975,968,26,16
929,0.22,5284,0.37254901960784315,0.19845453271527658,0,42,4918,3547,430,139,121
930,0.32,6859,0.5686274509803922,0.14670465656325093,0,55,381,4000,898,44,19
931,0.38,5573,0.6862745098039215,0.1878916047683934,0,35,1346,2806,194,153,67
932,0.47,12538,0.8627450980392156,0.02704183358650014,0,36,3797,224,698,136,3
933,0.4,7459,0.7254901960784313,0.1300691392993215,0,48,817,4552,788,242,38
934,0.19,2134,0.3137254901960784,0.37828633735416406,0,15,1780,1124,326,98,81
935,0.38,3775,0.6862745098039215,0.2651583940001091,0,18,244,2401,530,207,5
936,0.35,4570,0.6274509803921567,0.22725056937422583,0,29,4580,2201,780,131,73
937,0.08,814,0.09803921568627451,0.5693531591132561,0,12,2325,151,656,233,185
938,0.26,2714,0.45098039215686275,0.330605568570993,0,19,3693,1012,79,53,30
939,0.28,4507,0.49019607843137253,0.23000405772632382,0,28,1615,2897,912,198,155
940,0.35,7166,0.6274509803921567,0.13801871953069467,0,56,4060,4440,539,158,103
941,0.33,6590,0.5882352941176472,0.15464116266084782,0,53,2129,4775,269,146,13
942,0.38,5809,0.6862745098039215,0.17966438530512074,0,40,582,3748,178,215,52
943,0.13,3313,0.19607843137254902,0.2910515687086038,0,27,2169,2175,717,78,64
944,0.13,7057,0.19607843137254902,0.14105929972679143,0,61,1459,4937,976,106,98
945,0.41,3014,0.7450980392156863,0.30981158641179474,0,10,1102,864,391,250,23
946,0.39,7403,0.7058823529411764,0.13156409431547134,0,52,3988,2353,479,121,37
947,0.39,6716,0.7058823529411764,0.15088413432868775,0,46,3729,3300,876,234,80
948,0.39,9436,0.7058823529411764,0.08342850492414822,0,62,4138,4029,96,128,51
949,0.35,2844,0.6274509803921567,0.3213261351558784,0,14,3909,1202,983,246,128
950,0.44,8080,0.803921568627451,0.11420495719601731,0,37,774,3010,7,9,2
951,0.22,2516,0.37254901960784315,0.3456293290574517,0,21,1667,1457,610,145,116
952,0.28,6152,0.49019607843137253,0.16828426623979775,0,52,2207,4248,833,180,85
953,0.38,3658,0.6862745098039215,0.27140313572207475,0,17,3504,1267,857,194,58
954,0.34,5876,0.607843137254902,0.17738954844799326,0,48,1052,3830,349,208,122
955,0.39,4577,0.7058823529411764,0.226946971842246,0,27,1389,402,761,64,8
956,0.3,5166,0.5294117647058824,0.20293449954268428,0,39,3295,3498,222,185,137
957,0.25,2338,0.43137254901960786,0.3601808935642017,0,18,4848,913,619,86,55
958,0.34,6671,0.607843137254902,0.15221777781171952,0,53,330,4698,339,124,48
959,0.39,4818,0.7058823529411764,0.2167681667037923,0,28,1045,1942,97,89,20
960,0.05,6130,0.03921568627450981,0.16899491839419079,0,55,3124,4250,437,193,182
961,0.22,6967,0.37254901960784315,0.1436054754619639,0,60,1680,4648,859,31,27
962,0.07,5730,0.07843137254901962,0.1823806004920714,0,49,1187,4038,636,235,219
963,0.4,6556,0.7254901960784313,0.15566727268261515,0,44,3159,3627,759,149,40
964,0.41,2454,0.7450980392156863,0.3505776381658047,0,7,2580,827,551,185,11
965,0.26,5469,0.45098039215686275,0.19162835025647917,0,45,1536,3620,473,230,193
966,0.39,4545,0.7058823529411764,0.22833865452128144,0,26,597,2571,620,140,24
967,0.04,6561,0.019607843137254905,0.15551604091339422,0,58,2576,4777,993,226,220
968,0.32,1447,0.5686274509803922,0.45532212279459827,0,7,1157,323,815,168,52
969,0.44,12345,0.803921568627451,0.030119362284459217,0,60,4052,1332,789,48,6
970,0.34,4963,0.607843137254902,0.2108864853377026,0,35,3707,2904,328,183,113
971,0.19,816,0.3137254901960784,0.5688668820354229,1,1,2971,143,116,157,80
972,0.4,6667,0.7254901960784313,0.15233675889380693,0,45,1792,3104,77,232,61
973,0.3,2667,0.5294117647058824,0.3340702096793131,0,17,811,1532,536,119,72
974,0.32,1819,0.5686274509803922,0.4099571096383482,0,10,4321,512,566,247,121
975,0.44,10520,0.803921568627451,0.06185535264145914,0,55,3438,3959,44,103,15
976,0.28,3023,0.49019607843137253,0.30922022696225726,0,21,2702,1745,268,76,44
977,0.3,4190,0.5294117647058824,0.24447030956404414,0,26,3359,2801,547,228,165
978,0.2,1374,0.33333333333333337,0.46558531712515183,0,7,2781,562,771,201,137
979,0.2,3360,0.33333333333333337,0.28825756161201277,0,27,375,2103,648,163,122
980,0.26,5147,0.45098039215686275,0.20366540061559835,0,38,408,3544,842,250,148
981,0.32,5655,0.5686274509803922,0.18499415740980707,0,46,2689,3799,719,149,95
982,0.16,1611,0.2549019607843137,0.4340352187708315,0,11,967,754,601,215,177
983,0.46,8855,0.8431372549019609,0.09603548401682871,0,30,831,4167,481,160,6
984,0.13,1854,0.19607843137254902,0.40617792969019517,0,15,2859,972,332,233,205
985,0.32,2513,0.5686274509803922,0.34586594321600883,0,14,296,1381,205,133,38
986,0.35,3696,0.6274509803921567,0.26935329800982677,0,20,4555,1502,458,204,104
987,0.2,1233,0.33333333333333337,0.48705087237700384,0,4,3717,303,628,95,61
988,0.39,8433,0.7058823529411764,0.10572221987550035,0,59,3995,4356,228,240,73
989,0.44,6617,0.803921568627451,0.15383007430164475,0,29,1446,1794,727,224,13
990,0.35,2240,0.6274509803921567,0.3686727106466261,0,7,545,1108,505,219,46
991,0.41,5926,0.7450980392156863,0.17570874418633042,0,34,4789,1913,897,239,50
992,0.3,5151,0.5294117647058824,0.20351130278382468,0,38,2655,3465,497,103,70
993,0.45,14118,0.823529411764706,0.0034960810580505486,0,71,4074,4727,671,211,16
994,0.07,381,0.07843137254901962,0.7196949507256234,0,7,3975,35,286,172,158
995,0.27,6324,0.4705882352941177,0.16281429914712486,0,56,2259,4477,402,221,115
996,0.04,4479,0.019607843137254905,0.23124020470611906,0,36,174,2977,278,216,201
997,0.39,7166,0.7058823529411764,0.13801871953069467,0,51,2924,4678,152,177,58
998,0.41,6859,0.7450980392156863,0.14670465656325093,0,40,3438,2435,410,142,25
999,0.34,2730,0.607843137254902,0.32943978659953155,0,15,4412,625,315,147,58
1000,0.23,3941,0.39215686274509803,0.2566225978429053,0,29,4366,2498,992,196,166
1001,0.19,949,0.3137254901960784,0.5389434776664335,0,3,1308,172,616,158,93
1002,0.05,4403,0.03921568627450981,0.2346348107228572,0,34,2019,3031,827,131,123
1003,0.22,2934,0.37254901960784315,0.31514705949423505,0,24,422,1478,290,18,10
1004,0.35,7148,0.6274509803921567,0.13851763248874494,0,55,4887,4615,701,231,135
1005,0.33,2770,0.5882352941176472,0.32655495280845903,0,16,4958,996,758,179,96
1006,0.3,2738,0.5294117647058824,0.3288594543439034,0,18,1888,1366,631,218,148
1007,0.3,5923,0.5294117647058824,0.17580919188829924,0,49,1349,4181,937,245,178
1008,0.38,6485,0.6862745098039215,0.157827298210224,0,44,4229,3147,560,144,66
1009,0.47,11273,0.8627450980392156,0.0481407026011218,0,32,1856,739,52,130,5
1010,0.4,7564,0.7254901960784313,0.1272961025310242,0,50,4680,2127,597,101,28
1011,0.34,2624,0.607843137254902,0.337293874320441,0,13,1012,1317,957,234,100
1012,0.47,4973,0.8627450980392156,0.2104872077860903,0,4,2830,1648,227,214,3
1013,0.28,2890,0.49019607843137253,0.31814390388510727,0,20,2323,1838,474,138,75
1014,0.34,6079,0.607843137254902,0.17065219580064017,0,49,1627,4024,219,166,109
1015,0.3,5682,0.5294117647058824,0.1840493058828555,0,47,4028,3651,342,188,149
1016,0.41,5706,0.7450980392156863,0.1832131988048007,0,32,4176,1430,704,182,41
1017,0.33,1341,0.5882352941176472,0.47040501037088045,0,4,3223,50,867,242,17
1018,0.34,4021,0.607843137254902,0.252636507996033,0,23,674,2624,370,226,85
1019,0.39,5149,0.7058823529411764,0.20358833673875665,0,31,1576,1696,767,114,35
1020,0.25,3121,0.43137254901960786,0.30289255334033816,0,24,3021,1927,439,168,129
1021,0.27,3452,0.4705882352941177,0.28289976985814613,0,24,3942,1957,148,152,114
1022,0.28,1290,0.49019607843137253,0.4780918421712623,0,5,1656,376,271,237,130
1023,0.25,7735,0.43137254901960786,0.12286136300654638,0,61,3653,3529,750,15,8
1024,0.39,9165,0.7058823529411764,0.08920934251415591,0,60,4617,4840,421,187,79
1025,0.32,7149,0.5686274509803922,0.13848988216372116,0,57,204,4952,172,227,32
1026,0.11,1731,0.1568627450980392,0.4197897993266487,0,14,2357,880,695,122,105
1027,0.41,7288,0.7450980392156863,0.13466986917283452,0,43,4289,1137,489,73,14
1028,0.27,4479,0.4705882352941177,0.23124020470611906,0,28,1020,3079,524,178,139
1029,0.35,3794,0.6274509803921567,0.2641625873869967,0,21,2753,2370,659,244,88
1030,0.39,7502,0.7058823529411764,0.12892882462074107,0,53,4964,3317,197,108,45
1031,0.34,5807,0.607843137254902,0.1797326934305793,0,46,438,4073,728,199,68
1032,0.07,1632,0.07843137254901962,0.4314672815861491,0,15,38,748,888,55,39
1033,0.14,4597,0.21568627450980393,0.22608210147339924,0,34,2490,3120,258,159,141
1034,0.16,2776,0.2549019607843137,0.3261258229761954,0,24,2057,1762,537,222,46
1035,0.26,2933,0.45098039215686275,0.3152146692915955,0,22,3444,1661,895,131,97
1036,0.28,2171,0.49019607843137253,0.37487746078879836,0,15,703,1168,682,209,127
1037,0.23,1255,0.39215686274509803,0.48354490093261915,0,5,3979,200,79,121,61
1038,0.35,2688,0.6274509803921567,0.33251469679545265,0,13,284,1556,31,181,17
1039,0.26,3633,0.45098039215686275,0.27276335597138024,0,26,2088,2249,910,173,23
1040,0.39,8056,0.7058823529411764,0.11479507075071271,0,57,1550,4395,650,137,53
1041,0.23,4612,0.39215686274509803,0.2254359139026051,0,32,4107,2968,777,222,191
1042,0.25,2858,0.43137254901960786,0.3203522155010021,0,21,4432,1699,498,232,190
1043,0.32,6282,0.5686274509803922,0.16413613776668023,0,52,974,4198,641,109,76
1044,0.3,2056,0.5294117647058824,0.3856704309973753,0,13,2217,1098,210,184,34
1045,0.38,4533,0.6862745098039215,0.22886306261980927,0,26,3186,2311,476,172,54
1046,0.46,9430,0.8431372549019609,0.08355468742687577,0,35,2976,3900,99,129,7
1047,0.07,572,0.07843137254901962,0.6392502887198235,0,9,2782,43,815,192,164
1048,0.33,3505,0.5882352941176472,0.2798776535819496,0,21,582,2128,606,145,68
1049,0.33,6377,0.5882352941176472,0.16115873569238282,0,52,753,4318,983,187,115
1050,0.4,5717,0.7254901960784313,0.18283115747313583,0,36,1995,1013,430,107,24
1051,0.33,5489,0.5882352941176472,0.19090425840006553,0,42,3539,3512,693,233,148
1052,0.41,9462,0.7450980392156863,0.082882639536496,0,50,4992,4107,588,213,56
1053,0.45,8857,0.823529411764706,0.0959906830798799,0,40,3845,1951,966,240,9
1054,0.39,6476,0.7058823529411764,0.158102791355764,0,43,1275,3919,459,224,73
1055,0.19,1365,0.3137254901960784,0.46688821019552873,0,7,1919,537,660,149,115
1056,0.14,982,0.21568627450980393,0.5321686535864767,0,4,117,292,152,202,74
1057,0.35,6075,0.6274509803921567,0.17078276569573425,0,47,1226,3732,279,220,121
1058,0.27,2892,0.4705882352941177,0.3180066971379827,0,21,2463,1598,818,50,23
1059,0.33,2434,0.5882352941176472,0.35220055885885126,0,13,3289,1075,346,215,108
1060,0.35,4240,0.6274509803921567,0.24211732956044896,0,24,2874,2635,224,241,92
1061,0.35,1941,0.6274509803921567,0.3970844853361013,0,6,444,892,732,226,31
1062,0.39,5572,0.7058823529411764,0.18792720196027746,0,33,898,3053,854,200,46
1063,0.04,7098,0.019607843137254905,0.1399101209985173,0,63,2018,4956,989,247,126
1064,0.35,5303,0.6274509803921567,0.19774254441311834,0,40,4784,2881,718,169,98
1065,0.26,1935,0.45098039215686275,0.3976984134642455,0,13,4057,676,840,128,82
1066,0.26,5722,0.45098039215686275,0.18265774521803102,0,48,2794,3991,254,83,63
1067,0.07,4445,0.07843137254901962,0.23275166893907484,0,34,1878,3264,489,59,58
1068,0.34,2714,0.607843137254902,0.330605568570993,0,14,639,1442,917,228,86
1069,0.32,7205,0.5686274509803922,0.13694202628935592,0,58,547,4847,548,193,102
1070,0.4,3903,0.7254901960784313,0.2585444166016043,0,18,3094,1630,40,208,37
1071,0.44,8778,0.803921568627451,0.09776805788852672,0,44,3226,4425,409,244,21
1072,0.05,6027,0.03921568627450981,0.1723563439255621,0,54,2267,4355,378,211,208
1073,0.39,8228,0.7058823529411764,0.11060420350594025,0,58,4525,3443,169,134,55
1074,0.2,6499,0.33333333333333337,0.15739951223237225,0,57,3053,4669,867,119,105
1075,0.39,7093,0.7058823529411764,0.14004990889159297,0,49,1748,3332,788,183,68
1076,0.33,2803,0.5882352941176472,0.32420614284718907,0,17,506,1334,376,103,41
1077,0.32,5962,0.5686274509803922,0.1745073218197415,0,49,3962,3836,513,230,163
1078,0.39,7868,0.7058823529411764,0.119479374529183,0,56,677,4798,246,69,25
1079,0.39,3243,0.7058823529411764,0.2952871874543671,0,14,2833,1144,927,90,20
1080,0.3,5193,0.5294117647058824,0.2019004607947672,0,40,1290,3645,196,212,154
1081,0.11,5763,0.1568627450980392,0.18124145316107199,0,50,4095,4148,483,135,125
1082,0.11,960,0.1568627450980392,0.5366594017515118,0,10,2369,224,316,240,169
1083,0.4,6161,0.7254901960784313,0.1679942769821764,0,41,3327,2724,549,118,35
1084,0.14,778,0.21568627450980393,0.5783163321269809,0,3,1184,67,576,76,53
1085,0.34,3364,0.607843137254902,0.28802158067615236,0,18,1396,1804,392,176,103
1086,0.19,1280,0.3137254901960784,0.479634625594036,0,6,2545,504,440,112,70
1087,0.26,4669,0.45098039215686275,0.2229994179015392,0,32,1588,3005,675,239,196
1088,0.41,10455,0.7450980392156863,0.06308489956641661,0,57,3808,4827,900,160,43
1089,0.41,6678,0.7450980392156863,0.15200973245686944,0,39,4877,1387,530,141,28
1090,0.28,6459,0.49019607843137253,0.15862421333377008,0,56,171,4285,90,234,50
1091,0.33,3466,0.5882352941176472,0.28209699035881,0,20,2758,2191,581,250,111
1092,0.39,7152,0.7058823529411764,0.13840665446966638,0,50,3564,3785,961,206,65
1093,0.34,5810,0.607843137254902,0.1796302400596299,0,47,2178,4043,595,178,14
1094,0.38,5710,0.6862745098039215,0.18307418955165566,0,39,1645,2483,974,150,61
1095,0.32,3488,0.5686274509803922,0.280842006051944,0,21,2073,1641,1000,192,1
1096,0.13,494,0.19607843137254902,0.6682818936048953,0,4,4849,1,675,136,5
1097,0.05,825,0.03921568627450981,0.5666932649983407,0,19,1,1,362,130,1
1098,0.41,7063,0.7450980392156863,0.14089071089203198,0,42,1143,1084,1000,66,10
1099,0.12,1407,0.1764705882352941,0.46087993575070174,0,8,27,440,680,126,10
1100,0.43,3620,0.7843137254901961,0.2734743732257128,0,12,793,815,1000,134,10
1101,0.03,2311,0.0,0.3624844350755516,0,22,1,639,1000,145,6
1102,0.3,1154,0.5294117647058824,0.5001771944974618,0,3,170,74,1000,127,5
1103,0.03,2469,0.0,0.3493691007328693,0,23,1,1070,2,196,1
1104,0.05,635,0.03921568627450981,0.6185545210154341,0,18,1,1,2,141,1
1105,0.11,325,0.1568627450980392,0.7511461093589278,0,2,1029,1,1000,133,10
1106,0.03,2670,0.0,0.33384724548828626,0,26,1,1152,53,135,10
1107,0.4,3566,0.7254901960784313,0.2764554118385496,0,14,418,1212,1000,117,10
1108,0.3,2370,0.5294117647058824,0.35748495809149383,0,15,122,863,595,145,10
1109,0.1,344,0.13725490196078433,0.7399072837570517,0,3,685,1,858,136,10
1110,0.35,6598,0.6274509803921567,0.15440049430874703,0,50,1335,1,928,140,1
1111,0.09,308,0.11764705882352941,0.7617716912800326,0,2,2529,1,870,134,10
1112,0.1,299,0.13725490196078433,0.7676361856793461,1,1,3046,1,771,129,10
1113,0.29,1646,0.5098039215686274,0.42977360466780334,0,10,364,1,2,127,1
1114,0.12,348,0.1764705882352941,0.7376202157980273,1,1,3701,1,1000,145,10
1115,0.1,353,0.13725490196078433,0.7347979641057744,0,4,2924,1,680,124,10
1116,0.12,386,0.1764705882352941,0.7171149280425355,0,5,1547,1,939,144,10
1117,0.13,369,0.19607843137254902,0.7260274334262945,0,2,3364,1,911,138,10
1118,0.12,385,0.1764705882352941,0.717628255491729,0,4,1788,1,748,130,10
1119,0.12,420,0.1764705882352941,0.7004079530711452,0,7,4476,1,868,132,10
1120,0.33,3668,0.5882352941176472,0.27086164808127344,0,23,2766,1,979,142,1
1121,0.35,5075,0.6274509803921567,0.20645982636659044,0,37,3035,1,2,125,1
1122,0.12,372,0.1764705882352941,0.724425263628592,0,3,1271,1,997,150,10
1123,0.31,2340,0.5490196078431373,0.3600113200936783,0,13,2481,1,2,140,1
1124,0.13,360,0.19607843137254902,0.7309130661669307,1,1,4372,1,1000,148,10
1125,0.37,6742,0.6666666666666666,0.15011765125660192,0,47,4607,76,22,127,10
1126,0.11,320,0.1568627450980392,0.7542126456523377,1,1,3188,1,891,135,10
1127,0.27,5605,0.4705882352941177,0.1867558538403815,0,46,1268,1519,111,14,5
1128,0.39,5671,0.7058823529411764,0.18443370238051748,0,36,3463,253,280,85,8
1129,0.25,2254,0.43137254901960786,0.3674371135578328,0,17,50,1171,880,184,3
1130,0.29,2972,0.5098039215686274,0.3125948116914834,0,19,117,1426,438,52,9
