index,ACCURACY,RUNTIME,transformed_accuracy,transformed_runtime,is_pareto,pareto_layer,recent_samples_size,n_samples,n_clusters,threshold
0,0.71,10,0.7142857142857141,0.8004860256948938,0,8,264,338,6,0.753
1,0.7,45,0.6428571428571426,0.5807849683842385,0,44,2742,2517,1,0.247
2,0.72,7,0.7857142857142856,0.8493868196741818,0,4,3856,2447,9,0.997
3,0.61,191,0.0,0.3613744636340326,0,114,1720,4831,3,0.277
4,0.73,41,0.857142857142857,0.5947543201275594,0,37,1915,1286,3,0.376
5,0.73,111,0.857142857142857,0.4441411398017413,0,84,4188,140,5,0.669
6,0.68,39,0.5000000000000004,0.6022463905074067,0,39,3408,4374,1,0.714
7,0.68,22,0.5000000000000004,0.6872225577785664,0,23,1208,1452,6,0.462
8,0.71,6,0.7142857142857141,0.8698914973790529,0,4,1986,3206,4,0.939
9,0.73,67,0.857142857142857,0.5207647175069332,0,60,4805,968,10,0.189
10,0.68,104,0.5000000000000004,0.4540514803551122,0,85,4474,4745,5,0.397
11,0.7,60,0.6428571428571426,0.5374462023160376,0,58,2318,2018,9,0.644
12,0.69,49,0.5714285714285711,0.5679811401292874,0,48,916,2679,1,0.141
13,0.72,28,0.7857142857142856,0.6516278014123285,0,25,3702,558,6,0.888
14,0.67,78,0.42857142857142894,0.49774036095082197,0,75,2864,3497,9,0.821
15,0.71,41,0.7142857142857141,0.5947543201275594,0,39,24,756,3,0.074
16,0.69,113,0.5714285714285711,0.4414232461528954,0,88,1744,3922,8,0.579
17,0.71,92,0.7142857142857141,0.4726872873361475,0,79,1363,2862,10,0.421
18,0.67,5,0.42857142857142894,0.8935624106056721,0,7,580,2441,1,0.926
19,0.69,132,0.5714285714285711,0.4177523329262762,0,95,2776,4557,6,0.179
20,0.69,88,0.5714285714285711,0.47943813190484186,0,80,4989,3981,7,0.851
21,0.74,66,0.9285714285714285,0.5230396773738504,0,51,3562,1062,5,0.101
22,0.67,176,0.42857142857142894,0.3738656545586274,0,111,845,3679,10,0.626
23,0.72,44,0.7857142857142856,0.5841599829760593,0,41,873,1414,8,0.89
24,0.69,127,0.5714285714285711,0.42363646209687034,0,93,3473,3798,2,0.367
25,0.72,56,0.7857142857142856,0.5478608355472233,0,53,4863,1250,10,0.616
26,0.68,76,0.5000000000000004,0.5016779352167811,0,72,1985,3555,5,0.143
27,0.72,32,0.7857142857142856,0.6317864378377281,0,29,3069,824,2,0.469
28,0.64,129,0.21428571428571447,0.4212556859980986,0,99,289,3742,6,0.721
29,0.73,44,0.857142857142857,0.5841599829760593,0,40,1696,1600,5,0.245
30,0.62,146,0.07142857142857148,0.40238381904377474,0,105,3856,3834,10,0.995
31,0.71,26,0.7142857142857141,0.6626008242856689,0,24,1840,1689,1,0.249
32,0.69,37,0.5714285714285711,0.6101228340100611,0,37,5000,2641,1,0.985
33,0.72,26,0.7857142857142856,0.6626008242856689,0,23,1091,954,3,0.693
34,0.72,24,0.7857142857142856,0.6744187295236153,0,21,5000,1745,1,0.662
35,0.73,33,0.857142857142857,0.6272023069012611,0,29,4792,944,1,0.491
36,0.7,370,0.6428571428571426,0.26022545195288305,0,113,5000,2452,10,0.001
37,0.71,12,0.7142857142857141,0.7748337045592015,0,10,3667,1854,1,0.535
38,0.7,455,0.6428571428571426,0.2285480673642396,0,116,3976,5000,10,0.163
39,0.7,8,0.6428571428571426,0.8313004121428345,0,7,1,528,2,0.989
40,0.72,20,0.7857142857142856,0.7011919095218873,0,17,5000,722,6,0.999
41,0.72,35,0.7857142857142856,0.6184252333541786,0,32,4243,625,10,0.999
42,0.71,24,0.7142857142857141,0.6744187295236153,0,22,3856,1697,6,0.999
43,0.69,281,0.5714285714285711,0.3023453631564964,0,114,4790,3409,10,0.001
44,0.66,336,0.35714285714285743,0.27498521585128044,0,117,2463,3198,10,0.001
45,0.71,2,0.7142857142857141,1.0,1,1,1,987,1,0.999
46,0.66,402,0.35714285714285743,0.24752099189534904,0,120,4428,5000,10,0.001
47,0.71,4,0.7142857142857141,0.9215591586903905,0,2,1,330,1,0.408
48,0.74,18,0.9285714285714285,0.716560423404389,0,11,2723,262,1,0.103
49,0.72,122,0.7857142857142856,0.4297550795737022,0,90,5000,412,9,0.001
50,0.68,107,0.5000000000000004,0.449725645497013,0,86,1,4571,5,0.771
51,0.73,29,0.857142857142857,0.646421981438897,0,25,5000,1425,3,0.842
52,0.71,45,0.7142857142857141,0.5807849683842385,0,43,4962,2775,10,0.893
53,0.72,8,0.7857142857142856,0.8313004121428345,0,5,2190,421,1,0.497
54,0.72,23,0.7857142857142856,0.6806872318170163,0,20,1,225,6,0.001
55,0.74,107,0.9285714285714285,0.449725645497013,0,63,2488,39,10,0.001
56,0.71,26,0.7142857142857141,0.6626008242856689,0,24,4337,2863,1,0.671
57,0.71,14,0.7142857142857141,0.7528595708332249,0,12,5000,1330,1,0.999
58,0.68,7,0.5000000000000004,0.8493868196741818,0,8,1,366,10,0.953
59,0.7,6,0.6428571428571426,0.8698914973790529,0,5,141,497,1,0.611
60,0.71,6,0.7142857142857141,0.8698914973790529,0,4,1,262,1,0.03
61,0.73,54,0.857142857142857,0.5533455965281187,0,50,5000,351,1,0.001
62,0.72,53,0.7857142857142856,0.556163234891341,0,50,4856,1643,5,0.703
63,0.7,76,0.6428571428571426,0.5016779352167811,0,71,5000,514,6,0.001
64,0.73,70,0.857142857142857,0.5141353290723755,0,63,4315,262,10,0.001
65,0.74,26,0.9285714285714285,0.6626008242856689,0,19,5000,581,1,0.701
66,0.69,16,0.5714285714285711,0.733639896295589,0,16,1,4742,6,0.999
67,0.75,32,1.0,0.6317864378377281,0,6,113,27,3,0.147
68,0.67,410,0.42857142857142894,0.24450257564608147,0,120,4566,2125,1,0.001
69,0.73,92,0.857142857142857,0.4726872873361475,0,77,1934,463,10,0.001
70,0.74,20,0.9285714285714285,0.7011919095218873,0,13,707,210,1,0.288
71,0.71,69,0.7142857142857141,0.5163134788179498,0,63,5000,2521,10,0.999
72,0.69,26,0.5714285714285711,0.6626008242856689,0,26,4136,2911,1,0.855
73,0.69,65,0.5714285714285711,0.5253488484434004,0,63,2523,4031,1,0.214
74,0.73,243,0.857142857142857,0.32457102352738176,0,96,1508,51,1,0.506
75,0.67,93,0.42857142857142894,0.47104495101366195,0,85,235,4061,1,0.214
76,0.62,41,0.07142857142857148,0.5947543201275594,0,45,236,2964,1,0.888
77,0.73,121,0.857142857142857,0.43100861292170967,0,89,2720,38,1,0.37
78,0.68,86,0.5000000000000004,0.482928213555163,0,78,4957,3940,1,0.21
79,0.68,19,0.5000000000000004,0.7086839799017346,0,20,1208,5000,1,0.572
80,0.74,143,0.9285714285714285,0.40555005456552284,0,65,1979,86,1,0.001
81,0.66,10,0.35714285714285743,0.8004860256948938,0,12,26,854,1,0.799
82,0.74,51,0.9285714285714285,0.5619585257705456,0,38,3169,149,10,0.816
83,0.69,147,0.5714285714285711,0.4013427507687961,0,102,1289,4295,1,0.229
84,0.73,99,0.857142857142857,0.46154355073495945,0,80,1971,137,10,0.236
85,0.69,21,0.5714285714285711,0.6940484363005659,0,21,4914,5000,1,0.617
86,0.69,118,0.5714285714285711,0.4348318058174764,0,90,70,3340,1,0.196
87,0.65,5,0.2857142857142859,0.8935624106056721,0,9,1,3134,1,0.881
88,0.69,136,0.5714285714285711,0.413202163503247,0,97,2369,3762,1,0.201
89,0.71,27,0.7142857142857141,0.657016318590397,0,25,1905,2874,1,0.834
90,0.71,4,0.7142857142857141,0.9215591586903905,0,2,1325,5000,1,0.904
91,0.67,46,0.42857142857142894,0.57748254040799,0,48,4887,4134,1,0.248
92,0.74,51,0.9285714285714285,0.5619585257705456,0,38,4184,279,1,0.882
93,0.72,15,0.7857142857142856,0.7429492302798539,0,12,2257,428,1,0.217
94,0.73,22,0.857142857142857,0.6872225577785664,0,18,4324,1265,1,0.62
95,0.73,23,0.857142857142857,0.6806872318170163,0,19,3312,355,1,0.999
96,0.73,49,0.857142857142857,0.5679811401292874,0,45,4338,343,1,0.661
97,0.72,48,0.7857142857142856,0.5710834069009402,0,45,5000,776,10,0.537
98,0.72,18,0.7857142857142856,0.716560423404389,0,15,4198,764,1,0.999
99,0.73,67,0.857142857142857,0.5207647175069332,0,60,1821,167,1,0.186
100,0.72,22,0.7857142857142856,0.6872225577785664,0,19,4716,803,1,0.679
101,0.71,36,0.7142857142857141,0.6142179295574519,0,34,4205,664,10,0.354
102,0.72,24,0.7857142857142856,0.6744187295236153,0,21,4847,1288,10,0.648
103,0.73,25,0.857142857142857,0.6683961151648736,0,21,3241,360,1,0.213
104,0.71,44,0.7142857142857141,0.5841599829760593,0,42,5000,1313,10,0.999
105,0.73,12,0.857142857142857,0.7748337045592015,0,8,2466,305,1,0.855
106,0.71,20,0.7142857142857141,0.7011919095218873,0,18,5000,1328,1,0.569
107,0.73,31,0.857142857142857,0.636511640885526,0,27,5000,374,1,0.999
108,0.73,53,0.857142857142857,0.556163234891341,0,49,3019,124,1,0.199
109,0.73,71,0.857142857142857,0.5119876439598507,0,64,3109,102,1,0.938
110,0.73,28,0.857142857142857,0.6516278014123285,0,24,1169,420,1,0.162
111,0.73,14,0.857142857142857,0.7528595708332249,0,10,4884,1173,1,0.776
112,0.74,31,0.9285714285714285,0.636511640885526,0,24,1853,376,1,0.59
113,0.72,58,0.7857142857142856,0.542565242415793,0,55,4788,885,10,0.624
114,0.73,115,0.857142857142857,0.43875262262367276,0,86,4532,126,1,0.943
115,0.72,27,0.7857142857142856,0.657016318590397,0,24,1741,505,1,0.262
116,0.7,140,0.6428571428571426,0.4087829525508243,0,97,4463,810,10,0.001
117,0.73,21,0.857142857142857,0.6940484363005659,0,17,5000,1745,1,0.999
118,0.74,22,0.9285714285714285,0.6872225577785664,0,15,3390,468,1,0.413
119,0.73,21,0.857142857142857,0.6940484363005659,0,17,2794,464,7,0.463
120,0.73,16,0.857142857142857,0.733639896295589,0,12,4960,738,1,0.849
121,0.71,66,0.7142857142857141,0.5230396773738504,0,62,643,402,1,0.001
122,0.72,46,0.7857142857142856,0.57748254040799,0,43,5000,2022,1,0.751
123,0.73,22,0.857142857142857,0.6872225577785664,0,18,5000,569,1,0.999
124,0.73,35,0.857142857142857,0.6184252333541786,0,31,1517,276,10,0.763
125,0.71,12,0.7142857142857141,0.7748337045592015,0,10,5000,1123,1,0.999
126,0.73,23,0.857142857142857,0.6806872318170163,0,19,3247,383,1,0.361
127,0.72,25,0.7857142857142856,0.6683961151648736,0,22,2892,471,10,0.554
128,0.73,32,0.857142857142857,0.6317864378377281,0,28,4850,534,1,0.433
129,0.73,18,0.857142857142857,0.716560423404389,0,14,924,339,1,0.809
130,0.74,12,0.9285714285714285,0.7748337045592015,0,6,4634,1206,1,0.928
131,0.73,28,0.857142857142857,0.6516278014123285,0,24,2876,197,1,0.821
132,0.73,11,0.857142857142857,0.7871248212113442,0,7,4738,1930,1,0.902
133,0.74,11,0.9285714285714285,0.7871248212113442,0,5,2346,266,7,0.804
134,0.71,26,0.7142857142857141,0.6626008242856689,0,24,4654,1472,10,0.532
135,0.72,11,0.7857142857142856,0.7871248212113442,0,8,5000,2537,1,0.775
136,0.74,29,0.9285714285714285,0.646421981438897,0,22,3117,446,10,0.43
137,0.74,40,0.9285714285714285,0.5984546674308676,0,31,4900,438,10,0.611
138,0.72,30,0.7857142857142856,0.6413868751933132,0,27,4317,481,5,0.434
139,0.73,30,0.857142857142857,0.6413868751933132,0,26,1903,462,1,0.422
140,0.72,23,0.7857142857142856,0.6806872318170163,0,20,1,5000,10,0.999
141,0.69,207,0.5714285714285711,0.3490833469818899,0,108,208,5000,10,0.732
142,0.72,23,0.7857142857142856,0.6806872318170163,0,20,4954,2393,1,0.844
143,0.71,43,0.7142857142857141,0.587610846906238,0,41,4216,1994,1,0.41
144,0.68,7,0.5000000000000004,0.8493868196741818,0,8,3663,2472,10,0.677
145,0.72,43,0.7857142857142856,0.587610846906238,0,40,4693,2554,1,0.602
146,0.71,31,0.7142857142857141,0.636511640885526,0,29,4546,3046,10,0.722
147,0.7,18,0.6428571428571426,0.716560423404389,0,17,5000,1929,10,0.998
148,0.73,26,0.857142857142857,0.6626008242856689,0,22,4451,1773,10,0.429
149,0.69,15,0.5714285714285711,0.7429492302798539,0,15,4163,2425,10,0.8
150,0.74,21,0.9285714285714285,0.6940484363005659,0,14,2660,409,10,0.999
151,0.7,3,0.6428571428571426,0.9558244090685097,0,2,2005,1230,1,0.888
152,0.7,8,0.6428571428571426,0.8313004121428345,0,7,4678,2354,1,0.727
153,0.69,23,0.5714285714285711,0.6806872318170163,0,22,377,4958,1,0.719
154,0.72,57,0.7857142857142856,0.5451902120180008,0,54,4502,2060,10,0.984
155,0.71,44,0.7142857142857141,0.5841599829760593,0,42,4460,2059,10,0.418
156,0.72,71,0.7857142857142856,0.5119876439598507,0,65,4933,2652,1,0.821
157,0.72,8,0.7857142857142856,0.8313004121428345,0,5,5000,1960,1,0.456
158,0.7,9,0.6428571428571426,0.8151215692960625,0,8,4948,3103,1,0.753
159,0.67,63,0.42857142857142894,0.5300740514911982,0,64,4895,2543,10,0.62
160,0.69,6,0.5714285714285711,0.8698914973790529,0,6,4665,3222,1,0.839
161,0.7,28,0.6428571428571426,0.6516278014123285,0,27,3382,2834,1,0.223
162,0.71,20,0.7142857142857141,0.7011919095218873,0,18,5000,1490,1,0.999
163,0.72,87,0.7857142857142856,0.48117325751191,0,76,4874,1157,10,0.841
164,0.72,48,0.7857142857142856,0.5710834069009402,0,45,4709,2739,10,0.684
165,0.71,24,0.7142857142857141,0.6744187295236153,0,22,4135,3093,1,0.386
166,0.73,13,0.857142857142857,0.763453907984725,0,9,586,400,5,0.999
167,0.73,26,0.857142857142857,0.6626008242856689,0,22,5000,3048,6,0.999
168,0.67,6,0.42857142857142894,0.8698914973790529,0,8,2465,1238,1,0.999
169,0.72,24,0.7857142857142856,0.6744187295236153,0,21,4746,3040,1,0.562
170,0.72,28,0.7857142857142856,0.6516278014123285,0,25,3343,1429,1,0.685
171,0.71,2,0.7142857142857141,1.0,1,1,1,5000,1,0.999
172,0.7,9,0.6428571428571426,0.8151215692960625,0,8,4094,2358,6,0.737
173,0.72,6,0.7857142857142856,0.8698914973790529,0,3,34,350,3,0.825
174,0.73,19,0.857142857142857,0.7086839799017346,0,15,5000,3119,10,0.999
175,0.72,12,0.7857142857142856,0.7748337045592015,0,9,4791,978,1,0.999
176,0.63,11,0.14285714285714296,0.7871248212113442,0,14,1,432,5,0.529
177,0.69,25,0.5714285714285711,0.6683961151648736,0,25,5000,3042,1,0.999
178,0.72,9,0.7857142857142856,0.8151215692960625,0,6,1251,1252,1,0.999
179,0.72,9,0.7857142857142856,0.8151215692960625,0,6,220,255,5,0.835
180,0.73,12,0.857142857142857,0.7748337045592015,0,8,2418,410,5,0.999
181,0.71,712,0.7142857142857141,0.15990984511471396,0,108,5000,1578,10,0.001
182,0.73,44,0.857142857142857,0.5841599829760593,0,40,1865,329,4,0.811
183,0.74,11,0.9285714285714285,0.7871248212113442,0,5,3699,1231,1,0.999
184,0.67,11,0.42857142857142894,0.7871248212113442,0,13,2069,1280,1,0.704
185,0.74,19,0.9285714285714285,0.7086839799017346,0,12,465,426,6,0.319
186,0.69,143,0.5714285714285711,0.40555005456552284,0,100,3359,1529,1,0.001
187,0.73,71,0.857142857142857,0.5119876439598507,0,64,3499,1349,1,0.001
188,0.73,19,0.857142857142857,0.7086839799017346,0,15,4351,840,1,0.815
189,0.72,15,0.7857142857142856,0.7429492302798539,0,12,1940,816,1,0.999
190,0.71,102,0.7142857142857141,0.45700459025988116,0,82,4847,1187,1,0.119
191,0.74,28,0.9285714285714285,0.6516278014123285,0,21,2745,290,5,0.092
192,0.72,80,0.7857142857142856,0.49390123642850325,0,72,3992,1293,1,0.118
193,0.72,37,0.7857142857142856,0.6101228340100611,0,34,4009,620,1,0.556
194,0.73,137,0.857142857142857,0.412085380527073,0,90,3010,46,6,0.101
195,0.73,36,0.857142857142857,0.6142179295574519,0,32,3397,303,10,0.916
196,0.7,55,0.6428571428571426,0.5505787291960691,0,53,2834,1309,1,0.116
197,0.74,37,0.9285714285714285,0.6101228340100611,0,29,4190,475,1,0.096
198,0.73,19,0.857142857142857,0.7086839799017346,0,15,529,251,6,0.09
199,0.71,101,0.7142857142857141,0.4585027190440957,0,81,4061,1214,1,0.132
200,0.73,31,0.857142857142857,0.636511640885526,0,27,4902,1703,5,0.489
201,0.71,86,0.7142857142857141,0.482928213555163,0,76,4431,1988,6,0.24
202,0.73,74,0.857142857142857,0.5057191416664498,0,67,3104,226,4,0.087
203,0.73,42,0.857142857142857,0.5911410479512702,0,38,1953,329,4,0.09
204,0.73,53,0.857142857142857,0.556163234891341,0,49,4512,994,1,0.127
205,0.73,44,0.857142857142857,0.5841599829760593,0,40,4975,1232,6,0.566
206,0.74,18,0.9285714285714285,0.716560423404389,0,11,2139,91,8,0.105
207,0.73,38,0.857142857142857,0.606134116702036,0,34,4885,352,4,0.307
208,0.72,40,0.7857142857142856,0.5984546674308676,0,37,4078,618,10,0.753
209,0.72,37,0.7857142857142856,0.6101228340100611,0,34,4426,481,6,0.154
210,0.71,12,0.7142857142857141,0.7748337045592015,0,10,1478,2304,3,0.781
211,0.72,20,0.7857142857142856,0.7011919095218873,0,17,1085,461,1,0.713
212,0.69,18,0.5714285714285711,0.716560423404389,0,18,937,1468,1,0.094
213,0.68,6,0.5000000000000004,0.8698914973790529,0,7,1469,2482,6,0.742
214,0.73,38,0.857142857142857,0.606134116702036,0,34,895,527,10,0.464
215,0.69,3,0.5714285714285711,0.9558244090685097,0,3,2065,4581,1,0.931
216,0.71,15,0.7142857142857141,0.7429492302798539,0,13,2321,5000,4,0.999
217,0.69,70,0.5714285714285711,0.5141353290723755,0,66,916,1060,8,0.146
218,0.73,24,0.857142857142857,0.6744187295236153,0,20,1079,430,10,0.648
219,0.72,7,0.7857142857142856,0.8493868196741818,0,4,1520,2358,1,0.716
220,0.72,17,0.7857142857142856,0.7248628227485066,0,14,966,476,10,0.869
221,0.68,22,0.5000000000000004,0.6872225577785664,0,23,1430,2138,1,0.879
222,0.69,14,0.5714285714285711,0.7528595708332249,0,14,1588,3076,1,0.681
223,0.69,94,0.5714285714285711,0.4694199942376138,0,83,1648,3439,1,0.433
224,0.69,25,0.5714285714285711,0.6683961151648736,0,25,1248,1486,10,0.573
225,0.73,22,0.857142857142857,0.6872225577785664,0,18,1066,344,1,0.999
226,0.72,16,0.7857142857142856,0.733639896295589,0,13,1171,491,1,0.928
227,0.69,65,0.5714285714285711,0.5253488484434004,0,63,1504,2489,10,0.794
228,0.72,37,0.7857142857142856,0.6101228340100611,0,34,1776,3023,10,0.999
229,0.68,8,0.5000000000000004,0.8313004121428345,0,9,1078,1414,1,0.882
230,0.71,5,0.7142857142857141,0.8935624106056721,0,3,4919,4790,1,0.942
231,0.74,26,0.9285714285714285,0.6626008242856689,0,19,1081,527,7,0.999
232,0.63,22,0.14285714285714296,0.6872225577785664,0,24,2495,4420,1,0.999
233,0.68,21,0.5000000000000004,0.6940484363005659,0,22,4690,3108,7,0.877
234,0.72,10,0.7857142857142856,0.8004860256948938,0,7,5000,1574,1,0.448
235,0.71,17,0.7142857142857141,0.7248628227485066,0,15,4980,1826,4,0.923
236,0.72,45,0.7857142857142856,0.5807849683842385,0,42,4008,550,3,0.341
237,0.72,8,0.7857142857142856,0.8313004121428345,0,5,3707,1632,1,0.916
238,0.73,27,0.857142857142857,0.657016318590397,0,23,4982,2098,1,0.612
239,0.72,10,0.7857142857142856,0.8004860256948938,0,7,4414,1593,1,0.905
240,0.73,11,0.857142857142857,0.7871248212113442,0,7,167,204,10,0.098
241,0.72,23,0.7857142857142856,0.6806872318170163,0,20,4817,1500,10,0.263
242,0.72,42,0.7857142857142856,0.5911410479512702,0,39,4640,3021,5,0.758
243,0.73,378,0.857142857142857,0.2569494454126865,0,102,4883,46,1,0.801
244,0.72,10,0.7857142857142856,0.8004860256948938,0,7,4432,3159,10,0.551
245,0.74,20,0.9285714285714285,0.7011919095218873,0,13,554,430,5,0.666
246,0.73,40,0.857142857142857,0.5984546674308676,0,36,5000,1699,1,0.899
247,0.69,5,0.5714285714285711,0.8935624106056721,0,5,4584,5000,1,0.966
248,0.68,42,0.5000000000000004,0.5911410479512702,0,43,5000,4953,10,0.999
249,0.74,60,0.9285714285714285,0.5374462023160376,0,46,2964,158,10,0.421
250,0.73,22,0.857142857142857,0.6872225577785664,0,18,699,224,10,0.405
251,0.72,31,0.7857142857142856,0.636511640885526,0,28,4655,2140,4,0.915
252,0.7,12,0.6428571428571426,0.7748337045592015,0,11,1,351,5,0.118
253,0.74,53,0.9285714285714285,0.556163234891341,0,39,422,63,10,0.094
254,0.71,16,0.7142857142857141,0.733639896295589,0,14,5000,1549,1,0.306
255,0.73,21,0.857142857142857,0.6940484363005659,0,17,3275,465,1,0.7
256,0.73,114,0.857142857142857,0.4400821286117913,0,85,4864,125,10,0.449
257,0.71,66,0.7142857142857141,0.5230396773738504,0,62,1601,1873,1,0.082
258,0.68,4,0.5000000000000004,0.9215591586903905,0,5,3553,5000,1,0.829
259,0.72,50,0.7857142857142856,0.5649403084384235,0,47,5000,1189,1,0.302
260,0.71,14,0.7142857142857141,0.7528595708332249,0,12,4421,1550,1,0.3
261,0.71,30,0.7142857142857141,0.6413868751933132,0,28,4347,3082,10,0.314
262,0.68,15,0.5000000000000004,0.7429492302798539,0,16,3037,5000,1,0.656
263,0.73,24,0.857142857142857,0.6744187295236153,0,20,3101,338,8,0.656
264,0.73,33,0.857142857142857,0.6272023069012611,0,29,5000,1357,1,0.299
265,0.73,40,0.857142857142857,0.5984546674308676,0,36,4814,289,1,0.48
266,0.73,17,0.857142857142857,0.7248628227485066,0,13,3023,394,1,0.695
267,0.71,27,0.7142857142857141,0.657016318590397,0,25,5000,1735,1,0.318
268,0.72,30,0.7857142857142856,0.6413868751933132,0,27,4134,1462,10,0.36
269,0.7,35,0.6428571428571426,0.6184252333541786,0,34,1381,2046,1,0.165
270,0.68,171,0.5000000000000004,0.3782658691626145,0,109,3194,5000,10,0.821
271,0.74,57,0.9285714285714285,0.5451902120180008,0,43,4018,209,10,0.505
272,0.66,249,0.35714285714285743,0.32084071096251243,0,115,1690,1691,1,0.001
273,0.72,25,0.7857142857142856,0.6683961151648736,0,22,1497,637,1,0.553
274,0.67,69,0.42857142857142894,0.5163134788179498,0,68,3876,4850,10,0.784
275,0.73,23,0.857142857142857,0.6806872318170163,0,19,913,818,10,0.999
276,0.67,264,0.42857142857142894,0.31189311326422064,0,115,1452,1903,1,0.001
277,0.72,11,0.7857142857142856,0.7871248212113442,0,8,1,41,10,0.343
278,0.73,25,0.857142857142857,0.6683961151648736,0,21,1637,428,1,0.903
279,0.7,86,0.6428571428571426,0.482928213555163,0,77,4923,3202,10,0.415
280,0.7,27,0.6428571428571426,0.657016318590397,0,26,1780,2876,1,0.999
281,0.7,16,0.6428571428571426,0.733639896295589,0,15,4853,4584,1,0.823
282,0.69,33,0.5714285714285711,0.6272023069012611,0,33,693,1080,10,0.771
283,0.74,24,0.9285714285714285,0.6744187295236153,0,17,1309,391,4,0.898
284,0.73,73,0.857142857142857,0.5077803401631239,0,66,790,64,4,0.26
285,0.73,31,0.857142857142857,0.636511640885526,0,27,1012,336,10,0.393
286,0.7,8,0.6428571428571426,0.8313004121428345,0,7,612,1175,1,0.829
287,0.73,20,0.857142857142857,0.7011919095218873,0,16,1424,538,1,0.833
288,0.69,11,0.5714285714285711,0.7871248212113442,0,11,494,1101,5,0.989
289,0.71,41,0.7142857142857141,0.5947543201275594,0,39,5000,3040,7,0.43
290,0.73,19,0.857142857142857,0.7086839799017346,0,15,843,269,1,0.892
291,0.66,49,0.35714285714285743,0.5679811401292874,0,52,1960,2989,9,0.63
292,0.7,62,0.6428571428571426,0.5324923216647217,0,60,5000,2950,10,0.241
293,0.71,43,0.7142857142857141,0.587610846906238,0,41,777,1097,9,0.706
294,0.67,26,0.42857142857142894,0.6626008242856689,0,27,5000,3068,1,0.299
295,0.73,12,0.857142857142857,0.7748337045592015,0,8,429,270,3,0.255
296,0.66,4,0.35714285714285743,0.9215591586903905,0,7,1326,3434,1,0.91
297,0.73,41,0.857142857142857,0.5947543201275594,0,37,992,148,10,0.688
298,0.71,45,0.7142857142857141,0.5807849683842385,0,43,1392,4696,1,0.577
299,0.7,130,0.6428571428571426,0.4200789983829012,0,94,4928,4480,10,0.903
300,0.73,8,0.857142857142857,0.8313004121428345,0,4,1380,1901,10,0.423
301,0.73,37,0.857142857142857,0.6101228340100611,0,33,5000,378,10,0.999
302,0.7,26,0.6428571428571426,0.6626008242856689,0,25,5000,4676,1,0.747
303,0.72,52,0.7857142857142856,0.5590335424309957,0,49,5000,2995,1,0.165
304,0.72,28,0.7857142857142856,0.6516278014123285,0,25,4151,1324,4,0.999
305,0.73,17,0.857142857142857,0.7248628227485066,0,13,3988,1152,1,0.808
306,0.74,401,0.9285714285714285,0.2479025001223567,0,67,1161,17,10,0.807
307,0.67,29,0.42857142857142894,0.646421981438897,0,31,5000,3294,1,0.907
308,0.73,27,0.857142857142857,0.657016318590397,0,23,1619,431,4,0.707
309,0.73,64,0.857142857142857,0.5276932753924265,0,58,4942,962,10,0.363
310,0.72,11,0.7857142857142856,0.7871248212113442,0,8,597,483,1,0.36
311,0.74,73,0.9285714285714285,0.5077803401631239,0,54,1479,124,1,0.95
312,0.73,32,0.857142857142857,0.6317864378377281,0,28,4885,509,1,0.184
313,0.73,43,0.857142857142857,0.587610846906238,0,39,1137,172,10,0.842
314,0.72,32,0.7857142857142856,0.6317864378377281,0,29,3597,516,5,0.62
315,0.71,10,0.7142857142857141,0.8004860256948938,0,8,169,362,6,0.371
316,0.73,57,0.857142857142857,0.5451902120180008,0,53,4950,1134,10,0.443
317,0.72,10,0.7857142857142856,0.8004860256948938,0,7,1308,1385,1,0.559
318,0.7,25,0.6428571428571426,0.6683961151648736,0,24,1152,1687,4,0.519
319,0.7,5,0.6428571428571426,0.8935624106056721,0,4,5000,3412,1,0.999
320,0.73,50,0.857142857142857,0.5649403084384235,0,46,4336,1674,5,0.411
321,0.71,5,0.7142857142857141,0.8935624106056721,0,3,4942,3480,1,0.852
322,0.75,28,1.0,0.6516278014123285,0,5,222,54,10,0.793
323,0.71,35,0.7142857142857141,0.6184252333541786,0,33,1100,1228,10,0.999
324,0.73,89,0.857142857142857,0.4777223935817314,0,76,1736,142,10,0.895
325,0.73,23,0.857142857142857,0.6806872318170163,0,19,3928,560,1,0.94
326,0.73,187,0.857142857142857,0.36460736161933405,0,93,2424,15,10,0.321
327,0.73,27,0.857142857142857,0.657016318590397,0,23,831,528,5,0.84
328,0.72,16,0.7857142857142856,0.733639896295589,0,13,914,469,7,0.765
329,0.72,31,0.7857142857142856,0.636511640885526,0,28,890,356,10,0.192
330,0.73,29,0.857142857142857,0.646421981438897,0,25,2397,87,7,0.254
331,0.69,13,0.5714285714285711,0.763453907984725,0,12,1103,1815,1,0.241
332,0.74,49,0.9285714285714285,0.5679811401292874,0,37,843,112,1,0.999
333,0.73,14,0.857142857142857,0.7528595708332249,0,10,411,438,10,0.721
334,0.74,20,0.9285714285714285,0.7011919095218873,0,13,1017,431,6,0.891
335,0.71,9,0.7142857142857141,0.8151215692960625,0,7,275,480,4,0.788
336,0.72,17,0.7857142857142856,0.7248628227485066,0,14,301,353,7,0.213
337,0.69,16,0.5714285714285711,0.733639896295589,0,16,1296,1490,1,0.731
338,0.73,203,0.857142857142857,0.35206512964976777,0,95,2488,17,10,0.999
339,0.74,55,0.9285714285714285,0.5505787291960691,0,41,805,102,10,0.22
340,0.75,42,1.0,0.5911410479512702,0,8,2212,38,1,0.999
341,0.74,18,0.9285714285714285,0.716560423404389,0,11,981,512,1,0.798
342,0.7,32,0.6428571428571426,0.6317864378377281,0,31,1142,1758,10,0.328
343,0.71,29,0.7142857142857141,0.646421981438897,0,27,459,469,10,0.234
344,0.72,16,0.7857142857142856,0.733639896295589,0,13,755,573,1,0.733
345,0.69,15,0.5714285714285711,0.7429492302798539,0,15,1310,1788,1,0.999
346,0.75,1340,1.0,0.06290951739342521,0,9,778,3,1,0.999
347,0.72,38,0.7857142857142856,0.606134116702036,0,35,970,1583,1,0.206
348,0.74,30,0.9285714285714285,0.6413868751933132,0,23,1000,212,1,0.999
349,0.73,39,0.857142857142857,0.6022463905074067,0,35,1063,194,7,0.999
350,0.73,317,0.857142857142857,0.28389636517950223,0,99,778,15,10,0.999
351,0.74,68,0.9285714285714285,0.5185229699214009,0,52,1788,152,1,0.999
352,0.74,27,0.9285714285714285,0.657016318590397,0,20,799,171,1,0.999
353,0.74,51,0.9285714285714285,0.5619585257705456,0,38,3835,207,1,0.999
354,0.73,46,0.857142857142857,0.57748254040799,0,42,3088,158,10,0.999
355,0.73,62,0.857142857142857,0.5324923216647217,0,57,1743,185,6,0.999
356,0.74,47,0.9285714285714285,0.5742496424226884,0,36,900,111,10,0.999
357,0.74,30,0.9285714285714285,0.6413868751933132,0,23,871,183,10,0.999
358,0.73,111,0.857142857142857,0.4441411398017413,0,84,3550,86,10,0.999
359,0.74,425,0.9285714285714285,0.2389981518208819,0,68,1594,22,10,0.999
360,0.73,39,0.857142857142857,0.6022463905074067,0,35,1946,499,9,0.601
361,0.71,138,0.7142857142857141,0.41097666103620467,0,94,3638,3074,3,0.117
362,0.7,22,0.6428571428571426,0.6872225577785664,0,21,4397,1532,6,0.974
363,0.67,125,0.42857142857142894,0.4260547322703939,0,96,1108,3958,5,0.491
364,0.67,27,0.42857142857142894,0.657016318590397,0,28,100,2119,1,0.31
365,0.65,181,0.2857142857142859,0.369588024686761,0,112,4312,4545,10,0.794
366,0.69,70,0.5714285714285711,0.5141353290723755,0,66,2649,1163,4,0.184
367,0.65,213,0.2857142857142859,0.3447165034488553,0,114,1840,3738,8,0.669
368,0.69,20,0.5714285714285711,0.7011919095218873,0,20,1296,1809,3,0.828
369,0.69,52,0.5714285714285711,0.5590335424309957,0,52,3047,4224,7,0.313
370,0.73,54,0.857142857142857,0.5533455965281187,0,50,3767,223,1,0.705
371,0.7,61,0.6428571428571426,0.5349492857989852,0,59,498,2807,10,0.189
372,0.72,137,0.7857142857142856,0.412085380527073,0,93,720,810,6,0.011
373,0.71,138,0.7142857142857141,0.41097666103620467,0,94,4952,3394,5,0.526
374,0.69,74,0.5714285714285711,0.5057191416664498,0,69,3250,2473,8,0.386
375,0.66,5,0.35714285714285743,0.8935624106056721,0,8,2500,4889,2,0.901
376,0.72,27,0.7857142857142856,0.657016318590397,0,24,2319,2260,7,0.138
377,0.65,59,0.2857142857142859,0.5399843920445692,0,59,3419,4833,3,0.652
378,0.71,31,0.7142857142857141,0.636511640885526,0,29,4769,709,9,0.264
379,0.66,13,0.35714285714285743,0.763453907984725,0,16,890,3137,1,0.778
380,0.74,76,0.9285714285714285,0.5016779352167811,0,56,3026,154,10,0.001
381,0.73,433,0.857142857142857,0.2361411953208724,0,104,3464,32,1,0.338
382,0.73,199,0.857142857142857,0.35510596134063166,0,94,4963,75,10,0.999
383,0.73,346,0.857142857142857,0.27049492566824096,0,101,968,21,1,0.503
384,0.73,290,0.857142857142857,0.2975211868649348,0,98,3656,46,10,0.001
385,0.74,44,0.9285714285714285,0.5841599829760593,0,34,931,158,1,0.001
386,0.73,40,0.857142857142857,0.5984546674308676,0,36,2592,100,1,0.733
387,0.64,373,0.21428571428571447,0.25898874473898925,0,120,1,5000,1,0.001
388,0.73,82,0.857142857142857,0.49015575849081194,0,72,843,67,1,0.766
389,0.74,1043,0.9285714285714285,0.10135344690934167,0,72,4524,20,1,0.268
390,0.73,120,0.857142857142857,0.43227246353262194,0,88,1478,90,10,0.001
391,0.74,26,0.9285714285714285,0.6626008242856689,0,19,580,148,4,0.477
392,0.74,68,0.9285714285714285,0.5185229699214009,0,52,2907,107,1,0.001
393,0.73,339,0.857142857142857,0.27362428834015806,0,100,5000,45,10,0.17
394,0.73,56,0.857142857142857,0.5478608355472233,0,52,2837,311,10,0.001
395,0.74,973,0.9285714285714285,0.11201083353098773,0,70,4076,14,10,0.627
396,0.73,45,0.857142857142857,0.5807849683842385,0,41,1046,139,1,0.495
397,0.72,58,0.7857142857142856,0.542565242415793,0,55,900,617,1,0.001
398,0.74,22,0.9285714285714285,0.6872225577785664,0,15,313,118,10,0.09
399,0.71,20,0.7142857142857141,0.7011919095218873,0,18,1105,668,1,0.999
400,0.73,22,0.857142857142857,0.6872225577785664,0,18,5000,2264,10,0.999
401,0.74,99,0.9285714285714285,0.46154355073495945,0,61,4430,126,1,0.377
402,0.72,22,0.7857142857142856,0.6872225577785664,0,19,1191,717,10,0.999
403,0.74,74,0.9285714285714285,0.5057191416664498,0,55,5000,185,1,0.672
404,0.73,96,0.857142857142857,0.46622077472210044,0,78,3832,121,1,0.472
405,0.74,60,0.9285714285714285,0.5374462023160376,0,46,3629,213,1,0.001
406,0.74,25,0.9285714285714285,0.6683961151648736,0,18,2282,123,1,0.999
407,0.74,77,0.9285714285714285,0.4996965273077081,0,57,671,87,10,0.001
408,0.73,68,0.857142857142857,0.5185229699214009,0,61,3227,121,1,0.63
409,0.74,63,0.9285714285714285,0.5300740514911982,0,49,578,66,1,0.001
410,0.74,37,0.9285714285714285,0.6101228340100611,0,29,786,139,1,0.146
411,0.74,33,0.9285714285714285,0.6272023069012611,0,26,564,118,1,0.001
412,0.73,7,0.857142857142857,0.8493868196741818,0,3,100,151,1,0.357
413,0.73,37,0.857142857142857,0.6101228340100611,0,33,1114,968,10,0.999
414,0.71,18,0.7142857142857141,0.716560423404389,0,16,3950,1490,1,0.617
415,0.74,38,0.9285714285714285,0.606134116702036,0,30,799,152,10,0.441
416,0.73,29,0.857142857142857,0.646421981438897,0,25,764,165,1,0.58
417,0.74,74,0.9285714285714285,0.5057191416664498,0,55,5000,174,1,0.999
418,0.73,18,0.857142857142857,0.716560423404389,0,14,2349,161,1,0.595
419,0.73,38,0.857142857142857,0.606134116702036,0,34,4914,428,1,0.876
420,0.74,54,0.9285714285714285,0.5533455965281187,0,40,340,89,10,0.001
421,0.73,31,0.857142857142857,0.636511640885526,0,27,1085,370,10,0.999
422,0.73,33,0.857142857142857,0.6272023069012611,0,29,2480,275,1,0.001
423,0.75,11,1.0,0.7871248212113442,0,2,2157,146,10,0.999
424,0.74,25,0.9285714285714285,0.6683961151648736,0,18,587,147,10,0.999
425,0.74,32,0.9285714285714285,0.6317864378377281,0,25,609,137,1,0.254
426,0.73,34,0.857142857142857,0.6227510682122778,0,30,4644,508,1,0.999
427,0.71,6,0.7142857142857141,0.8698914973790529,0,4,2093,171,1,0.999
428,0.75,21,1.0,0.6940484363005659,0,4,112,73,1,0.001
429,0.74,56,0.9285714285714285,0.5478608355472233,0,42,525,122,10,0.001
430,0.73,27,0.857142857142857,0.657016318590397,0,23,1044,572,10,0.999
431,0.73,29,0.857142857142857,0.646421981438897,0,25,5000,674,1,0.539
432,0.72,12,0.7857142857142856,0.7748337045592015,0,9,4098,1576,1,0.741
433,0.73,52,0.857142857142857,0.5590335424309957,0,48,3545,341,1,0.001
434,0.73,48,0.857142857142857,0.5710834069009402,0,44,661,95,1,0.001
435,0.72,16,0.7857142857142856,0.733639896295589,0,13,4170,1800,1,0.733
436,0.75,14,1.0,0.7528595708332249,0,3,107,110,10,0.188
437,0.72,40,0.7857142857142856,0.5984546674308676,0,37,3165,637,1,0.001
438,0.73,45,0.857142857142857,0.5807849683842385,0,41,665,118,10,0.343
439,0.74,28,0.9285714285714285,0.6516278014123285,0,21,1506,429,10,0.999
440,0.73,39,0.857142857142857,0.6022463905074067,0,35,3697,1032,1,0.395
441,0.73,73,0.857142857142857,0.5077803401631239,0,66,4582,173,10,0.999
442,0.74,29,0.9285714285714285,0.646421981438897,0,22,4232,430,1,0.999
443,0.72,34,0.7857142857142856,0.6227510682122778,0,31,3955,1456,10,0.992
444,0.73,35,0.857142857142857,0.6184252333541786,0,31,3304,323,10,0.344
445,0.72,25,0.7857142857142856,0.6683961151648736,0,22,4254,642,1,0.999
446,0.74,61,0.9285714285714285,0.5349492857989852,0,47,1660,177,1,0.591
447,0.73,34,0.857142857142857,0.6227510682122778,0,30,811,163,1,0.754
448,0.73,37,0.857142857142857,0.6101228340100611,0,33,3936,354,10,0.487
449,0.74,26,0.9285714285714285,0.6626008242856689,0,19,574,139,10,0.621
450,0.74,26,0.9285714285714285,0.6626008242856689,0,19,466,109,1,0.211
451,0.73,102,0.857142857142857,0.45700459025988116,0,81,1624,622,10,0.001
452,0.73,97,0.857142857142857,0.46464581750661227,0,79,1264,172,10,0.001
453,0.72,53,0.7857142857142856,0.556163234891341,0,50,3848,1371,10,0.587
454,0.72,33,0.7857142857142856,0.6272023069012611,0,30,3684,805,10,0.999
455,0.73,60,0.857142857142857,0.5374462023160376,0,55,1388,148,10,0.999
456,0.72,18,0.7857142857142856,0.716560423404389,0,15,4283,969,1,0.999
457,0.74,111,0.9285714285714285,0.4441411398017413,0,64,326,54,10,0.001
458,0.73,19,0.857142857142857,0.7086839799017346,0,15,280,120,1,0.001
459,0.74,13,0.9285714285714285,0.763453907984725,0,7,1176,791,1,0.999
460,0.73,46,0.857142857142857,0.57748254040799,0,42,3522,376,10,0.632
461,0.73,24,0.857142857142857,0.6744187295236153,0,20,953,380,10,0.756
462,0.74,45,0.9285714285714285,0.5807849683842385,0,35,5000,272,1,0.999
463,0.73,59,0.857142857142857,0.5399843920445692,0,54,2795,533,1,0.001
464,0.73,24,0.857142857142857,0.6744187295236153,0,20,3636,1444,1,0.463
465,0.72,36,0.7857142857142856,0.6142179295574519,0,33,1248,625,10,0.999
466,0.74,17,0.9285714285714285,0.7248628227485066,0,10,943,420,1,0.999
467,0.72,50,0.7857142857142856,0.5649403084384235,0,47,4074,1422,1,0.601
468,0.73,35,0.857142857142857,0.6184252333541786,0,31,4899,378,1,0.666
469,0.72,18,0.7857142857142856,0.716560423404389,0,15,3894,1846,10,0.656
470,0.7,34,0.6428571428571426,0.6227510682122778,0,33,4399,2774,1,0.352
471,0.68,470,0.5000000000000004,0.22357815194212827,0,121,4058,2788,10,0.001
472,0.71,41,0.7142857142857141,0.5947543201275594,0,39,4755,913,9,0.999
473,0.72,16,0.7857142857142856,0.733639896295589,0,13,5000,2269,1,0.999
474,0.74,16,0.9285714285714285,0.733639896295589,0,9,329,149,1,0.362
475,0.74,28,0.9285714285714285,0.6516278014123285,0,21,1460,326,10,0.999
476,0.74,28,0.9285714285714285,0.6516278014123285,0,21,3714,870,1,0.547
477,0.73,57,0.857142857142857,0.5451902120180008,0,53,4977,233,1,0.847
478,0.73,20,0.857142857142857,0.7011919095218873,0,16,935,338,1,0.457
479,0.73,27,0.857142857142857,0.657016318590397,0,23,3716,759,1,0.599
480,0.73,39,0.857142857142857,0.6022463905074067,0,35,676,273,1,0.001
481,0.72,16,0.7857142857142856,0.733639896295589,0,13,3885,1059,1,0.666
482,0.72,32,0.7857142857142856,0.6317864378377281,0,29,4819,502,10,0.883
483,0.71,11,0.7142857142857141,0.7871248212113442,0,9,3749,1077,1,0.999
484,0.74,35,0.9285714285714285,0.6184252333541786,0,27,463,99,10,0.256
485,0.73,60,0.857142857142857,0.5374462023160376,0,55,967,319,10,0.001
486,0.72,23,0.7857142857142856,0.6806872318170163,0,20,1258,708,10,0.585
487,0.73,55,0.857142857142857,0.5505787291960691,0,51,4573,237,1,0.27
488,0.73,60,0.857142857142857,0.5374462023160376,0,55,3797,199,10,0.999
489,0.73,19,0.857142857142857,0.7086839799017346,0,15,1207,541,1,0.999
490,0.74,18,0.9285714285714285,0.716560423404389,0,11,1206,612,1,0.999
491,0.72,22,0.7857142857142856,0.6872225577785664,0,19,4999,1480,1,0.564
492,0.73,16,0.857142857142857,0.733639896295589,0,12,2408,159,1,0.999
493,0.68,14,0.5000000000000004,0.7528595708332249,0,15,1379,2321,10,0.448
494,0.68,47,0.5000000000000004,0.5742496424226884,0,48,1689,2770,10,0.999
495,0.72,47,0.7857142857142856,0.5742496424226884,0,44,5000,607,10,0.487
496,0.69,9,0.5714285714285711,0.8151215692960625,0,9,5000,2361,10,0.999
497,0.69,3,0.5714285714285711,0.9558244090685097,0,3,614,4869,1,0.999
498,0.72,35,0.7857142857142856,0.6184252333541786,0,32,4909,2243,10,0.645
499,0.71,42,0.7142857142857141,0.5911410479512702,0,40,5000,2794,1,0.999
500,0.72,45,0.7857142857142856,0.5807849683842385,0,42,4973,1851,10,0.6
501,0.72,18,0.7857142857142856,0.716560423404389,0,15,919,753,1,0.584
502,0.7,32,0.6428571428571426,0.6317864378377281,0,31,4697,2178,1,0.999
503,0.72,32,0.7857142857142856,0.6317864378377281,0,29,3943,1655,1,0.688
504,0.71,243,0.7142857142857141,0.32457102352738176,0,106,3858,3610,10,0.001
505,0.7,52,0.6428571428571426,0.5590335424309957,0,51,1377,2198,10,0.572
506,0.72,35,0.7857142857142856,0.6184252333541786,0,32,5000,4274,1,0.999
507,0.69,9,0.5714285714285711,0.8151215692960625,0,9,1638,1945,1,0.57
508,0.71,10,0.7142857142857141,0.8004860256948938,0,8,932,950,1,0.999
509,0.7,47,0.6428571428571426,0.5742496424226884,0,46,2224,2678,1,0.727
510,0.67,175,0.42857142857142894,0.3747356681175822,0,110,3631,3847,1,0.001
511,0.73,11,0.857142857142857,0.7871248212113442,0,7,1010,1051,1,0.999
512,0.73,45,0.857142857142857,0.5807849683842385,0,41,5000,1071,1,0.394
513,0.73,13,0.857142857142857,0.763453907984725,0,9,1142,1552,1,0.565
514,0.68,47,0.5000000000000004,0.5742496424226884,0,48,4964,2759,1,0.768
515,0.68,336,0.5000000000000004,0.27498521585128044,0,116,383,2946,1,0.001
516,0.74,18,0.9285714285714285,0.716560423404389,0,11,4349,1618,10,0.883
517,0.7,21,0.6428571428571426,0.6940484363005659,0,20,5000,2423,1,0.999
518,0.73,11,0.857142857142857,0.7871248212113442,0,7,3894,1488,1,0.999
519,0.7,52,0.6428571428571426,0.5590335424309957,0,51,5000,4157,1,0.999
520,0.72,29,0.7857142857142856,0.646421981438897,0,26,4731,1824,10,0.84
521,0.73,13,0.857142857142857,0.763453907984725,0,9,3864,1564,10,0.999
522,0.73,16,0.857142857142857,0.733639896295589,0,12,5000,2263,1,0.687
523,0.72,34,0.7857142857142856,0.6227510682122778,0,31,4227,1464,10,0.729
524,0.73,51,0.857142857142857,0.5619585257705456,0,47,5000,1050,10,0.461
525,0.71,28,0.7142857142857141,0.6516278014123285,0,26,940,759,10,0.999
526,0.72,35,0.7857142857142856,0.6184252333541786,0,32,787,652,10,0.826
527,0.71,14,0.7142857142857141,0.7528595708332249,0,12,5000,1860,1,0.555
528,0.72,11,0.7857142857142856,0.7871248212113442,0,8,4915,1951,10,0.669
529,0.69,6,0.5714285714285711,0.8698914973790529,0,6,5000,3199,10,0.999
530,0.73,17,0.857142857142857,0.7248628227485066,0,13,5000,871,1,0.999
531,0.72,18,0.7857142857142856,0.716560423404389,0,15,1093,1101,1,0.598
532,0.72,24,0.7857142857142856,0.6744187295236153,0,21,3856,1759,1,0.56
533,0.72,13,0.7857142857142856,0.763453907984725,0,10,986,731,1,0.78
534,0.72,14,0.7857142857142856,0.7528595708332249,0,11,1216,1340,10,0.999
535,0.71,18,0.7142857142857141,0.716560423404389,0,16,5000,2326,10,0.624
536,0.7,50,0.6428571428571426,0.5649403084384235,0,49,854,839,10,0.557
537,0.68,45,0.5000000000000004,0.5807849683842385,0,46,5000,4244,10,0.999
538,0.73,12,0.857142857142857,0.7748337045592015,0,8,3916,1349,1,0.817
539,0.71,25,0.7142857142857141,0.6683961151648736,0,23,4281,1873,10,0.999
540,0.72,36,0.7857142857142856,0.6142179295574519,0,33,4986,770,10,0.906
541,0.71,53,0.7142857142857141,0.556163234891341,0,51,4309,1049,10,0.802
542,0.72,62,0.7857142857142856,0.5324923216647217,0,58,3393,980,10,0.778
543,0.71,30,0.7142857142857141,0.6413868751933132,0,28,4131,1538,10,0.751
544,0.71,107,0.7142857142857141,0.449725645497013,0,84,5000,1293,1,0.001
545,0.72,12,0.7857142857142856,0.7748337045592015,0,9,613,375,1,0.999
546,0.71,42,0.7142857142857141,0.5911410479512702,0,40,4846,600,1,0.184
547,0.73,12,0.857142857142857,0.7748337045592015,0,8,1368,901,1,0.999
548,0.72,35,0.7857142857142856,0.6184252333541786,0,32,5000,671,10,0.842
549,0.71,48,0.7142857142857141,0.5710834069009402,0,46,4599,2213,10,0.999
550,0.71,15,0.7142857142857141,0.7429492302798539,0,13,3617,1313,1,0.999
551,0.71,40,0.7142857142857141,0.5984546674308676,0,38,4865,2892,10,0.956
552,0.72,9,0.7857142857142856,0.8151215692960625,0,6,1182,1116,1,0.999
553,0.73,79,0.857142857142857,0.4958088011130789,0,70,3559,1075,1,0.001
554,0.71,11,0.7142857142857141,0.7871248212113442,0,9,4630,1918,1,0.522
555,0.73,55,0.857142857142857,0.5505787291960691,0,51,5000,381,1,0.4
556,0.73,21,0.857142857142857,0.6940484363005659,0,17,1272,703,1,0.34
557,0.63,222,0.14285714285714296,0.3383906074031945,0,115,1425,4693,1,0.001
558,0.69,212,0.5714285714285711,0.3454357412152098,0,109,3077,1278,10,0.001
559,0.7,35,0.6428571428571426,0.6184252333541786,0,34,5000,1458,10,0.886
560,0.69,10,0.5714285714285711,0.8004860256948938,0,10,5000,1910,1,0.999
561,0.74,65,0.9285714285714285,0.5253488484434004,0,50,5000,211,10,0.326
562,0.73,47,0.857142857142857,0.5742496424226884,0,43,3323,212,1,0.4
563,0.73,22,0.857142857142857,0.6872225577785664,0,18,4387,1154,1,0.54
564,0.73,83,0.857142857142857,0.48831673073323156,0,73,4155,1996,10,0.555
565,0.67,443,0.42857142857142894,0.23264316291163045,0,121,3288,4389,10,0.001
566,0.7,101,0.6428571428571426,0.4585027190440957,0,82,4250,2618,10,0.726
567,0.72,78,0.7857142857142856,0.49774036095082197,0,70,1888,588,10,0.518
568,0.73,29,0.857142857142857,0.646421981438897,0,25,1359,636,2,0.311
569,0.7,15,0.6428571428571426,0.7429492302798539,0,14,1119,1522,10,0.999
570,0.69,16,0.5714285714285711,0.733639896295589,0,16,1456,2314,1,0.377
571,0.72,56,0.7857142857142856,0.5478608355472233,0,53,1150,979,3,0.192
572,0.73,69,0.857142857142857,0.5163134788179498,0,62,3831,736,1,0.001
573,0.72,26,0.7857142857142856,0.6626008242856689,0,23,1622,666,4,0.813
574,0.72,35,0.7857142857142856,0.6184252333541786,0,32,3627,1660,1,0.551
575,0.7,40,0.6428571428571426,0.5984546674308676,0,39,1554,2788,1,0.626
576,0.72,7,0.7857142857142856,0.8493868196741818,0,4,5000,4887,1,0.999
577,0.73,37,0.857142857142857,0.6101228340100611,0,33,3382,1408,1,0.203
578,0.72,12,0.7857142857142856,0.7748337045592015,0,9,4291,1896,10,0.295
579,0.71,14,0.7142857142857141,0.7528595708332249,0,12,3410,904,1,0.999
580,0.72,7,0.7857142857142856,0.8493868196741818,0,4,68,123,10,0.661
581,0.71,43,0.7142857142857141,0.587610846906238,0,41,4454,1698,10,0.999
582,0.65,4,0.2857142857142859,0.9215591586903905,0,8,2321,3172,10,0.999
583,0.73,14,0.857142857142857,0.7528595708332249,0,10,245,147,10,0.977
584,0.71,19,0.7142857142857141,0.7086839799017346,0,17,5000,1546,10,0.81
585,0.72,16,0.7857142857142856,0.733639896295589,0,13,3725,963,1,0.738
586,0.73,15,0.857142857142857,0.7429492302798539,0,11,5000,1838,1,0.999
587,0.72,18,0.7857142857142856,0.716560423404389,0,15,1034,1291,1,0.755
588,0.74,20,0.9285714285714285,0.7011919095218873,0,13,319,115,10,0.576
589,0.72,16,0.7857142857142856,0.733639896295589,0,13,2360,334,10,0.506
590,0.65,6,0.2857142857142859,0.8698914973790529,0,10,1624,4829,1,0.772
591,0.73,66,0.857142857142857,0.5230396773738504,0,59,5000,222,10,0.706
592,0.74,58,0.9285714285714285,0.542565242415793,0,44,4080,211,1,0.386
593,0.73,33,0.857142857142857,0.6272023069012611,0,29,3602,446,10,0.999
594,0.73,17,0.857142857142857,0.7248628227485066,0,13,475,206,1,0.999
595,0.73,86,0.857142857142857,0.482928213555163,0,74,3407,495,10,0.001
596,0.73,48,0.857142857142857,0.5710834069009402,0,44,2684,117,2,0.999
597,0.72,29,0.7857142857142856,0.646421981438897,0,26,3523,701,10,0.37
598,0.73,31,0.857142857142857,0.636511640885526,0,27,3495,595,1,0.431
599,0.73,106,0.857142857142857,0.4511540928431832,0,83,2905,399,1,0.001
600,0.72,86,0.7857142857142856,0.482928213555163,0,75,3367,596,9,0.001
601,0.71,23,0.7142857142857141,0.6806872318170163,0,21,1718,602,1,0.999
602,0.73,66,0.857142857142857,0.5230396773738504,0,59,1911,273,4,0.001
603,0.74,77,0.9285714285714285,0.4996965273077081,0,57,5000,184,10,0.036
604,0.73,39,0.857142857142857,0.6022463905074067,0,35,3225,200,5,0.332
605,0.73,22,0.857142857142857,0.6872225577785664,0,18,3697,698,4,0.999
606,0.72,29,0.7857142857142856,0.646421981438897,0,26,3552,1238,1,0.658
607,0.72,27,0.7857142857142856,0.657016318590397,0,24,3998,720,4,0.628
608,0.73,17,0.857142857142857,0.7248628227485066,0,13,3237,470,1,0.999
609,0.74,60,0.9285714285714285,0.5374462023160376,0,46,5000,216,1,0.546
610,0.73,9,0.857142857142857,0.8151215692960625,0,5,1,130,2,0.001
611,0.75,14,1.0,0.7528595708332249,0,3,147,113,4,0.236
612,0.74,35,0.9285714285714285,0.6184252333541786,0,27,2875,162,1,0.306
613,0.74,62,0.9285714285714285,0.5324923216647217,0,48,467,51,10,0.286
614,0.74,43,0.9285714285714285,0.587610846906238,0,33,551,83,5,0.236
615,0.71,28,0.7142857142857141,0.6516278014123285,0,26,4563,1457,1,0.446
616,0.74,51,0.9285714285714285,0.5619585257705456,0,38,754,257,10,0.001
617,0.71,25,0.7142857142857141,0.6683961151648736,0,23,3437,668,10,0.999
618,0.7,7,0.6428571428571426,0.8493868196741818,0,6,2083,358,6,0.469
619,0.74,65,0.9285714285714285,0.5253488484434004,0,50,4225,193,1,0.69
620,0.74,19,0.9285714285714285,0.7086839799017346,0,12,452,167,4,0.71
621,0.73,73,0.857142857142857,0.5077803401631239,0,66,5000,1407,10,0.461
622,0.72,29,0.7857142857142856,0.646421981438897,0,26,4511,459,1,0.714
623,0.73,53,0.857142857142857,0.556163234891341,0,49,3435,225,10,0.277
624,0.74,29,0.9285714285714285,0.646421981438897,0,22,1541,466,1,0.999
625,0.73,69,0.857142857142857,0.5163134788179498,0,62,3297,553,8,0.424
626,0.73,37,0.857142857142857,0.6101228340100611,0,33,1764,382,10,0.816
627,0.74,28,0.9285714285714285,0.6516278014123285,0,21,2538,125,6,0.999
628,0.74,47,0.9285714285714285,0.5742496424226884,0,36,436,74,10,0.38
629,0.74,58,0.9285714285714285,0.542565242415793,0,44,1332,183,1,0.999
630,0.73,14,0.857142857142857,0.7528595708332249,0,10,2469,332,10,0.999
631,0.73,53,0.857142857142857,0.556163234891341,0,49,4559,301,7,0.999
632,0.74,38,0.9285714285714285,0.606134116702036,0,30,4228,412,1,0.268
633,0.74,65,0.9285714285714285,0.5253488484434004,0,50,3604,206,10,0.001
634,0.73,31,0.857142857142857,0.636511640885526,0,27,1670,501,10,0.999
635,0.73,27,0.857142857142857,0.657016318590397,0,23,2761,204,5,0.436
636,0.75,9,1.0,0.8151215692960625,1,1,138,122,7,0.457
637,0.74,42,0.9285714285714285,0.5911410479512702,0,32,870,188,1,0.847
638,0.74,8,0.9285714285714285,0.8313004121428345,0,3,2111,137,5,0.81
639,0.74,23,0.9285714285714285,0.6806872318170163,0,16,2508,138,3,0.78
640,0.73,31,0.857142857142857,0.636511640885526,0,27,5000,472,3,0.647
641,0.73,27,0.857142857142857,0.657016318590397,0,23,1277,363,4,0.392
642,0.74,59,0.9285714285714285,0.5399843920445692,0,45,2804,103,1,0.999
643,0.74,5,0.9285714285714285,0.8935624106056721,1,1,31,91,1,0.224
644,0.73,25,0.857142857142857,0.6683961151648736,0,21,3311,387,1,0.795
645,0.72,52,0.7857142857142856,0.5590335424309957,0,49,4015,617,1,0.001
646,0.72,54,0.7857142857142856,0.5533455965281187,0,51,1138,527,1,0.001
647,0.74,25,0.9285714285714285,0.6683961151648736,0,18,437,114,6,0.3
648,0.73,19,0.857142857142857,0.7086839799017346,0,15,544,188,1,0.04
649,0.74,19,0.9285714285714285,0.7086839799017346,0,12,332,143,10,0.743
650,0.73,77,0.857142857142857,0.4996965273077081,0,69,1809,297,10,0.001
651,0.74,36,0.9285714285714285,0.6142179295574519,0,28,1764,346,1,0.999
652,0.74,26,0.9285714285714285,0.6626008242856689,0,19,1198,388,1,0.547
653,0.73,23,0.857142857142857,0.6806872318170163,0,19,661,194,6,0.999
654,0.74,45,0.9285714285714285,0.5807849683842385,0,35,4266,429,8,0.999
655,0.74,21,0.9285714285714285,0.6940484363005659,0,14,2541,185,10,0.999
656,0.74,106,0.9285714285714285,0.4511540928431832,0,62,4030,188,10,0.001
657,0.73,55,0.857142857142857,0.5505787291960691,0,51,4156,241,1,0.077
658,0.74,16,0.9285714285714285,0.733639896295589,0,9,2204,133,5,0.999
659,0.73,61,0.857142857142857,0.5349492857989852,0,56,4215,224,5,0.432
660,0.73,12,0.857142857142857,0.7748337045592015,0,8,122,187,1,0.001
661,0.73,12,0.857142857142857,0.7748337045592015,0,8,2533,341,1,0.999
662,0.74,61,0.9285714285714285,0.5349492857989852,0,47,5000,209,1,0.077
663,0.73,23,0.857142857142857,0.6806872318170163,0,19,3222,475,5,0.999
664,0.73,46,0.857142857142857,0.57748254040799,0,42,3259,374,6,0.209
665,0.73,22,0.857142857142857,0.6872225577785664,0,18,2712,307,2,0.386
666,0.71,48,0.7142857142857141,0.5710834069009402,0,46,3367,1695,10,0.502
667,0.73,27,0.857142857142857,0.657016318590397,0,23,2548,161,1,0.001
668,0.73,28,0.857142857142857,0.6516278014123285,0,24,483,124,10,0.734
669,0.73,30,0.857142857142857,0.6413868751933132,0,26,4885,1836,1,0.139
670,0.71,17,0.7142857142857141,0.7248628227485066,0,15,1583,1804,1,0.552
671,0.71,9,0.7142857142857141,0.8151215692960625,0,7,4068,1934,1,0.999
672,0.7,43,0.6428571428571426,0.587610846906238,0,42,1507,2183,1,0.317
673,0.7,86,0.6428571428571426,0.482928213555163,0,77,883,1266,1,0.121
674,0.72,75,0.7857142857142856,0.5036852446157332,0,69,1,4845,10,0.999
675,0.69,55,0.5714285714285711,0.5505787291960691,0,54,1570,2481,1,0.39
676,0.71,57,0.7142857142857141,0.5451902120180008,0,55,3275,1827,10,0.262
677,0.73,8,0.857142857142857,0.8313004121428345,0,4,3122,1062,1,0.999
678,0.72,27,0.7857142857142856,0.657016318590397,0,24,1442,1613,10,0.648
679,0.72,8,0.7857142857142856,0.8313004121428345,0,5,3192,1578,10,0.585
680,0.7,14,0.6428571428571426,0.7528595708332249,0,13,3189,1509,1,0.999
681,0.69,15,0.5714285714285711,0.7429492302798539,0,15,5000,1932,10,0.4
682,0.67,84,0.42857142857142894,0.48649946712881387,0,76,209,589,10,0.001
683,0.7,58,0.6428571428571426,0.542565242415793,0,56,1088,4720,10,0.999
684,0.7,44,0.6428571428571426,0.5841599829760593,0,43,3809,2232,10,0.667
685,0.71,14,0.7142857142857141,0.7528595708332249,0,12,2807,604,1,0.999
686,0.72,35,0.7857142857142856,0.6184252333541786,0,32,1392,1104,10,0.999
687,0.72,51,0.7857142857142856,0.5619585257705456,0,48,2993,832,10,0.5
688,0.73,16,0.857142857142857,0.733639896295589,0,12,2902,719,1,0.391
689,0.73,16,0.857142857142857,0.733639896295589,0,12,1666,1016,1,0.999
690,0.7,7,0.6428571428571426,0.8493868196741818,0,6,4293,2479,1,0.897
691,0.72,10,0.7857142857142856,0.8004860256948938,0,7,1634,1376,1,0.999
692,0.68,14,0.5000000000000004,0.7528595708332249,0,15,1794,3066,1,0.999
693,0.72,26,0.7857142857142856,0.6626008242856689,0,23,3534,1249,10,0.999
694,0.74,20,0.9285714285714285,0.7011919095218873,0,13,3609,1146,10,0.999
695,0.71,9,0.7142857142857141,0.8151215692960625,0,7,1548,1586,1,0.999
696,0.69,28,0.5714285714285711,0.6516278014123285,0,28,3399,1783,10,0.999
697,0.71,8,0.7142857142857141,0.8313004121428345,0,6,1557,1967,1,0.999
698,0.7,7,0.6428571428571426,0.8493868196741818,0,6,1355,1906,10,0.837
699,0.68,433,0.5000000000000004,0.2361411953208724,0,120,1401,2642,10,0.001
700,0.72,70,0.7857142857142856,0.5141353290723755,0,64,1206,2031,3,0.613
701,0.7,15,0.6428571428571426,0.7429492302798539,0,14,452,654,1,0.999
702,0.7,8,0.6428571428571426,0.8313004121428345,0,7,3351,1615,8,0.999
703,0.72,20,0.7857142857142856,0.7011919095218873,0,17,2997,1053,1,0.599
704,0.7,7,0.6428571428571426,0.8493868196741818,0,6,1768,2448,1,0.999
705,0.71,19,0.7142857142857141,0.7086839799017346,0,17,1301,1347,10,0.621
706,0.67,14,0.42857142857142894,0.7528595708332249,0,16,2132,777,1,0.691
707,0.73,34,0.857142857142857,0.6227510682122778,0,30,1540,835,1,0.489
708,0.7,31,0.6428571428571426,0.636511640885526,0,30,1616,1468,8,0.999
709,0.69,8,0.5714285714285711,0.8313004121428345,0,8,4153,3211,9,0.86
710,0.71,107,0.7142857142857141,0.449725645497013,0,84,3658,1046,10,0.214
711,0.69,377,0.5714285714285711,0.25735514441322827,0,116,3810,1796,1,0.001
712,0.7,8,0.6428571428571426,0.8313004121428345,0,7,3277,1582,1,0.557
713,0.7,105,0.6428571428571426,0.4525959530366679,0,83,5000,4764,9,0.999
714,0.7,19,0.6428571428571426,0.7086839799017346,0,18,1783,1848,7,0.59
715,0.72,127,0.7857142857142856,0.42363646209687034,0,92,5000,3594,10,0.999
716,0.69,9,0.5714285714285711,0.8151215692960625,0,9,3260,2325,1,0.534
717,0.73,32,0.857142857142857,0.6317864378377281,0,28,3319,1137,9,0.721
718,0.71,98,0.7142857142857141,0.4630868499805627,0,80,1573,1053,1,0.001
719,0.72,122,0.7857142857142856,0.4297550795737022,0,90,5000,640,10,0.001
720,0.69,290,0.5714285714285711,0.2975211868649348,0,115,598,3590,10,0.001
721,0.71,19,0.7142857142857141,0.7086839799017346,0,17,3296,1839,6,0.585
722,0.69,448,0.5714285714285711,0.23092358186927497,0,118,900,2183,10,0.001
723,0.72,14,0.7857142857142856,0.7528595708332249,0,11,3423,1136,3,0.999
724,0.67,61,0.42857142857142894,0.5349492857989852,0,61,5000,3964,1,0.999
725,0.68,39,0.5000000000000004,0.6022463905074067,0,39,2056,2345,7,0.501
726,0.7,307,0.6428571428571426,0.28880275642812536,0,110,2781,2340,1,0.001
727,0.65,67,0.2857142857142859,0.5207647175069332,0,67,4218,2907,1,0.422
728,0.67,10,0.42857142857142894,0.8004860256948938,0,11,2186,747,10,0.999
729,0.68,29,0.5000000000000004,0.646421981438897,0,30,1600,2556,1,0.807
730,0.73,24,0.857142857142857,0.6744187295236153,0,20,5000,672,1,0.999
731,0.73,42,0.857142857142857,0.5911410479512702,0,38,4817,837,1,0.418
732,0.73,24,0.857142857142857,0.6744187295236153,0,20,4478,1282,1,0.79
733,0.71,26,0.7142857142857141,0.6626008242856689,0,24,1428,1872,9,0.999
734,0.7,31,0.6428571428571426,0.636511640885526,0,30,1318,1454,10,0.137
735,0.72,38,0.7857142857142856,0.606134116702036,0,35,3857,770,10,0.646
736,0.67,25,0.42857142857142894,0.6683961151648736,0,26,3231,1490,10,0.431
737,0.71,81,0.7142857142857141,0.4920170780365397,0,74,2734,733,1,0.001
738,0.72,19,0.7857142857142856,0.7086839799017346,0,16,1553,1637,10,0.999
739,0.7,58,0.6428571428571426,0.542565242415793,0,56,1371,2066,10,0.999
740,0.72,18,0.7857142857142856,0.716560423404389,0,15,3075,721,10,0.605
741,0.69,61,0.5714285714285711,0.5349492857989852,0,60,5000,4202,1,0.631
742,0.71,5,0.7142857142857141,0.8935624106056721,0,3,5000,4633,1,0.999
743,0.69,3,0.5714285714285711,0.9558244090685097,0,3,1,4710,1,0.999
744,0.73,156,0.857142857142857,0.3922777397992939,0,91,1867,69,1,0.013
745,0.69,63,0.5714285714285711,0.5300740514911982,0,62,3808,2685,6,0.731
746,0.67,12,0.42857142857142894,0.7748337045592015,0,14,2731,2284,4,0.482
747,0.69,27,0.5714285714285711,0.657016318590397,0,27,125,905,3,0.655
748,0.7,188,0.6428571428571426,0.36379273380755617,0,104,3028,3209,9,0.118
749,0.71,19,0.7142857142857141,0.7086839799017346,0,17,4107,1755,1,0.868
750,0.7,87,0.6428571428571426,0.48117325751191,0,78,2293,1979,10,0.255
751,0.71,38,0.7142857142857141,0.606134116702036,0,36,4536,4676,5,0.971
752,0.74,25,0.9285714285714285,0.6683961151648736,0,18,3145,367,7,0.221
753,0.72,36,0.7857142857142856,0.6142179295574519,0,33,1057,596,9,0.462
754,0.7,70,0.6428571428571426,0.5141353290723755,0,65,3349,2900,4,0.81
755,0.72,14,0.7857142857142856,0.7528595708332249,0,11,2359,466,4,0.946
756,0.71,18,0.7142857142857141,0.716560423404389,0,16,3377,1880,1,0.546
757,0.7,116,0.6428571428571426,0.43743452884487033,0,89,967,4577,6,0.196
758,0.71,24,0.7142857142857141,0.6744187295236153,0,22,1172,2129,5,0.769
759,0.71,128,0.7142857142857141,0.42244146009410477,0,93,3254,4511,10,0.488
760,0.73,30,0.857142857142857,0.6413868751933132,0,26,4681,536,2,0.737
761,0.72,53,0.7857142857142856,0.556163234891341,0,50,1423,780,8,0.141
762,0.71,109,0.7142857142857141,0.44690800713379075,0,85,4174,3397,4,0.602
763,0.72,9,0.7857142857142856,0.8151215692960625,0,6,3058,1572,6,0.353
764,0.72,34,0.7857142857142856,0.6227510682122778,0,31,39,4268,1,0.888
765,0.73,12,0.857142857142857,0.7748337045592015,0,8,337,212,6,0.526
766,0.64,55,0.21428571428571447,0.5505787291960691,0,55,1423,4842,7,0.752
767,0.75,41,1.0,0.5947543201275594,0,7,3253,1071,7,0.625
768,0.71,27,0.7142857142857141,0.657016318590397,0,25,970,1142,9,0.817
769,0.72,24,0.7857142857142856,0.6744187295236153,0,21,4488,1522,6,0.658
770,0.71,38,0.7142857142857141,0.606134116702036,0,36,1302,2216,5,0.218
771,0.74,43,0.9285714285714285,0.587610846906238,0,33,2949,137,3,0.307
772,0.73,41,0.857142857142857,0.5947543201275594,0,37,4044,856,5,0.918
773,0.71,233,0.7142857142857141,0.3309969394505424,0,105,3676,1891,8,0.055
774,0.68,80,0.5000000000000004,0.49390123642850325,0,75,651,4588,4,0.705
775,0.73,5,0.857142857142857,0.8935624106056721,0,2,3676,3456,6,0.931
776,0.72,26,0.7857142857142856,0.6626008242856689,0,23,4787,1513,3,0.184
777,0.72,113,0.7857142857142856,0.4414232461528954,0,85,2041,3897,9,0.59
778,0.7,35,0.6428571428571426,0.6184252333541786,0,34,1611,2227,7,0.694
779,0.73,32,0.857142857142857,0.6317864378377281,0,28,2621,126,9,0.781
780,0.71,55,0.7142857142857141,0.5505787291960691,0,52,2948,4195,4,0.677
781,0.73,56,0.857142857142857,0.5478608355472233,0,52,4372,847,7,0.427
782,0.72,57,0.7857142857142856,0.5451902120180008,0,54,4105,2694,4,0.24
783,0.7,74,0.6428571428571426,0.5057191416664498,0,68,444,916,6,0.133
784,0.67,4,0.42857142857142894,0.9215591586903905,0,6,2731,3220,1,0.595
785,0.72,44,0.7857142857142856,0.5841599829760593,0,41,3808,1744,9,0.344
786,0.7,46,0.6428571428571426,0.57748254040799,0,45,1867,4127,3,0.881
787,0.71,18,0.7142857142857141,0.716560423404389,0,16,1984,1988,2,0.778
788,0.72,116,0.7857142857142856,0.43743452884487033,0,87,4862,4684,7,0.494
789,0.73,33,0.857142857142857,0.6272023069012611,0,29,3474,359,5,0.746
790,0.71,22,0.7142857142857141,0.6872225577785664,0,20,3560,4500,2,0.978
791,0.72,68,0.7857142857142856,0.5185229699214009,0,62,4990,547,10,0.23
792,0.7,33,0.6428571428571426,0.6272023069012611,0,32,1917,2851,5,0.512
793,0.73,29,0.857142857142857,0.646421981438897,0,25,1722,771,2,0.646
794,0.7,6,0.6428571428571426,0.8698914973790529,0,5,2740,1580,4,0.859
795,0.7,240,0.6428571428571426,0.3264707217647651,0,106,335,4277,9,0.399
796,0.71,14,0.7142857142857141,0.7528595708332249,0,12,38,201,4,0.004
797,0.71,7,0.7142857142857141,0.8493868196741818,0,5,4174,2458,1,0.473
798,0.72,66,0.7857142857142856,0.5230396773738504,0,60,3947,2006,7,0.199
799,0.74,14,0.9285714285714285,0.7528595708332249,0,8,3617,893,1,0.828
800,0.68,56,0.5000000000000004,0.5478608355472233,0,55,709,3276,6,0.43
801,0.71,14,0.7142857142857141,0.7528595708332249,0,12,758,605,1,0.937
802,0.7,70,0.6428571428571426,0.5141353290723755,0,65,3665,2908,6,0.289
803,0.72,38,0.7857142857142856,0.606134116702036,0,35,4739,2060,3,0.537
804,0.71,139,0.7142857142857141,0.4098758894236221,0,95,1680,1679,7,0.09
805,0.71,140,0.7142857142857141,0.4087829525508243,0,96,3918,4375,3,0.683
806,0.72,41,0.7857142857142856,0.5947543201275594,0,38,236,2359,10,0.703
807,0.7,251,0.6428571428571426,0.3196171428760659,0,108,2841,4743,5,0.041
808,0.73,46,0.857142857142857,0.57748254040799,0,42,4226,300,8,0.79
809,0.68,78,0.5000000000000004,0.49774036095082197,0,74,1352,2605,2,0.451
810,0.71,30,0.7142857142857141,0.6413868751933132,0,28,1182,1425,4,0.385
811,0.74,111,0.9285714285714285,0.4441411398017413,0,64,4535,1239,2,0.109
812,0.69,92,0.5714285714285711,0.4726872873361475,0,82,2291,3544,7,0.633
813,0.73,117,0.857142857142857,0.43612765302146494,0,87,1549,77,8,0.518
814,0.7,31,0.6428571428571426,0.636511640885526,0,30,3532,1860,7,0.404
815,0.65,46,0.2857142857142859,0.57748254040799,0,49,815,4165,2,0.869
816,0.73,22,0.857142857142857,0.6872225577785664,0,18,904,646,5,0.605
817,0.72,39,0.7857142857142856,0.6022463905074067,0,36,4891,1692,3,0.887
818,0.72,54,0.7857142857142856,0.5533455965281187,0,51,1817,2072,9,0.484
819,0.69,140,0.5714285714285711,0.4087829525508243,0,99,3758,4378,3,0.772
820,0.71,41,0.7142857142857141,0.5947543201275594,0,39,2683,577,7,0.023
821,0.65,80,0.2857142857142859,0.49390123642850325,0,77,3000,4008,2,0.379
822,0.73,54,0.857142857142857,0.5533455965281187,0,50,4076,952,9,0.627
823,0.73,11,0.857142857142857,0.7871248212113442,0,7,2340,240,2,0.25
824,0.74,997,0.9285714285714285,0.10827295366268852,0,71,4392,11,4,0.442
825,0.7,60,0.6428571428571426,0.5374462023160376,0,58,2456,2706,8,0.784
826,0.73,20,0.857142857142857,0.7011919095218873,0,16,1402,1173,8,0.93
827,0.71,26,0.7142857142857141,0.6626008242856689,0,24,2889,1477,10,0.593
828,0.74,22,0.9285714285714285,0.6872225577785664,0,15,592,337,9,0.295
829,0.67,31,0.42857142857142894,0.636511640885526,0,33,2563,3032,5,0.947
830,0.71,46,0.7142857142857141,0.57748254040799,0,44,3413,1046,4,0.303
831,0.67,165,0.42857142857142894,0.38371816909648393,0,108,1012,3741,9,0.954
832,0.7,52,0.6428571428571426,0.5590335424309957,0,51,170,4117,5,0.455
833,0.73,67,0.857142857142857,0.5207647175069332,0,60,477,48,10,0.068
834,0.73,15,0.857142857142857,0.7429492302798539,0,11,3989,2305,8,0.409
835,0.7,16,0.6428571428571426,0.733639896295589,0,15,1589,5000,2,0.817
836,0.7,33,0.6428571428571426,0.6272023069012611,0,32,3731,1229,1,0.556
837,0.69,55,0.5714285714285711,0.5505787291960691,0,54,686,2172,4,0.567
838,0.73,26,0.857142857142857,0.6626008242856689,0,22,4830,483,2,0.908
839,0.73,33,0.857142857142857,0.6272023069012611,0,29,1566,707,10,0.468
840,0.7,8,0.6428571428571426,0.8313004121428345,0,7,4010,3404,5,0.805
841,0.68,37,0.5000000000000004,0.6101228340100611,0,38,491,4252,2,0.717
842,0.74,10,0.9285714285714285,0.8004860256948938,0,4,192,176,7,0.823
843,0.71,55,0.7142857142857141,0.5505787291960691,0,52,2905,2560,3,0.418
844,0.69,8,0.5714285714285711,0.8313004121428345,0,8,4327,2473,10,0.669
845,0.68,69,0.5000000000000004,0.5163134788179498,0,67,1268,4778,5,0.074
846,0.68,41,0.5000000000000004,0.5947543201275594,0,42,2401,1292,1,0.204
847,0.72,118,0.7857142857142856,0.4348318058174764,0,89,4523,3908,7,0.554
848,0.73,11,0.857142857142857,0.7871248212113442,0,7,4928,1364,2,0.723
849,0.71,291,0.7142857142857141,0.29699440424751167,0,107,1898,4059,7,0.004
850,0.71,120,0.7142857142857141,0.43227246353262194,0,90,1781,2369,8,0.151
851,0.7,70,0.6428571428571426,0.5141353290723755,0,65,3873,4753,4,0.623
852,0.73,20,0.857142857142857,0.7011919095218873,0,16,2802,290,6,0.375
853,0.71,160,0.7142857142857141,0.3884144673004538,0,99,3120,4346,1,0.229
854,0.72,24,0.7857142857142856,0.6744187295236153,0,21,4190,702,9,0.979
855,0.69,62,0.5714285714285711,0.5324923216647217,0,61,4620,2918,7,0.86
856,0.71,46,0.7142857142857141,0.57748254040799,0,44,3237,2051,5,0.11
857,0.65,156,0.2857142857142859,0.3922777397992939,0,106,1111,4433,9,0.647
858,0.69,59,0.5714285714285711,0.5399843920445692,0,58,990,1959,1,0.324
859,0.71,107,0.7142857142857141,0.449725645497013,0,84,3434,4655,6,0.918
860,0.73,39,0.857142857142857,0.6022463905074067,0,35,4511,388,3,0.17
861,0.73,68,0.857142857142857,0.5185229699214009,0,61,1282,926,7,0.703
862,0.71,157,0.7142857142857141,0.39130277155649407,0,98,4316,3230,3,0.055
863,0.7,24,0.6428571428571426,0.6744187295236153,0,23,2926,1735,10,0.803
864,0.72,30,0.7857142857142856,0.6413868751933132,0,27,3289,518,8,0.685
865,0.7,85,0.6428571428571426,0.4847034585569424,0,76,1040,2822,4,0.089
866,0.73,23,0.857142857142857,0.6806872318170163,0,19,1237,445,8,0.88
867,0.71,10,0.7142857142857141,0.8004860256948938,0,8,4592,1901,10,0.594
868,0.71,206,0.7142857142857141,0.34982338206423536,0,103,1494,1833,2,0.03
869,0.71,64,0.7142857142857141,0.5276932753924265,0,61,4084,4216,6,0.744
870,0.72,39,0.7857142857142856,0.6022463905074067,0,36,2973,827,4,0.496
871,0.7,36,0.6428571428571426,0.6142179295574519,0,35,421,2206,4,0.634
872,0.71,203,0.7142857142857141,0.35206512964976777,0,102,2674,4901,9,0.109
873,0.74,78,0.9285714285714285,0.49774036095082197,0,58,3787,147,1,0.858
874,0.72,34,0.7857142857142856,0.6227510682122778,0,31,1812,2763,7,0.384
875,0.69,5,0.5714285714285711,0.8935624106056721,0,5,4919,3476,5,0.989
876,0.71,25,0.7142857142857141,0.6683961151648736,0,23,3495,1492,7,0.239
877,0.71,116,0.7142857142857141,0.43743452884487033,0,88,929,3876,3,0.519
878,0.7,39,0.6428571428571426,0.6022463905074067,0,38,783,984,4,0.752
879,0.71,79,0.7142857142857141,0.4958088011130789,0,72,3545,3600,10,0.474
880,0.71,14,0.7142857142857141,0.7528595708332249,0,12,577,1544,3,0.783
881,0.69,128,0.5714285714285711,0.42244146009410477,0,94,2503,3849,7,0.443
882,0.73,40,0.857142857142857,0.5984546674308676,0,36,3929,1106,5,0.692
883,0.74,18,0.9285714285714285,0.716560423404389,0,11,2154,80,7,0.182
884,0.7,41,0.6428571428571426,0.5947543201275594,0,40,4749,2776,1,0.592
885,0.71,21,0.7142857142857141,0.6940484363005659,0,19,3635,2257,9,0.344
886,0.7,40,0.6428571428571426,0.5984546674308676,0,39,772,4875,3,0.929
887,0.73,82,0.857142857142857,0.49015575849081194,0,72,4721,1081,6,0.041
888,0.73,42,0.857142857142857,0.5911410479512702,0,38,1696,230,5,0.582
889,0.7,74,0.6428571428571426,0.5057191416664498,0,68,3978,2535,10,0.176
890,0.71,8,0.7142857142857141,0.8313004121428345,0,6,2551,2429,3,0.923
891,0.69,37,0.5714285714285711,0.6101228340100611,0,37,298,762,2,0.188
892,0.73,60,0.857142857142857,0.5374462023160376,0,55,4286,1590,5,0.288
893,0.7,50,0.6428571428571426,0.5649403084384235,0,49,1368,4286,10,0.938
894,0.66,28,0.35714285714285743,0.6516278014123285,0,29,2423,2147,6,0.839
895,0.7,88,0.6428571428571426,0.47943813190484186,0,79,4402,4530,1,0.434
896,0.71,62,0.7142857142857141,0.5324923216647217,0,59,1957,2552,5,0.849
897,0.72,12,0.7857142857142856,0.7748337045592015,0,9,1841,1019,1,0.999
898,0.67,121,0.42857142857142894,0.43100861292170967,0,94,451,3941,9,0.249
899,0.69,11,0.5714285714285711,0.7871248212113442,0,11,152,490,4,0.355
900,0.71,45,0.7142857142857141,0.5807849683842385,0,43,4133,2159,1,0.139
901,0.67,126,0.42857142857142894,0.42484083676008266,0,97,1543,4464,6,0.604
902,0.72,394,0.7857142857142856,0.2505999317840468,0,103,4563,4220,4,0.024
903,0.71,18,0.7142857142857141,0.716560423404389,0,16,3138,735,7,0.771
904,0.73,31,0.857142857142857,0.636511640885526,0,27,1089,804,8,0.544
905,0.7,79,0.6428571428571426,0.4958088011130789,0,73,3337,3187,4,0.198
906,0.72,12,0.7857142857142856,0.7748337045592015,0,9,4452,1850,6,0.948
907,0.7,52,0.6428571428571426,0.5590335424309957,0,51,2472,4156,2,0.294
908,0.7,7,0.6428571428571426,0.8493868196741818,0,6,1340,1919,5,0.429
909,0.7,112,0.6428571428571426,0.44277617985978446,0,86,4257,4536,10,0.829
910,0.73,25,0.857142857142857,0.6683961151648736,0,21,2829,424,2,0.079
911,0.7,16,0.6428571428571426,0.733639896295589,0,15,268,3118,8,0.679
912,0.7,36,0.6428571428571426,0.6142179295574519,0,35,4463,3331,9,0.713
913,0.71,20,0.7142857142857141,0.7011919095218873,0,18,3385,1702,1,0.464
914,0.69,67,0.5714285714285711,0.5207647175069332,0,65,3266,4096,10,0.507
915,0.72,68,0.7857142857142856,0.5185229699214009,0,62,4650,864,3,0.257
916,0.73,38,0.857142857142857,0.606134116702036,0,34,1434,327,9,0.87
917,0.72,30,0.7857142857142856,0.6413868751933132,0,27,4142,3022,4,0.403
918,0.71,48,0.7142857142857141,0.5710834069009402,0,46,3071,2015,7,0.653
919,0.7,51,0.6428571428571426,0.5619585257705456,0,50,325,1203,6,0.484
920,0.7,83,0.6428571428571426,0.48831673073323156,0,75,2773,3585,2,0.758
921,0.72,86,0.7857142857142856,0.482928213555163,0,75,3844,1448,8,0.01
922,0.68,146,0.5000000000000004,0.40238381904377474,0,103,1752,3752,4,0.733
923,0.7,11,0.6428571428571426,0.7871248212113442,0,10,1947,2316,2,0.614
924,0.74,516,0.9285714285714285,0.2092689782457181,0,69,3594,20,5,0.892
925,0.7,56,0.6428571428571426,0.5478608355472233,0,54,833,2716,10,0.365
926,0.7,59,0.6428571428571426,0.5399843920445692,0,57,3446,4790,3,0.628
927,0.73,72,0.857142857142857,0.5098695830361675,0,65,4870,170,9,0.378
928,0.7,148,0.6428571428571426,0.4003086931077563,0,100,3392,4336,5,0.656
929,0.73,39,0.857142857142857,0.6022463905074067,0,35,4465,633,7,0.405
930,0.73,31,0.857142857142857,0.636511640885526,0,27,1328,566,4,0.971
931,0.71,80,0.7142857142857141,0.49390123642850325,0,73,2646,3669,6,0.891
932,0.7,30,0.6428571428571426,0.6413868751933132,0,29,4030,1373,4,0.143
933,0.73,48,0.857142857142857,0.5710834069009402,0,44,3700,261,10,0.76
934,0.66,71,0.35714285714285743,0.5119876439598507,0,69,626,2644,5,0.482
935,0.73,17,0.857142857142857,0.7248628227485066,0,13,643,269,1,0.665
936,0.7,76,0.6428571428571426,0.5016779352167811,0,71,3702,2651,6,0.077
937,0.72,27,0.7857142857142856,0.657016318590397,0,24,4780,2387,4,0.827
938,0.72,48,0.7857142857142856,0.5710834069009402,0,45,1638,1380,8,0.3
939,0.71,63,0.7142857142857141,0.5300740514911982,0,60,2648,962,10,0.208
940,0.71,75,0.7142857142857141,0.5036852446157332,0,70,527,3657,4,0.55
941,0.7,143,0.6428571428571426,0.40555005456552284,0,98,2955,4407,5,0.314
942,0.72,45,0.7857142857142856,0.5807849683842385,0,42,4346,548,7,0.563
943,0.7,30,0.6428571428571426,0.6413868751933132,0,29,2366,636,3,0.061
944,0.69,121,0.5714285714285711,0.43100861292170967,0,92,4131,4461,5,0.946
945,0.72,45,0.7857142857142856,0.5807849683842385,0,42,3014,508,8,0.197
946,0.7,28,0.6428571428571426,0.6516278014123285,0,27,468,1316,7,0.931
947,0.66,93,0.35714285714285743,0.47104495101366195,0,86,2706,3933,3,0.342
948,0.72,53,0.7857142857142856,0.556163234891341,0,50,3823,1032,10,0.59
949,0.74,97,0.9285714285714285,0.46464581750661227,0,60,1970,162,1,0.034
950,0.73,186,0.857142857142857,0.36542633413331727,0,92,830,38,6,0.548
951,0.7,46,0.6428571428571426,0.57748254040799,0,45,3577,2732,1,0.21
952,0.67,13,0.42857142857142894,0.763453907984725,0,15,4964,2314,8,0.959
953,0.71,28,0.7142857142857141,0.6516278014123285,0,26,1744,1464,2,0.417
954,0.67,175,0.42857142857142894,0.3747356681175822,0,110,3832,3770,8,0.825
955,0.7,113,0.6428571428571426,0.4414232461528954,0,87,2756,1200,4,0.076
956,0.67,95,0.42857142857142894,0.4678120530283605,0,86,322,3583,10,0.667
957,0.71,41,0.7142857142857141,0.5947543201275594,0,39,14,2027,5,0.81
958,0.74,49,0.9285714285714285,0.5679811401292874,0,37,4159,320,3,0.711
959,0.7,78,0.6428571428571426,0.49774036095082197,0,72,953,1718,10,0.119
960,0.72,48,0.7857142857142856,0.5710834069009402,0,45,1683,2523,1,0.267
961,0.72,79,0.7857142857142856,0.4958088011130789,0,71,3603,1254,3,0.107
962,0.66,2019,0.35714285714285743,0.0,0,122,724,3951,7,0.636
963,0.71,50,0.7142857142857141,0.5649403084384235,0,48,3652,4872,7,0.527
964,0.74,144,0.9285714285714285,0.40448737224555353,0,66,4762,98,5,0.276
965,0.73,20,0.857142857142857,0.7011919095218873,0,16,1653,1103,6,0.85
966,0.68,9,0.5000000000000004,0.8151215692960625,0,10,2520,1561,9,0.626
967,0.71,17,0.7142857142857141,0.7248628227485066,0,15,261,416,8,0.488
968,0.7,19,0.6428571428571426,0.7086839799017346,0,18,2817,3112,4,0.77
969,0.7,397,0.6428571428571426,0.24943808274279766,0,114,4240,1931,6,0.022
970,0.68,13,0.5000000000000004,0.763453907984725,0,14,2469,1843,4,0.602
971,0.72,93,0.7857142857142856,0.47104495101366195,0,78,4435,4148,10,0.141
972,0.72,17,0.7857142857142856,0.7248628227485066,0,14,3325,817,2,0.888
973,0.72,18,0.7857142857142856,0.716560423404389,0,15,1194,732,4,0.677
974,0.73,11,0.857142857142857,0.7871248212113442,0,7,4561,1619,2,0.831
975,0.69,63,0.5714285714285711,0.5300740514911982,0,62,1526,2157,10,0.296
976,0.73,80,0.857142857142857,0.49390123642850325,0,71,4907,1155,1,0.174
977,0.68,114,0.5000000000000004,0.4400821286117913,0,90,1999,3459,6,0.584
978,0.74,72,0.9285714285714285,0.5098695830361675,0,53,1804,149,9,0.699
979,0.7,184,0.6428571428571426,0.36707750039067677,0,103,418,4884,3,0.451
980,0.73,31,0.857142857142857,0.636511640885526,0,27,4101,1821,10,0.436
981,0.72,52,0.7857142857142856,0.5590335424309957,0,49,1496,4204,5,0.837
982,0.66,4,0.35714285714285743,0.9215591586903905,0,7,2317,1909,1,0.94
983,0.72,23,0.7857142857142856,0.6806872318170163,0,20,3180,434,4,0.537
984,0.73,19,0.857142857142857,0.7086839799017346,0,15,1053,520,2,0.779
985,0.72,30,0.7857142857142856,0.6413868751933132,0,27,4405,2130,5,0.742
986,0.7,59,0.6428571428571426,0.5399843920445692,0,57,1385,1593,6,0.131
987,0.72,31,0.7857142857142856,0.636511640885526,0,28,2866,745,9,0.348
988,0.73,16,0.857142857142857,0.733639896295589,0,12,310,3361,4,0.879
989,0.68,7,0.5000000000000004,0.8493868196741818,0,8,608,2437,9,0.517
990,0.71,52,0.7142857142857141,0.5590335424309957,0,50,2549,4819,4,0.241
991,0.73,56,0.857142857142857,0.5478608355472233,0,52,3971,219,7,0.991
992,0.7,83,0.6428571428571426,0.48831673073323156,0,75,3422,1967,9,0.228
993,0.7,43,0.6428571428571426,0.587610846906238,0,42,1099,2033,6,0.457
994,0.66,26,0.35714285714285743,0.6626008242856689,0,28,3230,4417,1,0.801
995,0.71,63,0.7142857142857141,0.5300740514911982,0,60,4618,616,9,0.053
996,0.66,51,0.35714285714285743,0.5619585257705456,0,53,2208,2921,3,0.705
997,0.71,22,0.7142857142857141,0.6872225577785664,0,20,1465,685,3,0.571
998,0.71,156,0.7142857142857141,0.3922777397992939,0,97,4188,3301,7,0.172
999,0.71,38,0.7142857142857141,0.606134116702036,0,36,3113,1653,5,0.92
1000,0.73,13,0.857142857142857,0.763453907984725,0,9,370,279,5,0.216
1001,0.68,113,0.5000000000000004,0.4414232461528954,0,89,2805,2582,10,0.558
1002,0.72,25,0.7857142857142856,0.6683961151648736,0,22,3881,2377,2,0.307
1003,0.69,25,0.5714285714285711,0.6683961151648736,0,25,1793,4759,8,0.965
1004,0.72,23,0.7857142857142856,0.6806872318170163,0,20,1910,1351,8,0.819
1005,0.72,49,0.7857142857142856,0.5679811401292874,0,46,3547,991,6,0.658
1006,0.71,64,0.7142857142857141,0.5276932753924265,0,61,800,3608,1,0.07
1007,0.71,14,0.7142857142857141,0.7528595708332249,0,12,926,1495,3,0.336
1008,0.69,47,0.5714285714285711,0.5742496424226884,0,47,2590,4244,8,0.872
1009,0.73,24,0.857142857142857,0.6744187295236153,0,20,4017,720,1,0.122
1010,0.7,126,0.6428571428571426,0.42484083676008266,0,92,1578,3415,6,0.651
1011,0.73,271,0.857142857142857,0.3078895387182774,0,97,4837,2859,5,0.226
1012,0.7,41,0.6428571428571426,0.5947543201275594,0,40,3723,2183,8,0.975
1013,0.7,20,0.6428571428571426,0.7011919095218873,0,19,674,1213,10,0.9
1014,0.74,31,0.9285714285714285,0.636511640885526,0,24,4822,1438,7,0.621
1015,0.7,361,0.6428571428571426,0.26399648141273646,0,112,1597,2287,4,0.002
1016,0.71,177,0.7142857142857141,0.37300054251051395,0,101,4002,4983,8,0.724
1017,0.73,87,0.857142857142857,0.48117325751191,0,75,2616,50,1,0.476
1018,0.65,17,0.2857142857142859,0.7248628227485066,0,18,162,1722,1,0.646
1019,0.71,85,0.7142857142857141,0.4847034585569424,0,75,2914,4106,6,0.113
1020,0.72,17,0.7857142857142856,0.7248628227485066,0,14,4299,932,3,0.862
1021,0.7,70,0.6428571428571426,0.5141353290723755,0,65,1279,3237,9,0.395
1022,0.73,15,0.857142857142857,0.7429492302798539,0,11,2411,376,7,0.264
1023,0.7,35,0.6428571428571426,0.6184252333541786,0,34,4494,2993,2,0.977
1024,0.73,36,0.857142857142857,0.6142179295574519,0,32,3506,572,1,0.292
1025,0.69,7,0.5714285714285711,0.8493868196741818,0,7,812,1944,9,0.715
1026,0.72,37,0.7857142857142856,0.6101228340100611,0,34,4958,409,6,0.806
1027,0.72,36,0.7857142857142856,0.6142179295574519,0,33,1772,789,5,0.32
1028,0.71,6,0.7142857142857141,0.8698914973790529,0,4,3903,3173,10,0.906
1029,0.67,58,0.42857142857142894,0.542565242415793,0,57,382,4180,8,0.569
1030,0.74,7,0.9285714285714285,0.8493868196741818,0,2,64,104,3,0.956
1031,0.67,114,0.42857142857142894,0.4400821286117913,0,91,4631,3834,1,0.671
1032,0.73,61,0.857142857142857,0.5349492857989852,0,56,3206,1130,9,0.421
1033,0.63,83,0.14285714285714296,0.48831673073323156,0,78,1119,3513,4,0.821
1034,0.72,59,0.7857142857142856,0.5399843920445692,0,56,4521,1308,10,0.363
1035,0.63,91,0.14285714285714296,0.47434737898991064,0,83,2384,3926,5,0.894
1036,0.7,5,0.6428571428571426,0.8935624106056721,0,4,1251,2471,1,0.764
1037,0.71,66,0.7142857142857141,0.5230396773738504,0,62,4325,4775,6,0.478
1038,0.73,30,0.857142857142857,0.6413868751933132,0,26,2898,194,3,0.727
1039,0.69,29,0.5714285714285711,0.646421981438897,0,29,508,1627,4,0.401
1040,0.71,48,0.7142857142857141,0.5710834069009402,0,46,287,2341,6,0.28
1041,0.7,48,0.6428571428571426,0.5710834069009402,0,47,1399,2702,4,0.53
1042,0.71,26,0.7142857142857141,0.6626008242856689,0,24,3316,1472,5,0.847
1043,0.66,166,0.35714285714285743,0.38279590216567594,0,109,1029,3776,10,0.38
1044,0.72,26,0.7857142857142856,0.6626008242856689,0,23,1228,1405,1,0.586
1045,0.7,86,0.6428571428571426,0.482928213555163,0,77,3198,4022,6,0.188
1046,0.72,17,0.7857142857142856,0.7248628227485066,0,14,4581,947,4,0.935
1047,0.71,128,0.7142857142857141,0.42244146009410477,0,93,2343,3643,8,0.338
1048,0.73,39,0.857142857142857,0.6022463905074067,0,35,1523,254,7,0.441
1049,0.7,249,0.6428571428571426,0.32084071096251243,0,107,3002,2411,10,0.038
1050,0.61,76,0.0,0.5016779352167811,0,76,95,4715,4,0.69
1051,0.7,19,0.6428571428571426,0.7086839799017346,0,18,394,661,9,0.835
1052,0.7,136,0.6428571428571426,0.413202163503247,0,95,2686,3356,5,0.423
1053,0.7,40,0.6428571428571426,0.5984546674308676,0,39,3756,1687,7,0.673
1054,0.71,162,0.7142857142857141,0.386518678006581,0,100,4889,4392,9,0.542
1055,0.69,279,0.5714285714285711,0.3034383000292942,0,113,4532,2679,9,0.447
1056,0.7,58,0.6428571428571426,0.542565242415793,0,56,3150,2281,2,0.695
1057,0.7,96,0.6428571428571426,0.46622077472210044,0,81,3346,4728,10,0.271
1058,0.72,117,0.7857142857142856,0.43612765302146494,0,88,4424,305,2,0.521
1059,0.71,89,0.7142857142857141,0.4777223935817314,0,77,1350,999,8,0.103
1060,0.7,83,0.6428571428571426,0.48831673073323156,0,75,4228,3615,4,0.64
1061,0.69,38,0.5714285714285711,0.606134116702036,0,38,2838,1339,6,0.39
1062,0.72,25,0.7857142857142856,0.6683961151648736,0,22,565,590,6,0.746
1063,0.7,62,0.6428571428571426,0.5324923216647217,0,60,3921,2066,9,0.775
1064,0.7,145,0.6428571428571426,0.40343199364183957,0,99,4741,4360,7,0.875
1065,0.72,38,0.7857142857142856,0.606134116702036,0,35,3663,677,5,0.127
1066,0.73,34,0.857142857142857,0.6227510682122778,0,30,712,352,5,0.018
1067,0.71,63,0.7142857142857141,0.5300740514911982,0,60,4692,2001,3,0.492
1068,0.72,31,0.7857142857142856,0.636511640885526,0,28,1706,1776,9,0.884
1069,0.72,39,0.7857142857142856,0.6022463905074067,0,36,2560,888,6,0.606
1070,0.67,41,0.42857142857142894,0.5947543201275594,0,43,595,3272,1,0.137
1071,0.7,180,0.6428571428571426,0.37043407080706436,0,102,36,3673,7,0.411
1072,0.71,123,0.7142857142857141,0.42851169640465725,0,91,2743,4505,8,0.709
1073,0.73,32,0.857142857142857,0.6317864378377281,0,28,3855,532,4,0.461
1074,0.71,35,0.7142857142857141,0.6184252333541786,0,33,1724,2837,10,0.797
1075,0.71,29,0.7142857142857141,0.646421981438897,0,27,1919,776,6,0.916
1076,0.71,102,0.7142857142857141,0.45700459025988116,0,82,4988,3394,1,0.326
1077,0.71,11,0.7142857142857141,0.7871248212113442,0,9,3563,1566,8,0.575
1078,0.73,33,0.857142857142857,0.6272023069012611,0,29,871,901,1,0.432
1079,0.7,6,0.6428571428571426,0.8698914973790529,0,5,3476,3205,7,0.841
1080,0.73,404,0.857142857142857,0.24676080726172822,0,103,4860,1750,3,0.091
1081,0.72,53,0.7857142857142856,0.556163234891341,0,50,1869,1974,7,0.532
1082,0.73,48,0.857142857142857,0.5710834069009402,0,44,2734,363,10,0.944
1083,0.7,36,0.6428571428571426,0.6142179295574519,0,35,125,1411,10,0.178
1084,0.7,269,0.6428571428571426,0.30902280572456586,0,109,4102,1243,8,0.332
1085,0.71,223,0.7142857142857141,0.3377035504074134,0,104,1551,3549,2,0.925
1086,0.74,95,0.9285714285714285,0.4678120530283605,0,59,2293,62,4,0.795
1087,0.71,90,0.7142857142857141,0.4760256140810889,0,78,3164,1383,8,0.114
1088,0.65,50,0.2857142857142859,0.5649403084384235,0,53,984,4129,4,0.86
1089,0.67,38,0.42857142857142894,0.606134116702036,0,39,4875,3295,2,0.602
1090,0.72,32,0.7857142857142856,0.6317864378377281,0,29,4581,2106,7,0.81
1091,0.72,19,0.7857142857142856,0.7086839799017346,0,16,652,313,9,0.538
1092,0.69,90,0.5714285714285711,0.4760256140810889,0,81,3496,2610,3,0.287
1093,0.73,19,0.857142857142857,0.7086839799017346,0,15,3963,1825,2,0.332
1094,0.72,125,0.7857142857142856,0.4260547322703939,0,91,357,4488,8,0.278
1095,0.66,20,0.35714285714285743,0.7011919095218873,0,22,1,624,5,0.627
1096,0.73,39,0.857142857142857,0.6022463905074067,0,35,3078,1679,1,0.117
1097,0.72,37,0.7857142857142856,0.6101228340100611,0,34,4216,762,1,0.236
1098,0.73,10,0.857142857142857,0.8004860256948938,0,6,3577,1870,1,0.827
1099,0.74,31,0.9285714285714285,0.636511640885526,0,24,721,146,8,0.887
1100,0.72,13,0.7857142857142856,0.763453907984725,0,10,7,749,7,0.764
1101,0.72,8,0.7857142857142856,0.8313004121428345,0,5,4838,1960,4,0.999
1102,0.73,23,0.857142857142857,0.6806872318170163,0,19,1079,866,4,0.931
1103,0.71,27,0.7142857142857141,0.657016318590397,0,25,631,1716,1,0.414
1104,0.73,22,0.857142857142857,0.6872225577785664,0,18,2843,275,9,0.991
1105,0.71,85,0.7142857142857141,0.4847034585569424,0,75,3662,975,1,0.001
1106,0.71,39,0.7142857142857141,0.6022463905074067,0,37,1246,1750,7,0.909
1107,0.73,38,0.857142857142857,0.606134116702036,0,34,5000,1672,1,0.199
1108,0.69,3,0.5714285714285711,0.9558244090685097,0,3,2200,3210,1,0.98
1109,0.73,9,0.857142857142857,0.8151215692960625,0,5,241,218,1,0.761
1110,0.73,104,0.857142857142857,0.4540514803551122,0,82,1202,69,6,0.998
1111,0.69,3,0.5714285714285711,0.9558244090685097,0,3,1289,4916,1,0.999
1112,0.73,7,0.857142857142857,0.8493868196741818,0,3,149,215,4,0.679
1113,0.72,14,0.7857142857142856,0.7528595708332249,0,11,4298,1559,1,0.526
1114,0.73,17,0.857142857142857,0.7248628227485066,0,13,5000,997,1,0.656
1115,0.72,23,0.7857142857142856,0.6806872318170163,0,20,4111,1005,7,0.999
1116,0.7,352,0.6428571428571426,0.2678624557860413,0,111,3839,4078,10,0.001
1117,0.72,13,0.7857142857142856,0.763453907984725,0,10,5000,977,1,0.905
1118,0.7,435,0.6428571428571426,0.23543518496277682,0,115,2552,5000,10,0.001
1119,0.68,18,0.5000000000000004,0.716560423404389,0,19,654,1809,8,0.866
1120,0.72,52,0.7857142857142856,0.5590335424309957,0,49,4789,841,10,0.642
1121,0.71,92,0.7142857142857141,0.4726872873361475,0,79,2037,3145,5,0.116
1122,0.73,28,0.857142857142857,0.6516278014123285,0,24,1608,460,2,0.231
1123,0.7,90,0.6428571428571426,0.4760256140810889,0,80,537,4573,8,0.981
1124,0.7,28,0.6428571428571426,0.6516278014123285,0,27,230,1147,3,0.618
1125,0.67,118,0.42857142857142894,0.4348318058174764,0,92,2947,3452,9,0.157
1126,0.72,17,0.7857142857142856,0.7248628227485066,0,14,4373,1507,1,0.904
1127,0.7,39,0.6428571428571426,0.6022463905074067,0,38,4491,4915,5,0.754
1128,0.73,72,0.857142857142857,0.5098695830361675,0,65,3376,122,7,0.006
1129,0.7,37,0.6428571428571426,0.6101228340100611,0,36,972,2739,3,0.721
1130,0.74,38,0.9285714285714285,0.606134116702036,0,30,1169,206,9,0.312
1131,0.73,75,0.857142857142857,0.5036852446157332,0,68,4680,2444,6,0.212
1132,0.71,50,0.7142857142857141,0.5649403084384235,0,48,2246,4827,1,0.562
1133,0.73,22,0.857142857142857,0.6872225577785664,0,18,1426,1282,5,0.661
1134,0.71,11,0.7142857142857141,0.7871248212113442,0,9,3060,1056,2,0.815
1135,0.68,242,0.5000000000000004,0.3252016485713378,0,114,1,3889,10,0.001
1136,0.69,55,0.5714285714285711,0.5505787291960691,0,54,3674,4191,2,0.391
1137,0.66,167,0.35714285714285743,0.38187914133890366,0,110,444,4979,8,0.759
1138,0.67,48,0.42857142857142894,0.5710834069009402,0,50,1551,4138,6,0.405
1139,0.67,45,0.42857142857142894,0.5807849683842385,0,47,1180,2985,3,0.505
1140,0.69,137,0.5714285714285711,0.412085380527073,0,98,4420,2069,7,0.063
1141,0.67,24,0.42857142857142894,0.6744187295236153,0,25,2485,4452,1,0.711
1142,0.69,31,0.5714285714285711,0.636511640885526,0,31,4047,3078,6,0.511
1143,0.69,15,0.5714285714285711,0.7429492302798539,0,15,2619,1877,4,0.261
1144,0.69,121,0.5714285714285711,0.43100861292170967,0,92,1300,3890,7,0.369
1145,0.65,38,0.2857142857142859,0.606134116702036,0,40,2355,2221,10,0.472
1146,0.69,6,0.5714285714285711,0.8698914973790529,0,6,3256,2511,3,0.962
1147,0.67,265,0.42857142857142894,0.3113147435319483,0,116,4172,3977,9,0.066
1148,0.67,123,0.42857142857142894,0.42851169640465725,0,95,333,2123,2,0.049
1149,0.68,164,0.5000000000000004,0.3846460086709531,0,107,841,4262,4,0.168
1150,0.67,49,0.42857142857142894,0.5679811401292874,0,51,1986,4132,9,0.682
1151,0.68,354,0.5000000000000004,0.2669948999056003,0,117,3805,4669,3,0.194
1152,0.66,184,0.35714285714285743,0.36707750039067677,0,112,442,2981,5,0.282
1153,0.66,412,0.35714285714285743,0.2437571519376801,0,121,3032,3794,5,0.58
1154,0.69,391,0.5714285714285711,0.2517706387179566,0,117,1180,4975,6,0.047
1155,0.69,7,0.5714285714285711,0.8493868196741818,0,7,1059,2345,4,0.987
1156,0.67,92,0.42857142857142894,0.4726872873361475,0,84,2483,2610,8,0.237
1157,0.69,172,0.5714285714285711,0.37737568126448806,0,104,239,4034,1,0.853
1158,0.67,64,0.42857142857142894,0.5276932753924265,0,65,2530,2894,1,0.028
1159,0.69,97,0.5714285714285711,0.46464581750661227,0,84,1678,4448,3,0.497
1160,0.68,34,0.5000000000000004,0.6227510682122778,0,35,2185,1665,3,0.351
1161,0.67,45,0.42857142857142894,0.5807849683842385,0,47,760,3295,9,0.6
1162,0.66,124,0.35714285714285743,0.4272783003568402,0,96,3615,3047,10,0.74
1163,0.66,78,0.35714285714285743,0.49774036095082197,0,76,2136,4617,7,0.765
1164,0.69,61,0.5714285714285711,0.5349492857989852,0,60,3950,4081,3,0.357
1165,0.68,3,0.5000000000000004,0.9558244090685097,0,4,2887,4958,1,0.993
1166,0.68,8,0.5000000000000004,0.8313004121428345,0,9,2454,1188,2,0.63
1167,0.69,224,0.5714285714285711,0.33701955380928417,0,110,4395,3570,8,0.097
1168,0.69,71,0.5714285714285711,0.5119876439598507,0,67,4074,2637,2,0.785
1169,0.68,158,0.5000000000000004,0.39033395457383013,0,104,1820,4304,2,0.085
1170,0.63,37,0.14285714285714296,0.6101228340100611,0,39,2015,2087,3,0.2
1171,0.63,58,0.14285714285714296,0.542565242415793,0,58,901,2956,6,0.95
1172,0.69,271,0.5714285714285711,0.3078895387182774,0,112,3534,4560,4,0.059
1173,0.69,23,0.5714285714285711,0.6806872318170163,0,22,1889,3104,2,0.466
1174,0.69,13,0.5714285714285711,0.763453907984725,0,12,2792,1875,2,0.158
1175,0.68,33,0.5000000000000004,0.6272023069012611,0,34,3089,2801,7,0.302
1176,0.69,24,0.5714285714285711,0.6744187295236153,0,24,4202,2242,5,0.552
1177,0.65,232,0.2857142857142859,0.33165457207189075,0,115,1455,4860,10,0.206
1178,0.67,120,0.42857142857142894,0.43227246353262194,0,93,2197,1530,7,0.071
1179,0.69,62,0.5714285714285711,0.5324923216647217,0,61,1000,1043,7,0.147
1180,0.67,139,0.42857142857142894,0.4098758894236221,0,100,3405,3739,3,0.612
1181,0.63,306,0.14285714285714296,0.2893021291686614,0,117,180,2577,9,0.016
1182,0.68,12,0.5000000000000004,0.7748337045592015,0,13,2086,475,10,0.501
1183,0.64,113,0.21428571428571447,0.4414232461528954,0,90,704,4488,2,0.251
1184,0.68,91,0.5000000000000004,0.47434737898991064,0,82,3748,3516,4,0.373
1185,0.63,127,0.14285714285714296,0.42363646209687034,0,99,2105,3821,2,0.152
1186,0.66,66,0.35714285714285743,0.5230396773738504,0,66,479,2667,6,0.75
1187,0.67,93,0.42857142857142894,0.47104495101366195,0,85,983,4662,5,0.515
1188,0.64,176,0.21428571428571447,0.3738656545586274,0,112,44,4348,10,0.322
1189,0.69,71,0.5714285714285711,0.5119876439598507,0,67,4935,4047,4,0.407
1190,0.67,129,0.42857142857142894,0.4212556859980986,0,98,3478,3878,9,0.922
1191,0.67,105,0.42857142857142894,0.4525959530366679,0,87,3775,2766,5,0.043
1192,0.68,41,0.5000000000000004,0.5947543201275594,0,42,2657,2188,7,0.791
1193,0.65,75,0.2857142857142859,0.5036852446157332,0,71,111,833,8,0.087
1194,0.69,10,0.5714285714285711,0.8004860256948938,0,10,2985,3138,2,0.687
1195,0.69,107,0.5714285714285711,0.449725645497013,0,85,4609,4604,6,0.286
1196,0.69,37,0.5714285714285711,0.6101228340100611,0,37,1244,3050,8,0.191
1197,0.69,40,0.5714285714285711,0.5984546674308676,0,40,3296,2825,8,0.494
1198,0.66,346,0.35714285714285743,0.27049492566824096,0,118,2439,4513,10,0.032
1199,0.69,37,0.5714285714285711,0.6101228340100611,0,37,4288,4288,2,0.596
1200,0.69,45,0.5714285714285711,0.5807849683842385,0,45,2113,1087,5,0.385
1201,0.69,201,0.5714285714285711,0.35357801856110294,0,106,4714,3705,10,0.856
1202,0.69,15,0.5714285714285711,0.7429492302798539,0,15,774,2255,3,0.247
1203,0.66,36,0.35714285714285743,0.6142179295574519,0,37,2162,2792,9,0.996
1204,0.67,87,0.42857142857142894,0.48117325751191,0,80,3941,3486,1,0.376
1205,0.69,120,0.5714285714285711,0.43227246353262194,0,91,579,3866,3,0.101
1206,0.67,63,0.42857142857142894,0.5300740514911982,0,64,1337,4549,1,0.736
1207,0.68,72,0.5000000000000004,0.5098695830361675,0,68,1081,3199,7,0.353
1208,0.67,118,0.42857142857142894,0.4348318058174764,0,92,3131,3428,8,0.082
1209,0.67,47,0.42857142857142894,0.5742496424226884,0,49,2268,4237,6,0.426
1210,0.67,74,0.42857142857142894,0.5057191416664498,0,70,140,2890,2,0.546
1211,0.68,164,0.5000000000000004,0.3846460086709531,0,107,1853,3726,5,0.184
1212,0.67,53,0.42857142857142894,0.556163234891341,0,54,4877,2545,7,0.693
1213,0.68,66,0.5000000000000004,0.5230396773738504,0,65,3449,2497,3,0.445
1214,0.63,70,0.14285714285714296,0.5141353290723755,0,69,898,4803,9,0.781
1215,0.66,166,0.35714285714285743,0.38279590216567594,0,109,1939,4931,4,0.298
1216,0.65,100,0.2857142857142859,0.46001560795543084,0,88,3083,4645,9,0.463
1217,0.66,127,0.35714285714285743,0.42363646209687034,0,98,1437,3015,7,0.063
1218,0.66,86,0.35714285714285743,0.482928213555163,0,79,2257,877,9,0.162
1219,0.69,54,0.5714285714285711,0.5533455965281187,0,53,4667,3259,3,0.565
1220,0.69,24,0.5714285714285711,0.6744187295236153,0,24,3278,1783,6,0.316
1221,0.68,47,0.5000000000000004,0.5742496424226884,0,48,1147,4088,1,0.91
1222,0.67,27,0.42857142857142894,0.657016318590397,0,28,2383,3329,3,0.868
1223,0.69,81,0.5714285714285711,0.4920170780365397,0,75,4349,2948,9,0.255
1224,0.69,23,0.5714285714285711,0.6806872318170163,0,22,2962,2100,1,0.506
1225,0.65,166,0.2857142857142859,0.38279590216567594,0,110,211,4404,7,0.222
1226,0.69,40,0.5714285714285711,0.5984546674308676,0,40,509,974,2,0.367
1227,0.68,96,0.5000000000000004,0.46622077472210044,0,84,1625,3990,8,0.615
1228,0.67,19,0.42857142857142894,0.7086839799017346,0,21,2055,2398,8,0.73
1229,0.67,208,0.42857142857142894,0.3483468612421171,0,112,4773,4704,2,0.012
1230,0.66,88,0.35714285714285743,0.47943813190484186,0,81,2068,4691,8,0.415
1231,0.68,50,0.5000000000000004,0.5649403084384235,0,50,4037,3998,2,0.958
1232,0.68,36,0.5000000000000004,0.6142179295574519,0,36,198,2102,9,0.912
1233,0.67,53,0.42857142857142894,0.556163234891341,0,54,1312,2931,3,0.164
1234,0.69,162,0.5714285714285711,0.386518678006581,0,103,941,4319,6,0.808
1235,0.68,14,0.5000000000000004,0.7528595708332249,0,15,1140,1790,5,0.22
1236,0.68,52,0.5000000000000004,0.5590335424309957,0,53,2255,3247,7,0.969
1237,0.68,144,0.5000000000000004,0.40448737224555353,0,102,7,4632,1,0.12
1238,0.69,135,0.5714285714285711,0.4143271281126053,0,96,4976,4934,8,0.145
1239,0.67,57,0.42857142857142894,0.5451902120180008,0,56,881,2485,7,0.099
1240,0.67,169,0.42857142857142894,0.38006187773448596,0,109,3816,3715,6,0.274
1241,0.69,16,0.5714285714285711,0.733639896295589,0,16,2704,1323,3,0.525
1242,0.67,32,0.42857142857142894,0.6317864378377281,0,34,3021,2873,8,0.886
1243,0.68,5,0.5000000000000004,0.8935624106056721,0,6,2286,1603,10,0.735
1244,0.69,112,0.5714285714285711,0.44277617985978446,0,87,1207,3430,2,0.486
1245,0.68,236,0.5000000000000004,0.3290407730936563,0,112,1646,3488,10,0.036
1246,0.69,65,0.5714285714285711,0.5253488484434004,0,63,742,1267,9,0.453
1247,0.64,102,0.21428571428571447,0.45700459025988116,0,89,3605,3962,3,0.789
1248,0.68,63,0.5000000000000004,0.5300740514911982,0,63,2126,3697,1,0.701
1249,0.69,66,0.5714285714285711,0.5230396773738504,0,64,625,4813,7,0.334
1250,0.67,140,0.42857142857142894,0.4087829525508243,0,101,2859,3379,8,0.538
1251,0.69,27,0.5714285714285711,0.657016318590397,0,27,3168,3063,2,0.346
1252,0.68,160,0.5000000000000004,0.3884144673004538,0,105,2314,4597,5,0.133
1253,0.68,11,0.5000000000000004,0.7871248212113442,0,12,104,3131,9,0.777
1254,0.67,76,0.42857142857142894,0.5016779352167811,0,73,2007,1171,10,0.269
1255,0.68,13,0.5000000000000004,0.763453907984725,0,14,353,2595,1,0.898
1256,0.66,24,0.35714285714285743,0.6744187295236153,0,26,57,1650,6,0.513
1257,0.65,123,0.2857142857142859,0.42851169640465725,0,96,1483,3319,3,0.263
1258,0.68,19,0.5000000000000004,0.7086839799017346,0,20,2225,614,2,0.397
1259,0.66,42,0.35714285714285743,0.5911410479512702,0,44,2414,3006,9,0.573
1260,0.66,68,0.35714285714285743,0.5185229699214009,0,67,2599,2664,5,0.659
1261,0.69,20,0.5714285714285711,0.7011919095218873,0,20,2098,1435,4,0.968
1262,0.66,150,0.35714285714285743,0.39826123634292576,0,105,4810,3819,8,0.306
1263,0.67,93,0.42857142857142894,0.47104495101366195,0,85,672,3534,6,0.218
1264,0.68,141,0.5000000000000004,0.40769773967804757,0,100,3721,4476,9,0.16
1265,0.66,96,0.35714285714285743,0.46622077472210044,0,87,2073,2866,6,0.318
1266,0.68,168,0.5000000000000004,0.3809678212612375,0,108,2588,1634,8,0.057
1267,0.68,162,0.5000000000000004,0.386518678006581,0,106,3504,3341,10,0.138
1268,0.66,150,0.35714285714285743,0.39826123634292576,0,105,2012,4309,7,0.354
1269,0.67,47,0.42857142857142894,0.5742496424226884,0,49,396,2960,1,0.736
1270,0.69,14,0.5714285714285711,0.7528595708332249,0,14,97,1390,6,0.848
1271,0.67,153,0.42857142857142894,0.39524034582245315,0,105,1520,3648,4,0.099
1272,0.69,87,0.5714285714285711,0.48117325751191,0,79,4584,2622,8,0.523
1273,0.68,19,0.5000000000000004,0.7086839799017346,0,20,3195,2416,5,0.276
1274,0.67,63,0.42857142857142894,0.5300740514911982,0,64,1230,4720,10,0.998
1275,0.69,185,0.5714285714285711,0.3662496979418195,0,105,1026,2326,1,0.035
1276,0.67,145,0.42857142857142894,0.40343199364183957,0,104,3319,4944,6,0.693
1277,0.69,78,0.5714285714285711,0.49774036095082197,0,73,4275,3555,2,0.342
1278,0.66,127,0.35714285714285743,0.42363646209687034,0,98,284,3781,4,0.181
1279,0.65,76,0.2857142857142859,0.5016779352167811,0,74,1708,4622,3,0.543
1280,0.67,21,0.42857142857142894,0.6940484363005659,0,23,2138,1761,3,0.678
1281,0.69,236,0.5714285714285711,0.3290407730936563,0,111,4690,4066,9,0.08
1282,0.67,144,0.42857142857142894,0.40448737224555353,0,103,2188,4443,9,0.189
1283,0.69,35,0.5714285714285711,0.6184252333541786,0,35,2533,672,10,0.435
1284,0.69,43,0.5714285714285711,0.587610846906238,0,43,563,3290,5,0.838
1285,0.68,40,0.5000000000000004,0.5984546674308676,0,41,2485,1013,4,0.332
1286,0.68,86,0.5000000000000004,0.482928213555163,0,78,4421,3630,8,0.924
1287,0.68,42,0.5000000000000004,0.5911410479512702,0,43,3349,1334,1,0.175
1288,0.67,76,0.42857142857142894,0.5016779352167811,0,73,1056,4029,6,0.584
1289,0.65,191,0.2857142857142859,0.3613744636340326,0,113,3147,3809,10,0.858
1290,0.68,18,0.5000000000000004,0.716560423404389,0,19,3030,2276,6,0.988
1291,0.69,144,0.5714285714285711,0.40448737224555353,0,101,127,4971,1,0.27
1292,0.68,239,0.5000000000000004,0.32710921325591324,0,113,874,2976,9,0.029
1293,0.68,31,0.5000000000000004,0.636511640885526,0,32,843,2118,8,0.264
1294,0.67,134,0.42857142857142894,0.41546039511889377,0,99,3858,3389,6,0.111
1295,0.64,76,0.21428571428571447,0.5016779352167811,0,75,3058,2506,9,0.724
1296,0.65,32,0.2857142857142859,0.6317864378377281,0,35,2244,1277,10,0.899
1297,0.66,93,0.35714285714285743,0.47104495101366195,0,86,4682,3972,5,0.373
1298,0.63,171,0.14285714285714296,0.3782658691626145,0,111,1171,3687,3,0.15
1299,0.68,92,0.5000000000000004,0.4726872873361475,0,83,3379,3447,3,0.41
1300,0.68,109,0.5000000000000004,0.44690800713379075,0,87,2357,3905,1,0.068
1301,0.69,202,0.5714285714285711,0.35281971093421594,0,107,4371,4911,10,0.555
1302,0.65,41,0.2857142857142859,0.5947543201275594,0,44,227,2753,7,0.967
1303,0.69,15,0.5714285714285711,0.7429492302798539,0,15,534,1804,2,0.574
1304,0.68,67,0.5000000000000004,0.5207647175069332,0,66,2622,4187,8,0.17
1305,0.67,8,0.42857142857142894,0.8313004121428345,0,10,1610,3160,10,0.323
1306,0.68,15,0.5000000000000004,0.7429492302798539,0,16,2040,455,6,0.453
1307,0.68,18,0.5000000000000004,0.716560423404389,0,19,4787,3073,1,0.803
1308,0.69,28,0.5714285714285711,0.6516278014123285,0,28,651,1151,1,0.341
1309,0.68,369,0.5000000000000004,0.26063991099634887,0,119,4045,4922,2,0.034
1310,0.68,44,0.5000000000000004,0.5841599829760593,0,44,534,2742,5,0.444
1311,0.68,85,0.5000000000000004,0.4847034585569424,0,77,226,1813,10,0.081
1312,0.69,8,0.5714285714285711,0.8313004121428345,0,8,1304,3151,2,0.831
1313,0.69,26,0.5714285714285711,0.6626008242856689,0,26,4490,3084,8,0.296
1314,0.68,233,0.5000000000000004,0.3309969394505424,0,111,2243,2840,8,0.022
1315,0.68,6,0.5000000000000004,0.8698914973790529,0,7,2261,1937,5,0.951
1316,0.65,15,0.2857142857142859,0.7429492302798539,0,17,266,1788,3,0.382
1317,0.68,12,0.5000000000000004,0.7748337045592015,0,13,104,1795,1,0.16
1318,0.68,37,0.5000000000000004,0.6101228340100611,0,38,2830,2055,2,0.999
1319,0.64,60,0.21428571428571447,0.5374462023160376,0,60,43,1776,6,0.12
1320,0.68,15,0.5000000000000004,0.7429492302798539,0,16,190,644,4,0.438
1321,0.68,12,0.5000000000000004,0.7748337045592015,0,13,766,1503,4,0.999
1322,0.67,23,0.42857142857142894,0.6806872318170163,0,24,2571,880,8,0.999
1323,0.66,40,0.35714285714285743,0.5984546674308676,0,42,2532,2196,4,0.529
1324,0.68,355,0.5000000000000004,0.26656295311618605,0,118,2367,4970,2,0.06
1325,0.66,90,0.35714285714285743,0.4760256140810889,0,82,2074,1193,7,0.354
